playerID,name,PA,H,HR,BB,SB,fielding_WAR,formula_WAR,real_WAR,rank_formula,rank_real
bondsba01,Barry Bonds,12606.0,2935,762,2558,514.0,-14.23395100784856,181.74404899215145,162.78,1,2
ruthba01,Babe Ruth,10616.0,2873,714,2062,123.0,-12.691199557423708,178.25896710924303,182.62,2,1
cobbty01,Ty Cobb,13071.0,4189,117,1249,896.0,2.1703914143314904,170.1223914143315,149.84,3,4
mayswi01,Willie Mays,12541.0,3293,660,1468,339.0,12.950625334512178,159.09845866784548,156.18,4,3
speaktr01,Tris Speaker,11988.0,3514,117,1381,432.0,17.519154908902486,158.00615490890252,136.07,5,6
willite01,Ted Williams,9791.0,2654,521,2021,24.0,-10.54587594474454,157.58379072192218,121.73,6,11
musiast01,Stan Musial,12712.0,3630,475,1599,78.0,-15.201497440612133,147.04183589272122,128.54,7,8
aaronha01,Hank Aaron,13940.0,3771,755,1402,240.0,-12.37087685449941,142.3097898121672,143.22,8,5
rodrial01,Alex Rodriguez,12207.0,3115,696,1338,329.0,2.4658883423590527,141.62838834235907,117.41,9,12
wagneho01,Honus Wagner,11748.0,3420,101,963,723.0,15.020126590161436,136.04162659016146,132.75,10,7
hornsro01,Rogers Hornsby,9475.0,2930,301,1038,135.0,4.262927334145369,134.3587606674787,127.39999999999999,11,9
collied01,Eddie Collins,12037.0,3315,47,1499,741.0,12.219504351742126,133.69633768507543,123.71,12,10
henderi01,Rickey Henderson,13346.0,3055,297,2190,1406.0,-2.4620796311908295,130.89658703547585,111.17999999999999,13,14
gehrilo01,Lou Gehrig,9660.0,2721,493,1508,102.0,-20.190905286853994,130.41409471314597,113.51,14,13
mantlmi01,Mickey Mantle,9909.0,2415,536,1733,153.0,-2.597323124459571,126.4691768755404,110.25999999999999,15,16
foxxji01,Jimmie Foxx,9670.0,2646,534,1452,87.0,-14.808490160989711,123.97934317234362,92.72,16,29
ottme01,Mel Ott,11337.0,2876,511,1708,89.0,-12.575191648933458,123.48030835106655,110.71000000000001,17,15
pujolal01,Albert Pujols,13041.0,3384,703,1373,117.0,-18.432249667201138,121.2932503327988,101.17,18,20
griffke02,Ken Griffey,11304.0,2781,630,1312,184.0,-0.4292502698181508,117.34174973018187,83.82,19,37
schmimi01,Mike Schmidt,10062.0,2234,548,1507,174.0,10.245425693069933,116.13642569306997,106.88000000000001,20,19
robinfr02,Frank Robinson,11743.0,2943,586,1420,204.0,-15.939595636496353,115.56873769683705,107.24000000000001,21,18
jonesch06,Chipper Jones,10614.0,2726,468,1512,150.0,-8.296230688231194,113.90976931176883,85.26,22,33
lajoina01,Nap Lajoie,10461.0,3243,82,516,380.0,17.30201279545639,113.10701279545637,108.7,23,17
gehrich01,Charlie Gehringer,10237.0,2839,184,1186,181.0,9.613287488324973,112.34812082165828,84.6,24,34
ramirma02,Manny Ramirez,9774.0,2574,555,1329,38.0,-19.066432446233897,109.7075675537661,69.33,25,74
morgajo02,Joe Morgan,11329.0,2517,268,1865,689.0,1.8903155448372018,106.44514887817056,100.59,26,21
dimagjo01,Joe DiMaggio,7671.0,2214,361,790,30.0,9.139544394227634,105.29454439422764,78.92,27,41
hamilbi01,Billy Hamilton,7608.0,2164,40,1189,914.0,0.6754173862850259,104.61941738628502,63.93,28,107
boggswa01,Wade Boggs,10740.0,3010,118,1412,24.0,1.5288548317654351,103.89285483176548,91.44000000000001,29,30
yastrca01,Carl Yastrzemski,13991.0,3419,452,1845,168.0,-17.061060071579185,103.68860659508755,96.41,30,22
thomeji01,Jim Thome,10313.0,2328,612,1747,19.0,-20.532870428813716,103.07429623785292,72.94,31,58
thomafr04,Frank Thomas,10074.0,2468,521,1667,32.0,-25.620403637449435,103.01959636255056,73.82,32,57
sheffga01,Gary Sheffield,10947.0,2689,509,1475,253.0,-15.795629167841863,102.54787083215813,60.54,33,124
heltoto01,Todd Helton,9450.0,2519,369,1335,37.0,-12.486482838865518,102.04801716113447,61.769999999999996,34,117
delahed01,Ed Delahanty,8400.0,2597,101,742,456.0,-0.4542716152281486,101.73472838477184,70.43,35,68
cabremi01,Miguel Cabrera,11796.0,3174,511,1258,40.0,-19.64158904236636,101.44141095763366,67.23,36,89
brettge01,George Brett,11624.0,3154,317,1096,201.0,-3.01465369360384,101.06951297306283,88.61,37,32
bagweje01,Jeff Bagwell,9431.0,2314,449,1401,202.0,-13.451419630541366,100.8092470361253,79.88,38,39
wanerpa01,Paul Waner,10762.0,3152,113,1091,104.0,-6.9656309113036965,100.07970242202967,74.55,39,55
applilu01,Luke Appling,10243.0,2749,45,1302,179.0,21.65648469361177,100.0533180269451,76.95,40,47
matheed01,Eddie Mathews,10101.0,2315,512,1444,68.0,0.5091075297142996,99.16310752971432,96.01,41,23
simmoal01,Al Simmons,9515.0,2927,307,615,88.0,-0.16735420063707168,98.84131246602962,68.24,42,84
beltrad01,Adrian Beltre,12130.0,3166,477,848,121.0,8.278824823121678,98.83465815645505,93.72,43,27
ripkeca01,Cal Ripken,12883.0,3184,431,1129,36.0,13.383615052874017,97.18394838620733,95.92999999999999,44,24
kalinal01,Al Kaline,11597.0,3007,399,1277,137.0,-7.171713135439146,97.04745353122748,92.78999999999999,45,28
jeterde01,Derek Jeter,12602.0,3465,260,1082,358.0,-5.685325162810879,97.03834150385579,71.29,46,63
troutmi01,Mike Trout,7201.0,1754,404,1067,214.0,1.8902033091028323,96.25753664243618,91.15,47,31
biggicr01,Craig Biggio,12503.0,3060,291,1160,414.0,1.71243069472967,95.65009736139629,65.49,48,96
palmera01,Rafael Palmeiro,12046.0,3020,569,1353,97.0,-21.929038944500483,95.57479438883286,71.87,49,61
burkeje01,Jesse Burkett,9620.0,2850,75,1029,389.0,-5.408144259945577,94.57202240672108,60.82,50,122
beltrca01,Carlos Beltran,11031.0,2725,435,1084,312.0,-0.8286760447964212,93.50732395520357,70.03,51,72
rosepe01,Pete Rose,15861.0,4256,160,1566,198.0,-15.808488421266986,92.99351157873303,79.61,52,40
gosligo01,Goose Goslin,9822.0,2735,248,949,175.0,-3.915180401176259,92.58931959882374,65.78,53,95
friscfr01,Frankie Frisch,10100.0,2880,105,728,419.0,14.536254085779182,92.41442075244586,71.7,54,62
cronijo01,Joe Cronin,8838.0,2285,170,1059,87.0,13.240059367089255,92.37755936708929,64.64,55,99
piazzmi01,Mike Piazza,7745.0,2127,427,759,17.0,9.566833745590705,92.34300041225738,59.56,56,134
ashburi01,Richie Ashburn,9736.0,2574,29,1198,234.0,21.16002201486784,92.09635534820117,64.31,57,103
careyma01,Max Carey,10770.0,2665,70,1040,738.0,18.43382355593498,91.74182355593501,55.68,58,159
yountro01,Robin Yount,12249.0,3142,251,966,271.0,14.227858751056095,91.19435875105607,77.36,59,45
vottojo01,Joey Votto,8746.0,2135,356,1365,80.0,-7.943151025469858,90.83418230786347,63.64,60,109
molitpa01,Paul Molitor,12160.0,3319,234,1094,504.0,-9.978524178737862,90.64080915459547,75.7,61,51
clarkfr01,Fred Clarke,9838.0,2678,67,875,509.0,3.0016547313182245,90.48248806465155,69.06,62,76
davisge01,George Davis,10178.0,2665,73,874,619.0,14.540611060066487,90.40477772673317,84.35000000000001,63,35
walkela01,Larry Walker,8030.0,2160,383,913,230.0,-10.804320792349191,90.0693458743175,72.74,64,59
ansonca01,Cap Anson,11331.0,3435,97,984,277.0,-14.815368714432491,88.31713128556751,94.33,65,26
guerrvl01,Vladimir Guerrero,9059.0,2590,449,737,181.0,-12.611180500000604,88.08898616666605,59.46,66,136
dahlebi01,Bill Dahlen,10405.0,2461,84,1064,548.0,19.18610710048615,87.94444043381945,74.94,67,54
vaughar01,Arky Vaughan,7721.0,2103,96,937,118.0,12.448628802544329,87.04529546921098,77.71,68,44
kentje01,Jeff Kent,9537.0,2461,377,801,94.0,4.563766709964119,87.00376670996411,55.43,69,164
edmonji01,Jim Edmonds,7980.0,1949,393,998,67.0,4.849074041826656,86.28157404182664,60.4,70,126
alomaro01,Roberto Alomar,10400.0,2724,210,1032,474.0,-0.2750482570755498,86.18961840959108,67.01,71,91
abreubo01,Bobby Abreu,10081.0,2470,288,1476,400.0,-15.883056990089074,86.11327634324424,60.19,72,129
rodriiv01,Ivan Rodriguez,10270.0,2844,311,513,127.0,17.543153285075327,86.02198661840865,68.71000000000001,73,78
martied01,Edgar Martinez,8672.0,2247,309,1283,49.0,-16.52446894184522,84.77069772482143,68.42,74,82
ortizda01,David Ortiz,10091.0,2472,541,1319,17.0,-26.860836292408823,84.69133037425783,55.04,75,168
rolensc01,Scott Rolen,8518.0,2077,316,899,118.0,8.77567339670459,84.6420067300379,70.12,76,70
snidedu01,Duke Snider,8237.0,2116,407,971,99.0,-3.610601386364047,84.60556528030264,65.99000000000001,77,93
larkiba01,Barry Larkin,9057.0,2340,198,939,379.0,8.551697875315961,84.22819787531596,70.53,78,67
averiea01,Earl Averill,7215.0,2019,238,774,70.0,4.766679645502089,84.07167964550209,51.45,79,196
heilmha01,Harry Heilmann,8960.0,2660,183,856,113.0,-15.715368835285886,84.04979783138076,72.35,80,60
willibe02,Bernie Williams,9053.0,2336,287,1069,147.0,1.541542719498834,84.03170938616549,49.589999999999996,81,215
broutda01,Dan Brouthers,7691.0,2303,107,840,257.0,-13.366427582522878,83.9487390841438,78.66,82,42
santoro01,Ron Santo,9396.0,2254,342,1108,35.0,8.23421079120311,82.71271079120312,70.53999999999999,83,66
fiskca01,Carlton Fisk,9853.0,2356,376,849,128.0,14.568334120969974,82.66266745430333,68.45,84,80
johnsbo01,Bob Johnson,8047.0,2051,288,1075,96.0,-0.2130250202356116,82.41930831309772,55.47,85,163
killeha01,Harmon Killebrew,9831.0,2086,573,1559,19.0,-13.871720612819917,82.01077938718008,60.44,86,125
sosasa01,Sammy Sosa,9896.0,2408,609,929,234.0,-9.461232609021696,81.876434057645,58.6,87,140
canoro01,Robinson Cano,9550.0,2639,335,620,51.0,5.239386551111801,81.77121988444514,68.72,88,77
murraed02,Eddie Murray,12817.0,3255,504,1333,110.0,-23.887900769856007,81.75043256347729,68.67,89,79
raineti01,Tim Raines,10359.0,2605,170,1330,808.0,-14.216626226992037,80.56537377300796,69.46,90,73
mcphebi01,Bid McPhee,9429.0,2258,53,982,568.0,19.637516427000186,80.14051642700016,52.75,91,188
jacksre01,Reggie Jackson,11416.0,2584,563,1375,228.0,-16.818040685957907,80.08129264737542,74.03,92,56
connoro01,Roger Connor,8847.0,2467,138,1002,244.0,-12.911218378309268,80.07178162169073,84.24,93,36
freemfr01,Freddie Freeman,9363.0,2431,367,1070,104.0,-16.85789637191315,79.92710362808685,67.45,94,88
mcgwima01,Mark McGwire,7660.0,1626,583,1317,12.0,-16.711145522445833,79.54818781088753,62.15,95,116
kellejo01,Joe Kelley,8139.0,2220,65,911,443.0,-4.417761987751039,79.30973801224897,50.57,96,204
gwynnto01,Tony Gwynn,10232.0,3141,135,790,319.0,-13.233814920772193,79.14735174589445,69.15,97,75
charlos99,Oscar Charleston,5725.0,1718,183,647,311.0,-4.391528142029525,79.0893051913038,46.790000000000006,98,247
winfida01,Dave Winfield,12358.0,3110,465,1216,223.0,-19.0820878462782,79.00774548705515,64.2,99,105
berkmla01,Lance Berkman,7813.0,1905,366,1201,86.0,-13.2830219905154,78.69131134281795,51.96,100,192
doerrbo01,Bobby Doerr,8028.0,2042,223,809,54.0,17.65819825744505,78.22019825744505,51.24,101,198
dickebi01,Bill Dickey,7060.0,1969,202,678,37.0,13.288333333333336,78.18716666666667,56.230000000000004,102,155
mcgrifr01,Fred McGriff,10174.0,2490,493,1305,72.0,-21.769407970736456,78.14892536259686,52.6,103,190
loftoke01,Kenny Lofton,9234.0,2428,130,945,622.0,3.161677568169665,77.54867756816968,68.39,104,83
delgaca01,Carlos Delgado,8657.0,2038,473,1109,14.0,-18.44773355955534,77.45593310711132,44.36,105,291
cuyleki01,Kiki Cuyler,8098.0,2299,128,676,328.0,-1.8984207264550803,76.99791260687827,47.989999999999995,106,229
hartnga01,Gabby Hartnett,7297.0,1912,236,703,28.0,12.742949333218283,76.8612826665516,55.28,107,166
carewro01,Rod Carew,10550.0,3053,92,1018,353.0,-10.496158360553872,76.7230083061128,81.19,108,38
ryanji01,Jimmy Ryan,9124.0,2513,118,804,419.0,-3.7730997217184887,76.66373361161489,44.48,109,287
wheatza01,Zack Wheat,9996.0,2884,132,650,205.0,-1.2758151704794707,76.62668482952054,60.22,110,128
cochrmi01,Mickey Cochrane,6206.0,1652,119,857,64.0,11.738619888556169,76.57028655522286,49.75,111,212
evansda01,Darrell Evans,10737.0,2223,414,1605,98.0,0.15730677144606348,76.55630677144607,58.72,112,139
vanhage01,George Van Haltren,9017.0,2544,69,871,583.0,-4.127380929691902,76.40178573697474,40.06,113,365
bartedi01,Dick Bartell,8743.0,2165,79,748,109.0,26.2087143596835,76.19054769301684,41.39,114,345
benchjo01,Johnny Bench,8669.0,2048,389,891,68.0,11.43705650794018,75.87072317460681,75.14,115,52
duffyhu01,Hugh Duffy,7841.0,2293,106,664,574.0,-2.42479256037157,75.80287410629514,43.14,116,309
clemero01,Roberto Clemente,10212.0,3000,240,621,83.0,-6.0747717862406665,75.77272821375935,94.96000000000001,117,25
berrayo01,Yogi Berra,8364.0,2150,358,704,30.0,10.932329543647935,75.73332954364794,59.54,118,135
whitalo01,Lou Whitaker,9967.0,2369,244,1197,143.0,5.3691861790871815,75.40601951242051,75.1,119,53
giambja01,Jason Giambi,8908.0,2010,440,1366,20.0,-22.424667572157798,75.39466576117555,50.5,120,206
evansdw01,Dwight Evans,10569.0,2446,385,1391,78.0,-13.701646672347646,75.38635332765234,67.16,121,90
mccovwi01,Willie McCovey,9686.0,2211,521,1345,26.0,-20.297037813586392,74.98162885308028,64.52,122,102
seweljo01,Joe Sewell,8329.0,2226,49,842,74.0,12.765460855846351,74.36079418917966,54.86,123,170
damonjo01,Johnny Damon,10917.0,2769,235,1003,408.0,-3.124500803706289,74.35249919629369,56.33,124,154
gilesbr02,Brian Giles,7835.0,1897,287,1183,109.0,-9.640257917147073,74.32690874951962,51.089999999999996,125,200
tejadmi01,Miguel Tejada,9203.0,2407,307,553,85.0,13.817902348304642,74.2910690149713,47.13,126,242
goldspa01,Paul Goldschmidt,8804.0,2190,372,1086,174.0,-14.005233798416976,73.93443286824967,65.0,127,97
reesepe01,Pee Wee Reese,9470.0,2170,126,1210,232.0,16.099820142857862,73.79748680952454,68.44,128,81
greenha01,Hank Greenberg,6096.0,1628,331,852,58.0,-9.992471973948502,73.69152802605151,55.37,129,165
jonesan01,Andruw Jones,8664.0,1933,434,891,152.0,7.011097771589327,73.5180977715893,62.71,130,112
arenano01,Nolan Arenado,7512.0,1921,353,577,31.0,12.096964191583064,73.11846419158304,60.04,131,130
dobyla01,Larry Doby,6920.0,1697,273,945,64.0,3.694561150104819,72.9952278167715,56.78,132,149
sandbry01,Ryne Sandberg,9282.0,2386,282,761,344.0,6.112674537717059,72.88067453771706,67.95,133,86
bankser01,Ernie Banks,10395.0,2583,512,763,50.0,-4.879924119849348,72.79307588015061,67.8,134,87
mizejo01,Johnny Mize,7371.0,2011,359,856,28.0,-16.24941576600323,72.50658423399676,70.39,135,69
gonzalu01,Luis Gonzalez,10531.0,2591,354,1155,128.0,-17.946054271237028,72.01127906209635,51.67,136,194
willibi01,Billy Williams,10519.0,2711,426,1045,90.0,-19.488552303699542,71.75878102963375,63.65,137,108
posadjo01,Jorge Posada,7150.0,1664,275,936,20.0,9.22613110433149,71.55646443766483,42.68,138,314
hoydu01,Billy Hoy,8385.0,2048,40,1006,596.0,3.7677491882133936,71.2387491882134,33.12,139,510
hermabi01,Billy Herman,8641.0,2345,47,737,67.0,15.028236816382474,71.20407014971579,57.41,140,147
kleinch01,Chuck Klein,7168.0,2076,300,601,79.0,-6.941207854730047,71.1066254786033,46.31,141,255
harpebr03,Bryce Harper,7665.0,1801,363,1105,152.0,-10.99715160459932,70.80884839540067,56.72,142,150
ricesa01,Sam Rice,10246.0,2987,34,708,351.0,-4.92827645552208,70.67655687781122,54.699999999999996,143,172
simmote01,Ted Simmons,9685.0,2472,248,855,21.0,7.541061133590313,70.57889446692364,50.37,144,208
mccutan01,Andrew McCutchen,9705.0,2266,332,1183,220.0,-8.335528906734519,70.31447109326548,48.58,145,221
bancrda01,Dave Bancroft,8244.0,2004,32,827,145.0,31.73016782508343,70.30566782508342,50.43,146,207
puckeki01,Kirby Puckett,7831.0,2304,207,450,134.0,6.727411831134336,70.29074516446768,51.13,147,199
smithoz01,Ozzie Smith,10778.0,2460,28,1072,580.0,28.286328387005632,70.11199505367232,76.92,148,48
bettsmo01,Mookie Betts,6936.0,1767,291,736,196.0,0.6452887221670374,69.71228872216702,77.24,149,46
olerujo01,John Olerud,9063.0,2239,255,1275,11.0,-16.727966321836277,69.6475336781637,58.14,150,142
grichbo01,Bobby Grich,8220.0,1833,224,1087,104.0,10.389328041819477,69.32532804181952,71.08,151,64
burksel01,Ellis Burks,8176.0,2107,352,793,181.0,-7.316625000903903,69.22620833242941,49.81,152,211
cliftha01,Harlond Clift,6894.0,1558,178,1070,69.0,10.606857264635018,69.20035726463502,41.5,153,341
cartega01,Gary Carter,9019.0,2092,324,848,39.0,14.576265430523643,69.17909876385697,70.11,154,71
hackst01,Stan Hack,8506.0,2193,57,1092,165.0,2.8338893541291887,69.15072268746252,54.949999999999996,155,169
sislege01,George Sisler,9013.0,2812,102,472,375.0,-10.673166159301127,69.14066717403219,57.65,156,144
lynnfr01,Fred Lynn,7923.0,1960,306,857,72.0,2.511895059601616,69.06989505960159,50.17,157,210
childcu01,Cupid Childs,6766.0,1721,20,991,269.0,7.657746614403782,68.88457994773712,44.15,158,297
smithre06,Reggie Smith,8050.0,2020,314,890,137.0,-2.1151867429564213,68.85364659037694,64.58,159,101
griffmi01,Mike Griffin,6848.0,1755,42,809,473.0,7.183220018114769,68.54438668478143,40.87,160,351
allendi01,Dick Allen,7314.0,1848,351,894,133.0,-9.413813118389788,68.3856868816102,58.79,161,138
yosted01,Eddie Yost,9175.0,1863,139,1614,72.0,4.442669426771924,68.19700276010528,35.11,162,459
medwijo01,Joe Medwick,8142.0,2471,205,437,42.0,-5.021855708808832,68.19014429119116,54.22,163,175
wrighda03,David Wright,6870.0,1777,242,762,196.0,2.131503711490866,67.99950371149086,49.13,164,218
roushed01,Edd Roush,8156.0,2376,68,484,268.0,5.156581680304718,67.98824834697139,45.88,165,261
dawsoan01,Andre Dawson,10769.0,2774,438,589,314.0,-8.23540479118669,67.96726187547998,64.82000000000001,166,98
kinerra01,Ralph Kiner,6256.0,1451,369,1011,22.0,-5.576271275500337,67.63506205783301,48.11,167,227
machama01,Manny Machado,8195.0,2069,369,663,113.0,5.189122043159481,67.55928870982616,62.7,168,113
traynpi01,Pie Traynor,8293.0,2416,58,472,158.0,9.25907544371514,67.4864087770485,38.67,169,387
maranra01,Rabbit Maranville,11256.0,2605,28,839,291.0,36.699197400627796,67.45369740062779,44.19,170,296
venturo01,Robin Ventura,8271.0,1885,294,1075,24.0,6.132511949805716,66.95451194980573,56.1,171,156
wellswi99,Willie Wells,4677.0,1319,145,497,176.0,9.228656816901916,66.9496568169019,54.6,172,173
butlebr01,Brett Butler,9545.0,2375,54,1129,558.0,4.788309529153837,66.90697619582046,49.73,173,213
torrejo01,Joe Torre,8801.0,2342,252,779,23.0,-0.09364731727685616,66.78951934938979,57.65,174,144
kendaja01,Jason Kendall,8701.0,2195,75,721,189.0,15.73720781459399,66.77704114792732,41.66,175,338
sheckji01,Jimmy Sheckard,9118.0,2084,56,1135,465.0,0.8431464604592321,66.7269797937926,49.58,176,216
utleych01,Chase Utley,7863.0,1885,259,724,154.0,2.4771710489688683,66.72517104896886,64.62,177,100
finlest01,Steve Finley,10460.0,2548,304,844,320.0,0.560449301484438,66.50811596815113,44.24,178,294
hunteto01,Torii Hunter,9692.0,2452,353,661,195.0,2.3976032850069005,66.44476995167356,50.64,179,203
stargwi01,Willie Stargell,9026.0,2232,475,937,17.0,-20.385676084771802,66.24549058189488,57.64,180,146
ramirar01,Aramis Ramirez,8986.0,2303,386,633,29.0,-4.047534113072112,66.15529922026121,32.339999999999996,181,531
mageesh01,Sherry Magee,8546.0,2169,83,736,441.0,-1.1680362558277644,66.03513041083892,59.97,182,131
minosmi01,Minnie Miñoso,8230.0,2113,195,848,216.0,-7.258287710518952,65.97104562281439,53.26,183,182
crawfsa01,Sam Crawford,10594.0,2961,97,760,366.0,-18.247137045726284,65.954196287607,75.92999999999999,184,50
judgeaa01,Aaron Judge,4995.0,1205,368,817,65.0,-4.87483325912578,65.86966674087421,64.23,185,104
mauerjo01,Joe Mauer,7960.0,2123,143,939,52.0,-1.0352898179064218,65.84804351542688,55.59,186,161
steartu99,Turkey Stearnes,4498.0,1372,195,429,141.0,-0.8501426896372439,65.83169064369609,54.82,187,171
myerbu01,Buddy Myer,8187.0,2131,38,965,156.0,5.847477903180161,65.78547790318017,48.29,188,225
belleal01,Albert Belle,6673.0,1726,381,683,88.0,-8.235026061305962,65.64830727202737,40.06,189,365
elliobo01,Bob Elliott,8190.0,2061,170,967,60.0,1.220104009376368,65.58610400937638,50.81,190,202
robinbr01,Brooks Robinson,11782.0,2848,268,860,28.0,13.144218601332529,65.1945519346659,78.32000000000001,191,43
trammal01,Alan Trammell,9375.0,2365,185,850,236.0,6.704470353044516,65.18747035304449,70.64,192,65
dykesji01,Jimmy Dykes,9347.0,2256,108,958,70.0,7.964466885144693,65.12913355181135,34.71,193,469
robinja02,Jackie Robinson,5948.0,1568,141,756,203.0,1.098607330123659,64.93277399679033,64.08,194,106
manushe01,Heinie Manush,8416.0,2524,110,506,114.0,-8.495770322835387,64.84956301049795,48.089999999999996,195,228
keelewi01,Willie Keeler,9610.0,2932,33,524,495.0,-16.002389609422817,64.5764437239105,55.28,196,166
bellbu01,Buddy Bell,10009.0,2514,201,836,55.0,12.304497311128731,64.45533064446207,66.34,197,92
clarkwi02,Will Clark,8283.0,2176,284,937,67.0,-16.28371301151862,64.3347869884814,56.480000000000004,198,152
boudrlo01,Lou Boudreau,7023.0,1779,68,796,51.0,14.282506205672178,64.1940062056722,63.01,199,110
camermi01,Mike Cameron,7884.0,1700,278,867,297.0,9.71212232435795,64.06162232435794,46.68,200,250
altuvjo01,Jose Altuve,8696.0,2388,255,655,325.0,-8.11411821739949,63.795048449267185,53.56,201,180
hollima01,Matt Holliday,7981.0,2096,316,802,108.0,-16.111923653202506,63.75140968013081,44.44,202,288
willicy01,Cy Williams,7720.0,1981,251,690,115.0,2.113993492150749,63.72182682548406,36.86,203,428
slaugen01,Enos Slaughter,9084.0,2383,169,1018,71.0,-13.083324887532166,63.706175112467804,57.35,204,148
nettlgr01,Graig Nettles,10226.0,2225,390,1088,32.0,8.685353252654968,63.51001991932164,67.97,205,85
lazzeto01,Tony Lazzeri,7303.0,1840,178,869,148.0,-0.02355001716525216,63.347783316168076,47.49,206,236
longhe01,Herman Long,8505.0,2129,91,612,537.0,14.171466268784474,63.09796626878449,36.93,207,426
riceji01,Jim Rice,9058.0,2452,382,670,58.0,-14.55929912403164,62.877034209301655,47.660000000000004,208,235
jacksjo01,Shoeless Joe Jackson,5690.0,1772,54,519,202.0,-4.914169519206014,62.85049714746064,61.47,209,120
stephve01,Vern Stephens,7240.0,1859,247,692,25.0,9.053087582756099,62.52792091608943,46.29,210,256
suzukic01,Ichiro Suzuki,10734.0,3089,117,647,509.0,-6.011985720526467,62.40451427947353,59.97,211,131
phillto02,Tony Phillips,9110.0,2023,160,1319,177.0,2.722183883482443,62.36535055014913,50.91,212,201
mcgrajo01,John McGraw,4940.0,1309,13,836,436.0,-1.3744943992194387,62.360172267447204,47.67,213,234
kinslia01,Ian Kinsler,8299.0,1999,257,693,243.0,8.21470649482829,62.35253982816162,53.82,214,178
wilsoha01,Hack Wilson,5556.0,1461,244,674,52.0,-1.5427557117134285,62.158244288286575,38.690000000000005,215,385
boyerke01,Ken Boyer,8268.0,2143,282,713,105.0,2.3812616432056695,62.01876164320568,62.83,216,111
combsea01,Earle Combs,6507.0,1866,58,670,96.0,2.7178959903215967,61.9768959903216,44.94,217,275
vizquom01,Omar Vizquel,12013.0,2877,80,1028,404.0,14.241009399160003,61.91434273249333,45.589999999999996,218,264
salmoti01,Tim Salmon,7039.0,1674,299,970,48.0,-7.462500395510686,61.81383293782263,40.589999999999996,219,356
bondsbo01,Bobby Bonds,8090.0,1886,332,914,461.0,-5.626972363024607,61.75519430364204,57.86,220,143
gracema01,Mark Grace,9290.0,2445,173,1075,70.0,-14.841233299532206,61.75243336713447,46.43,221,253
ramirjo01,Jose Ramirez,6757.0,1668,285,666,287.0,-0.9037465806495473,61.725086752683794,59.76,222,133
terrybi01,Bill Terry,7111.0,2193,154,537,56.0,-11.072781259620243,61.72355207371307,56.46,223,153
otisam01,Amos Otis,8246.0,2020,193,757,341.0,6.928662849550929,61.502829516217595,42.78,224,312
braunry02,Ryan Braun,7329.0,1963,352,586,216.0,-11.831856842620216,61.44514315737977,47.17,225,240
pinsova01,Vada Pinson,10403.0,2757,256,574,305.0,-0.669626621037122,61.41954004562954,54.09,226,176
tulowtr01,Troy Tulowitzki,5415.0,1391,225,511,57.0,14.017362903128452,61.29286290312844,44.78,227,280
lemonch01,Chet Lemon,7872.0,1875,215,749,58.0,7.328934555129408,61.26693455512941,55.63,228,160
rolliji01,Jimmy Rollins,10240.0,2455,231,813,470.0,3.256041651887567,61.23637498522087,47.93,229,231
camparo01,Roy Campanella,5752.0,1427,260,608,39.0,10.470467144788216,61.154300478121556,41.660000000000004,230,337
chapmbe01,Ben Chapman,7420.0,1958,90,824,287.0,-0.09071531629621177,61.072118017037134,42.459999999999994,231,317
ordonma01,Magglio Ordonez,7742.0,2156,294,651,94.0,-10.706202403306879,61.065464263359786,38.79,232,382
murphda05,Dale Murphy,9040.0,2111,398,986,161.0,-7.0872684714573255,61.024564861875966,46.51,233,252
aloumo01,Moises Alou,7913.0,2134,332,737,106.0,-16.42470936781541,61.01495729885122,39.88,234,368
gonzaju03,Juan Gonzalez,7155.0,1936,434,457,26.0,-9.403767999984916,60.92523200001506,38.68,235,386
gibsojo99,Josh Gibson,3211.0,1007,197,400,44.0,4.262430970998742,60.84276430433206,40.91,236,350
garcino01,Nomar Garciaparra,6116.0,1747,229,403,95.0,1.9880797724701593,60.79824643913683,44.28,237,292
becklja01,Jake Beckley,10517.0,2938,87,616,315.0,-18.507082787613296,60.647083879053355,61.36,238,121
thompsa01,Sam Thompson,6526.0,1988,126,452,232.0,-8.929118428526719,60.55821490480663,44.38,239,290
dimagdo01,Dom DiMaggio,6478.0,1680,87,750,100.0,11.853260681026985,60.432594014360305,33.49,240,499
cedence01,Cesar Cedeno,8133.0,2087,199,664,550.0,0.1416806707562138,60.37868067075622,53.03,241,187
wynnji01,Jim Wynn,8010.0,1665,291,1224,225.0,-1.1513348500736378,60.23016514992637,55.93,242,157
ceyro01,Ron Cey,8344.0,1868,316,1012,24.0,1.0693623762528641,60.1536957095862,53.71,243,179
longoev01,Evan Longoria,8206.0,1930,342,730,58.0,2.4431735972586632,59.99150693059197,58.93,244,137
willike01,Ken Williams,5616.0,1552,196,566,154.0,-0.13560920839511398,59.9723907916049,42.58,245,315
ramirha01,Hanley Ramirez,7127.0,1834,271,660,281.0,-3.168473543479082,59.91369312318757,38.28,246,400
cansejo01,Jose Canseco,8129.0,1877,462,906,200.0,-14.496195747712736,59.783470918953924,42.349999999999994,247,323
bonilbo01,Bobby Bonilla,8255.0,2010,287,912,45.0,-5.317180338744251,59.75298632792241,30.240000000000002,248,573
randowi01,Willie Randolph,9462.0,2210,54,1243,271.0,5.365126468425678,59.50362646842565,65.94,249,94
lindofr01,Francisco Lindor,6848.0,1664,279,588,216.0,5.670605570610927,59.3422722372776,56.63,250,151
francju01,Julio Franco,9731.0,2586,173,917,281.0,-8.70529088030919,59.144875786357474,43.56,251,305
downibr01,Brian Downing,9309.0,2099,275,1197,50.0,-8.51921829245648,59.12778170754352,51.519999999999996,252,195
jennihu01,Hughie Jennings,5648.0,1526,18,347,359.0,9.459221909419853,59.104388576086535,42.4,253,318
grandcu01,Curtis Granderson,8306.0,1800,344,924,153.0,-0.3195371489680127,59.070629517698634,47.47,254,237
youngmi02,Michael Young,8612.0,2375,185,575,90.0,1.9096679855198206,58.938334652186484,24.669999999999998,255,764
bakerfr01,Home Run Baker,6660.0,1838,96,473,235.0,8.225972717814374,58.89747271781437,62.61,256,114
schanwa01,Wally Schang,6423.0,1506,59,849,121.0,9.831695989516179,58.80519598951615,48.32,257,224
jackstr01,Travis Jackson,6679.0,1768,135,412,71.0,19.39445834757607,58.7802916809094,44.04,258,299
dunnad01,Adam Dunn,8328.0,1631,462,1317,63.0,-15.370204647384881,58.5282953526151,17.96,259,1074
perezto01,Tony Perez,10861.0,2732,379,925,49.0,-17.62641531492118,58.52241801841215,53.94,260,177
leede02,Derrek Lee,7963.0,1959,331,874,104.0,-13.06107444776325,58.327258885570096,34.58,261,474
bergewa01,Wally Berger,5663.0,1550,242,435,36.0,5.03557001633955,58.28923668300619,42.34,262,324
bellja01,Jay Bell,8525.0,1963,195,853,91.0,8.933263269290283,58.216429935956924,37.16,263,420
clarkja01,Jack Clark,8225.0,1826,340,1262,77.0,-15.940312756587668,58.13885391007902,53.08,264,185
fernato01,Tony Fernandez,8793.0,2276,94,690,246.0,9.852972271053648,58.12697227105362,45.3,265,270
stoveha01,Harry Stovey,6848.0,1775,122,664,509.0,-6.156344734814132,58.078821931852545,44.95,266,274
selbaki01,Kip Selbach,7102.0,1807,44,785,334.0,0.9048797106454884,58.02421304397883,36.91,267,427
harrato01,Toby Harrah,8766.0,1954,195,1153,238.0,0.834535358806081,58.01753535880607,51.43,268,197
wallabo01,Bobby Wallace,9612.0,2309,34,774,201.0,19.6797708399882,57.93227083998818,76.43,269,49
greensh01,Shawn Green,7962.0,2003,328,744,162.0,-11.260957122720423,57.93104287727957,34.730000000000004,270,468
hernake01,Keith Hernandez,8553.0,2182,162,1070,98.0,-11.879831484623004,57.84216851537701,60.35,271,127
baineha01,Harold Baines,11092.0,2866,384,1062,34.0,-26.844915967109632,57.74141736622371,38.77,272,383
mcmanma01,Marty McManus,7563.0,1926,120,675,126.0,8.211736366107846,57.555736366107865,34.12,273,483
veachbo01,Bobby Veach,7557.0,2063,64,571,195.0,0.7379536379949272,57.410453637994934,49.1,274,219
willima04,Matt Williams,7595.0,1878,378,469,53.0,6.774581692346184,57.36874835901283,46.6,275,251
gordojo01,Joe Gordon,6536.0,1530,253,759,89.0,7.148046560894047,57.26321322756072,55.5,276,162
konerpa01,Paul Konerko,9505.0,2340,439,921,9.0,-21.004532976811667,57.254300356521654,28.04,277,643
hermaba01,Babe Herman,6226.0,1818,181,520,94.0,-10.019784980989977,57.21454835234336,39.5,278,372
davisch01,Chili Davis,9996.0,2380,350,1194,142.0,-17.932756810983637,57.138243189016386,38.36000000000001,279,399
cashno01,Norm Cash,7910.0,1820,377,1043,43.0,-15.091706352847563,57.070460313819105,52.05,280,191
cruzne02,Nelson Cruz,8387.0,2053,464,738,84.0,-14.86768447586375,56.955982190802885,42.0,281,329
lankfra01,Ray Lankford,6674.0,1561,238,828,258.0,-0.7975834621243578,56.90608320454228,38.19,282,404
lombaer01,Ernie Lombardi,6349.0,1792,190,430,8.0,9.261666666666667,56.89299999999996,37.57,283,414
teixema01,Mark Teixeira,8029.0,1862,409,918,26.0,-16.70694723934293,56.8183860939904,50.519999999999996,284,205
foxne01,Nellie Fox,10349.0,2663,35,719,76.0,12.596561986675699,56.55622865334233,49.339999999999996,285,217
tiernmi01,Mike Tiernan,6732.0,1838,106,748,428.0,-13.885754401328347,56.551245598671656,41.46,286,343
staubru01,Rusty Staub,11229.0,2716,292,1255,47.0,-23.006424093916497,56.439075906083474,45.75,287,263
westsa01,Sam West,6972.0,1838,75,696,53.0,8.166884696794217,56.40238469679423,32.5,288,524
mccanbr01,Brian McCann,6850.0,1590,282,640,25.0,11.058063018301862,56.18889635163519,31.59,289,545
martivi01,Victor Martinez,8166.0,2153,246,730,7.0,-5.570481026095466,56.16901897390451,31.759999999999998,290,539
molinya01,Yadier Molina,8553.0,2168,176,542,71.0,16.837739840227545,56.165239840227535,41.589999999999996,291,339
durhara01,Ray Durham,8423.0,2054,192,820,273.0,-3.1788634218426863,56.16330324482395,33.84,292,491
kellyki01,King Kelly,6457.0,1813,69,549,368.0,0.5594454044228929,55.88177873775622,45.949999999999996,293,260
stantmi03,Giancarlo Stanton,7173.0,1619,453,805,42.0,-9.26805260684558,55.64094739315442,47.01,294,243
hodgegi01,Gil Hodges,8104.0,1921,370,943,63.0,-12.969693960257185,55.41313937307616,43.84,295,302
kellge01,George Kell,7528.0,2054,78,621,51.0,6.1120851188953065,55.40091845222863,37.57,296,414
oliveal01,Al Oliver,9778.0,2743,219,535,84.0,-10.015485651526664,55.39984768180666,43.64,297,303
parkeda01,Dave Parker,10184.0,2712,339,683,154.0,-16.247510653193263,55.39315601347339,40.12,298,363
gonzaad01,Adrian Gonzalez,8043.0,2050,317,782,6.0,-11.525607650942145,55.362392349057856,43.64,299,303
thomaro01,Roy Thomas,6575.0,1537,7,1042,244.0,5.747638362556134,55.1843050292228,41.809999999999995,300,333
wilsoju99,Jud Wilson,4377.0,1351,100,472,121.0,-3.1951010717717048,55.15239892822827,35.06,301,461
higgipi01,Pinky Higgins,7554.0,1941,140,800,61.0,1.9053491629400299,55.14684916294,25.77,302,728
colavro01,Rocky Colavito,7559.0,1730,374,951,19.0,-8.720532932192876,55.140633734473816,44.84,303,278
leachto01,Tommy Leach,9051.0,2143,63,820,361.0,9.105772217028417,55.114272217028415,48.13,304,226
brownpe01,Pete Browning,5315.0,1646,46,466,258.0,-1.4617706136112212,55.09989605305542,40.42,305,360
bottoji01,Jim Bottomley,8355.0,2313,219,664,58.0,-20.809628421204447,55.05637157879552,35.85,306,447
glaustr01,Troy Glaus,6355.0,1375,320,854,56.0,0.7050681431083181,55.046401476441645,38.06,307,409
bautijo02,Jose Bautista,7244.0,1496,344,1032,70.0,-5.426892664177375,55.025774002489285,36.78,308,431
soriaal01,Alfonso Soriano,8395.0,2095,412,496,289.0,-8.107518377713953,54.883314955619355,28.55,309,622
cepedor01,Orlando Cepeda,8695.0,2351,379,588,142.0,-18.29788978484313,54.79544354849023,50.18,310,209
ferreri01,Rick Ferrell,7072.0,1692,28,931,29.0,14.14,54.75583333333335,30.51,311,566
encared01,Edwin Encarnacion,8114.0,1832,424,903,61.0,-13.933083734759359,54.68608293190728,35.26,312,457
mckeaed01,Ed McKean,7626.0,2084,67,636,324.0,-2.5048321064400354,54.63716789355997,38.45,313,396
glassja01,Jack Glasscock,7552.0,2041,27,440,372.0,15.091579620774084,54.61791295410742,61.57,314,118
donaljo02,Josh Donaldson,5856.0,1310,279,725,40.0,4.209922066217782,54.47692206621777,46.81,315,245
kammwi01,Willie Kamm,6935.0,1643,29,824,126.0,12.749797164757876,54.455463831424524,35.54,316,451
galaran01,Andres Galarraga,8916.0,2333,399,583,128.0,-18.892220223257976,54.41677977674203,31.7,317,541
renteed01,Edgar Renteria,9066.0,2327,140,718,294.0,4.095608378267256,54.19560837826725,32.44,318,526
reyesjo01,Jose Reyes,8240.0,2138,145,589,517.0,0.9594024935924808,54.15356916025917,36.989999999999995,319,424
wanerll01,Lloyd Waner,8326.0,2459,27,420,67.0,8.882045794167539,54.14687912750087,29.669999999999998,320,586
gaettga01,Gary Gaetti,9817.0,2280,360,634,96.0,7.2563628629746,53.97069619630795,42.07,321,327
brocklo01,Lou Brock,11235.0,3023,149,761,938.0,-17.64041075301042,53.92058924698963,45.34,322,269
bushdo01,Donie Bush,8734.0,1804,9,1158,404.0,18.658157781480497,53.60649111481384,40.23,323,361
bogaexa01,Xander Bogaerts,7069.0,1822,197,593,126.0,2.676195302387449,53.51752863572076,43.370000000000005,324,307
galanau01,Augie Galan,7003.0,1706,100,979,123.0,-4.544277640002576,53.409555693330766,45.44,325,268
daviser01,Eric Davis,6147.0,1430,282,740,349.0,-3.5002704516299374,53.22322954837009,36.13,326,443
yelicch01,Christian Yelich,7025.0,1741,233,834,221.0,-9.642295354048446,53.10987131261819,44.97,327,273
caminke01,Ken Caminiti,7125.0,1710,239,727,88.0,3.7276430407290713,53.02964304072905,33.47,328,500
anderbr01,Brady Anderson,7737.0,1661,210,960,315.0,-4.4275895865608526,52.99091041343913,34.98,329,464
castivi02,Vinny Castilla,7384.0,1884,320,423,33.0,5.481351531748241,52.68418486508159,19.35,330,1003
poseybu01,Buster Posey,5607.0,1500,158,540,23.0,6.443212529292715,52.6597125292927,45.03,331,272
zimmery01,Ryan Zimmerman,7401.0,1846,284,646,43.0,-2.1362615429115146,52.54723845708848,40.11,332,364
lyonsde01,Denny Lyons,5029.0,1334,62,623,224.0,1.237490425247373,52.461823758580714,35.52,333,452
bellco99,Cool Papa Bell,5585.0,1592,60,559,302.0,-3.3316605742752983,52.452006092391386,36.07,334,444
knoblch01,Chuck Knoblauch,7385.0,1839,98,804,407.0,-4.733616061019355,52.38655060564729,44.589999999999996,335,286
fieldpr01,Prince Fielder,6853.0,1645,319,847,18.0,-15.712153324865605,52.34718000846774,23.57,336,801
choosh01,Shin-Soo Choo,7157.0,1671,218,868,157.0,-7.4955469549470335,52.346619711719654,34.68,337,471
prattde01,Del Pratt,7609.0,1996,43,513,247.0,11.638427322807958,52.346260656141304,46.4,338,254
markani01,Nick Markakis,9321.0,2388,189,891,66.0,-9.501343813404805,52.28065618659516,33.72,339,495
justida01,David Justice,6601.0,1571,305,903,53.0,-10.817364014868517,52.181469318464806,40.59,340,355
sotoju01,Juan Soto,4801.0,1086,244,896,95.0,-6.862344382423967,52.148488950909346,45.24,341,271
schoere01,Red Schoendienst,9222.0,2449,84,606,89.0,9.365912181283147,52.092412181283144,44.78,342,280
joycebi01,Bill Joyce,4163.0,971,70,721,266.0,-0.22430844788310011,51.981358218783576,31.16,343,554
parrila02,Lance Parrish,7797.0,1782,324,612,28.0,12.316890207092813,51.94889020709279,39.48,344,373
lopezja01,Javy Lopez,5793.0,1527,260,357,8.0,8.49141433585972,51.8794143358597,29.66,345,587
joosted01,Eddie Joost,6783.0,1339,134,1043,61.0,15.202253108937208,51.87575310893722,31.650000000000002,346,543
flickel01,Elmer Flick,6414.0,1752,48,597,330.0,-9.074276192697408,51.85772380730259,53.42,347,181
ewingbu01,Buck Ewing,5772.0,1625,71,392,354.0,3.0344003601730294,51.78640036017301,47.92,348,232
singlke01,Ken Singleton,8558.0,2029,246,1263,21.0,-18.812394162157155,51.7847725045095,41.8,349,334
camildo01,Dolph Camilli,6352.0,1482,239,947,60.0,-11.539782122474818,51.68755121085851,42.98,350,311
hoopeha01,Harry Hooper,10244.0,2466,75,1136,375.0,-12.865755981229928,51.66041068543675,53.160000000000004,351,184
crossla01,Lave Cross,9741.0,2651,47,466,303.0,6.4690837976443065,51.47358379764429,45.87,352,262
daviswi02,Willie Davis,9822.0,2561,182,418,398.0,6.054328022446773,51.41032802244678,60.77,353,123
leeca01,Carlos Lee,8786.0,2273,358,655,125.0,-15.33843029195367,51.373736374713005,28.3,354,633
walkedi02,Dixie Walker,7666.0,2064,105,817,59.0,-10.15249831469065,51.348335018642715,44.86,355,277
vaughmo01,Mo Vaughn,6410.0,1620,328,725,30.0,-15.407085871859048,51.32758079480762,27.09,356,678
rizzoan01,Anthony Rizzo,7336.0,1644,303,781,72.0,-7.584991534892332,51.236341798441,40.47,357,357
colliji01,Jimmy Collins,7452.0,1999,65,426,194.0,6.763956738889729,51.00095673888973,53.25,358,183
burnsge01,George Burns,8251.0,2077,41,872,383.0,-0.23222653954262357,50.907606793790706,39.339999999999996,359,376
sandere02,Reggie Sanders,7043.0,1666,305,674,304.0,-6.562695596451867,50.89697107021479,39.82,360,369
nashbi01,Billy Nash,6742.0,1616,60,805,269.0,5.321311184187599,50.81714451752095,33.75,361,494
moseswa01,Wally Moses,8253.0,2138,89,821,174.0,-4.27830458854959,50.715695411450426,36.45,362,440
zeileto01,Todd Zeile,8649.0,2004,253,945,53.0,-2.359170037590925,50.67432996240908,19.330000000000002,363,1007
judgejo01,Joe Judge,9171.0,2352,71,965,213.0,-16.83270399273985,50.61579600726014,48.38,364,223
bandosa01,Sal Bando,8288.0,1790,242,1031,75.0,0.1973613059368425,50.600527972603494,61.51,365,119
andruel01,Elvis Andrus,8602.0,2091,102,611,347.0,15.397879031506495,50.57771236483983,34.53,366,476
grantge01,George Grantham,5897.0,1508,105,717,132.0,-3.090419736059814,50.53524693060685,33.78,367,492
turnetr01,Trea Turner,5604.0,1531,186,383,315.0,2.2907679102225744,50.51826791022259,41.75,368,335
suttlmu99,Mule Suttles,3914.0,1168,188,389,92.0,-5.6599545409666145,50.48571212570006,37.53,369,418
darkal01,Al Dark,7829.0,2089,126,430,59.0,10.760752150662473,50.42491881732916,43.910000000000004,370,301
pedrodu01,Dustin Pedroia,6777.0,1805,140,624,138.0,-1.0480935870991146,50.23190641290087,51.83,371,193
chaveer01,Eric Chavez,6227.0,1477,260,639,50.0,3.4189797565499207,50.20764642321656,38.25,372,401
yorkru01,Rudy York,6720.0,1621,277,792,38.0,-6.117861301033061,50.20213869896695,31.56,373,546
martiru01,Russell Martin,6648.0,1416,191,792,101.0,11.958614326927588,49.926114326927575,38.660000000000004,374,388
whitede03,Devon White,8080.0,1934,208,541,346.0,6.446979176544621,49.57131250987794,47.25,375,239
jonesad01,Adam Jones,7515.0,1939,282,340,97.0,5.870232361602054,49.319732361602064,32.46,376,525
porteda02,Darrell Porter,6570.0,1369,188,905,39.0,8.503489077848293,49.235989077848295,40.85,377,352
frymatr01,Travis Fryman,7217.0,1776,223,602,72.0,3.9067496041081755,49.233416270774846,34.37,378,480
huggimi01,Miller Huggins,6800.0,1474,9,1003,324.0,9.30901609284091,49.136682759507565,36.02,379,445
aparilu01,Luis Aparicio,11230.0,2677,83,736,506.0,17.255571132152525,49.12390446548585,55.86,380,158
freehbi01,Bill Freehan,6899.0,1591,200,626,24.0,10.731283903642744,48.920950570309415,44.74,381,282
kellech01,Charlie Keller,4604.0,1085,189,784,45.0,-3.394883579965542,48.91828308670112,43.53,382,306
madlobi01,Bill Madlock,7372.0,2008,163,605,174.0,-6.416189442477737,48.912143890855596,38.22,383,403
anderga01,Garret Anderson,9177.0,2529,287,429,80.0,-7.46575690468625,48.893243095313736,25.7,384,732
uptonju01,Justin Upton,7646.0,1754,325,785,151.0,-8.225750218745556,48.766416447921074,32.17,385,535
polanpl01,Placido Polanco,7886.0,2142,104,429,81.0,7.894543105865734,48.761709772532406,41.87,386,332
howarfr01,Frank Howard,7353.0,1774,382,782,8.0,-13.412223115128162,48.676776884871835,37.57,387,414
thomsbo01,Bobby Thomson,6957.0,1705,264,559,38.0,3.0877605824868923,48.55376058248689,33.78,388,492
brownto01,Tom Brown,8221.0,1958,64,749,658.0,1.7848647289459891,48.47719806227933,14.82,389,1272
santaca01,Carlos Santana,9254.0,1880,335,1330,65.0,-13.25464254791063,48.45152411875604,38.84,390,381
fostege01,George Foster,7812.0,1925,348,666,51.0,-9.191117930545412,48.4253820694546,44.2,391,295
jacobba01,Baby Doll Jacobson,6072.0,1714,83,355,86.0,5.689497545752565,48.424497545752544,29.24,392,599
lowelmi01,Mike Lowell,6498.0,1619,223,548,30.0,2.1302024906798285,48.40520249067982,24.85,393,757
wilsowi02,Willie Wilson,8317.0,2207,41,425,668.0,6.90156060365292,48.30289393698625,46.12,394,258
grissma02,Marquis Grissom,8959.0,2251,227,553,429.0,1.7656933934412364,48.23952672677457,29.59,395,589
blackch02,Charlie Blackmon,6825.0,1805,227,485,148.0,-7.03808890765449,48.12791109234547,21.54,396,887
bregmal01,Alex Bregman,5327.0,1250,209,627,43.0,2.0821850159865796,48.06935168265323,47.28,397,238
lollash01,Sherm Lollar,6218.0,1415,155,671,20.0,10.30710068880284,48.023767355469516,30.06,398,578
cramedo01,Doc Cramer,9933.0,2705,37,572,62.0,6.958108269886877,47.87210826988685,12.99,399,1401
seageco01,Corey Seager,4887.0,1254,221,473,21.0,2.975608257979128,47.804108257979124,45.53,400,266
vanslan01,Andy Van Slyke,6478.0,1562,164,667,245.0,0.18788099385104715,47.796714327184375,41.34,401,346
hafeych01,Chick Hafey,5113.0,1466,164,372,70.0,-3.846398822019996,47.79593451131335,31.21,402,553
conceda01,Dave Concepcion,9640.0,2326,101,736,321.0,13.327389463470746,47.67422279680405,40.129999999999995,403,362
valenjo03,Jose Valentin,6317.0,1348,249,630,136.0,10.077579046084006,47.62324571275068,31.62,404,544
smithel01,Elmer Smith,5422.0,1456,37,639,233.0,-3.7852375062166588,47.490595827116664,42.56,405,316
lemahdj01,DJ LeMahieu,6822.0,1772,126,575,93.0,7.313645191303766,47.467145191303764,30.57,406,565
gorege01,George Gore,6104.0,1612,46,717,170.0,-1.8091033124447857,47.38056335422189,39.94,407,367
cirilje01,Jeff Cirillo,6136.0,1598,112,563,63.0,3.5075846701870255,47.380418003520326,34.53,408,476
peraljh01,Jhonny Peralta,7319.0,1761,202,606,17.0,8.520692257782112,47.353858924448765,30.29,409,572
doylela01,Larry Doyle,7382.0,1887,74,625,298.0,-2.338424116057742,47.31824255060893,44.65,410,284
semiema01,Marcus Semien,7072.0,1613,253,631,139.0,7.488780015430592,47.28861334876394,49.72,411,214
ennisde01,Del Ennis,7940.0,2063,288,597,45.0,-9.596576964399699,47.28758970226697,29.830000000000002,412,583
cruzjo01,Jose Cruz,8931.0,2251,165,898,317.0,-12.186246731497908,47.26225326850211,54.43,413,174
varitja01,Jason Varitek,5839.0,1307,193,614,25.0,10.588148148148148,47.19098148148148,24.24,414,785
sievero01,Roy Sievers,7349.0,1703,318,841,14.0,-10.602800592593583,47.15086607407311,25.49,415,736
murcebo01,Bobby Murcer,7718.0,1862,252,862,127.0,-9.08422749142228,47.08693917524438,32.08,416,536
kleskry01,Ryan Klesko,6516.0,1564,278,817,91.0,-14.031074433792023,47.085425566207995,26.95,417,683
grohhe01,Heinie Groh,7035.0,1774,26,696,180.0,2.880108365687654,47.01510836568767,47.68,418,233
mondari01,Rick Monday,7162.0,1619,241,924,98.0,-4.424532501540336,46.989800831793005,33.14,419,509
pfefffr01,Fred Pfeffer,7128.0,1680,94,527,383.0,16.202686501655343,46.96718650165533,26.610000000000003,420,695
heathje01,Jeff Heath,5560.0,1447,194,593,56.0,-5.1021413940007125,46.71919193933262,37.63,421,413
dalyto01,Tom Daly,6503.0,1583,49,687,385.0,1.4020347813357894,46.669201448002454,26.35,422,705
tenacge01,Gene Tenace,5525.0,1060,201,984,36.0,1.3123289636056878,46.595995630272334,46.81,423,245
mattido01,Don Mattingly,7721.0,2153,222,588,14.0,-15.047539544476459,46.31512712219021,42.37,424,321
younger01,Eric Young,6996.0,1731,79,660,465.0,1.6995492539443453,46.31204925394436,18.8,425,1031
tettlmi01,Mickey Tettleton,5745.0,1132,245,949,23.0,0.9917897821102937,46.29228978211028,29.36,426,596
hrbekke01,Kent Hrbek,7137.0,1749,293,838,37.0,-15.110624545210039,46.27887545478997,38.629999999999995,427,389
jonesfi01,Fielder Jones,7894.0,1920,21,817,359.0,-0.18193130842394467,46.231902024909395,42.76,428,313
peskyjo01,Johnny Pesky,5516.0,1455,17,662,53.0,7.825249527055108,46.18241619372176,34.05,429,487
martijd02,J. D. Martinez,6854.0,1741,331,601,26.0,-13.99871498229184,46.11395168437481,30.78,430,562
pafkoan01,Andy Pafko,7026.0,1796,213,561,38.0,-2.600347926791685,46.08965207320831,36.56,431,434
milancl01,Clyde Milan,8312.0,2100,17,685,495.0,3.013363435635253,46.04353010230191,40.79,432,354
dyeje01,Jermaine Dye,7214.0,1779,325,597,46.0,-8.888971018578829,46.00369564808782,20.32,433,949
vernomi01,Mickey Vernon,9834.0,2495,172,955,137.0,-19.87541129759869,45.960088702401286,35.23,434,458
gilliji01,Jim Gilliam,8886.0,2021,65,1102,219.0,1.1231829986952508,45.93168299869525,44.800000000000004,435,279
kempma01,Matt Kemp,6982.0,1808,287,518,184.0,-7.775569578418991,45.89876375491434,21.64,436,881
cartejo01,Joe Carter,9154.0,2184,396,527,231.0,-8.06730426031261,45.89852907302073,19.53,437,991
bresnro01,Roger Bresnahan,5374.0,1252,26,714,212.0,5.781990407068948,45.83032374040227,43.309999999999995,438,308
zobribe01,Ben Zobrist,6836.0,1566,167,832,116.0,-1.2562207805009988,45.734445886165645,44.71,439,283
dykstle01,Lenny Dykstra,5282.0,1298,81,640,285.0,3.6677660170611026,45.70093268372776,42.38,440,320
olivato01,Tony Oliva,6879.0,1917,220,448,86.0,-8.148927057381323,45.65607294261868,43.07,441,310
joynewa01,Wally Joyner,8115.0,2060,204,833,60.0,-13.719444051819542,45.46655594818047,35.81,442,448
bluelu01,Lu Blue,7207.0,1696,44,1092,151.0,-11.70593083081138,45.44590250252196,37.64,443,412
wallati01,Tim Wallach,8908.0,2085,260,649,51.0,5.417586398328878,45.3554197316622,38.52,444,393
richaha01,Hardy Richardson,6044.0,1694,73,377,207.0,3.1795203361255213,45.3536870027922,40.980000000000004,445,348
rizzuph01,Phil Rizzuto,6711.0,1588,38,651,149.0,14.813922277506247,45.32942227750626,42.04,446,328
guerrpe01,Pedro Guerrero,6115.0,1618,215,609,97.0,-8.583654098251234,45.25617923508209,34.45,447,478
cabreor01,Orlando Cabrera,8255.0,2055,123,514,216.0,10.23136401450809,45.19303068117476,21.330000000000002,448,899
suareeu01,Eugenio Suarez,6627.0,1434,325,632,36.0,1.6555410115041105,45.135541011504095,26.259999999999998,449,709
stephri01,Riggs Stephenson,5134.0,1515,63,494,53.0,-6.113913224924905,45.0699201084084,32.68,450,519
strawda01,Darryl Strawberry,6326.0,1401,335,816,221.0,-12.57850739292196,45.06665927374466,42.15,451,326
powelbo01,Boog Powell,7810.0,1776,339,1001,20.0,-16.105702532531126,45.05863080080222,39.1,452,380
santibe01,Benito Santiago,7515.0,1830,217,430,91.0,14.209829917736368,45.05732991773636,27.38,453,666
springe01,George Springer,6352.0,1480,293,676,120.0,-6.574925115127932,45.055408218205415,42.4,454,318
gordosi01,Sid Gordon,5811.0,1415,202,731,19.0,-4.797417510172495,45.026082489827516,38.15,455,406
gantro01,Ron Gant,7320.0,1651,321,770,243.0,-7.785239184048557,44.94026081595143,34.1,456,484
bishoma01,Max Bishop,5776.0,1216,41,1153,43.0,-1.1624985265976695,44.88133480673566,38.02,457,410
decindo01,Doug DeCinces,6534.0,1505,237,618,58.0,5.7013802729294785,44.83938027292946,41.74,458,336
fournja01,Jack Fournier,6033.0,1631,136,587,145.0,-12.18110065473317,44.83739934526683,41.14,459,347
griffke01,Ken Griffey,8048.0,2143,152,719,200.0,-11.56726745315892,44.80839921350777,34.54,460,475
werbebi01,Billy Werber,5845.0,1363,78,701,215.0,7.376344994895956,44.797178328229315,25.75,461,729
lindsfr01,Freddie Lindstrom,6104.0,1747,103,334,84.0,1.9863747141969423,44.76504138086361,28.45,462,627
groatdi01,Dick Groat,8179.0,2138,39,490,14.0,15.329551132774231,44.68488446610755,36.81,463,429
stanked01,Eddie Stanky,5435.0,1154,29,996,48.0,5.455716037559336,44.66538270422599,41.550000000000004,464,340
lathaar01,Arlie Latham,7524.0,1836,27,589,742.0,3.8598894648639375,44.64488946486393,30.51,465,566
turneju01,Justin Turner,6502.0,1617,201,589,47.0,-5.5859101706553576,44.53892316267796,38.62,466,390
langebi01,Bill Lange,3620.0,1056,39,350,400.0,2.286105324449369,44.45077199111604,23.58,467,800
millebi02,Bing Miller,6885.0,1934,116,383,127.0,-6.622607472476508,44.34089252752351,29.64,468,588
werthja01,Jayson Werth,6366.0,1465,229,764,132.0,-6.780894457520529,44.269105542479465,29.18,469,602
morame01,Melvin Mora,6158.0,1503,171,520,93.0,4.0282511257794456,44.26341779244609,28.25,470,637
troskha01,Hal Trosky,5747.0,1561,228,545,28.0,-11.773016673253148,44.1496499934135,29.680000000000003,471,585
lopesda01,Davey Lopes,7340.0,1671,155,833,557.0,-3.5591371905980234,44.13102947606863,42.35,472,322
henrito01,Tommy Henrich,5409.0,1297,183,712,37.0,-6.939786205192671,44.06871379480734,39.39,473,375
correca01,Carlos Correa,5343.0,1298,200,552,33.0,3.4484524192208568,44.037952419220844,47.01,474,243
mcguide01,Deacon McGuire,6937.0,1750,45,515,118.0,11.32704592907603,43.98037926240936,24.259999999999998,475,783
wertzvi01,Vic Wertz,7021.0,1692,266,828,9.0,-12.851626542906487,43.95420679042685,26.88,476,688
keltnke01,Ken Keltner,6312.0,1570,163,514,39.0,5.784918056411398,43.88841805641142,33.019999999999996,477,513
phillbr01,Brandon Phillips,7991.0,2029,211,420,209.0,3.667419253994832,43.80158592066149,28.9,478,611
cabreas01,Asdrubal Cabrera,7401.0,1763,195,589,91.0,3.052613408600387,43.769113408600354,30.09,479,577
realmjt01,J. T. Realmuto,5536.0,1366,180,365,104.0,9.378913385435457,43.6392467187688,39.23,480,377
matthga01,Gary Matthews,8189.0,2011,234,940,183.0,-17.845217342959664,43.62194932370697,30.41,481,568
runnepe01,Pete Runnels,7328.0,1854,49,844,37.0,-0.06913188879073892,43.61103477787593,29.89,482,581
nichobi01,Bill Nicholson,6418.0,1484,235,800,27.0,-8.683463011443616,43.60337032188974,41.94,483,330
mackebi99,Biz Mackey,4013.0,1165,64,361,73.0,4.76110978241666,43.59627644908332,23.11,484,816
chapmsa01,Sam Chapman,5600.0,1329,180,562,41.0,8.674600342692278,43.43676700935896,17.03,485,1128
brodist01,Steve Brodie,6342.0,1728,25,420,289.0,1.9228263621467292,43.38632636214674,19.45,486,999
freylo01,Lonny Frey,6402.0,1482,61,752,105.0,7.0605645384058615,43.38606453840586,44.41,487,289
bicheda01,Dante Bichette,6855.0,1906,274,355,152.0,-10.724445511102129,43.352554488897894,5.65,488,1846
storytr01,Trevor Story,4460.0,1070,204,351,160.0,8.87103642066651,43.34570308733316,35.06,489,461
woodlge01,Gene Woodling,6613.0,1585,147,921,29.0,-9.183493083989095,43.24334024934425,33.25,490,505
gibsoki01,Kirk Gibson,6656.0,1553,255,718,284.0,-10.382105486289802,43.16056118037686,38.410000000000004,491,398
rosenal01,Al Rosen,4374.0,1063,192,587,39.0,0.9040745426670067,43.090574542667014,32.27,492,533
marteke01,Ketel Marte,5092.0,1273,171,471,65.0,3.1264533573913806,43.03828669072469,37.37,493,419
crawfca02,Carl Crawford,7161.0,1931,136,377,480.0,-4.455089927554695,42.90191007244529,39.160000000000004,494,378
joneswi01,Willie Jones,6714.0,1502,190,755,40.0,4.5285021364659395,42.87650213646594,24.79,495,760
jenseja01,Jackie Jensen,6079.0,1463,199,750,143.0,-8.00474203112171,42.822091302211604,27.82,496,650
perezsa02,Salvador Perez,6897.0,1712,303,271,6.0,7.417073148889047,42.738073148889036,35.44,497,454
kuennha01,Harvey Kuenn,7618.0,2092,87,594,68.0,-2.750348802152845,42.70798453118048,25.79,498,725
wellsve01,Vernon Wells,7212.0,1794,270,472,109.0,-1.1764452227842583,42.705054777215736,28.55,499,622
gardnla01,Larry Gardner,7685.0,1931,27,654,165.0,2.1766346058144457,42.630801272481136,47.160000000000004,500,241
eversjo01,Johnny Evers,7210.0,1659,12,778,324.0,6.450823628778096,42.63015696211146,47.95,501,230
scalege01,George Scales,3354.0,918,76,464,62.0,0.576056120501204,42.597056120501215,24.37,502,776
tennefr02,Fred Tenney,8809.0,2231,22,874,285.0,-10.058521142887525,42.58531219044581,44.05,503,298
luzingr01,Greg Luzinski,7514.0,1795,307,845,37.0,-20.324215173163655,42.444951493503005,26.3,504,707
martiti02,Tino Martinez,8044.0,1925,339,780,27.0,-17.023217957696616,42.35361537563672,29.009999999999998,505,608
allisbo01,Bob Allison,5921.0,1281,256,795,84.0,-5.224068601517387,42.231598065149285,34.1,506,484
davissp01,Virgil Davis,4713.0,1312,77,386,6.0,8.67084375736906,42.157843757369065,22.11,507,855
deverra01,Rafael Devers,4944.0,1215,235,470,33.0,-0.08862431777123492,42.080875682228765,29.13,508,605
fregoji01,Jim Fregosi,7402.0,1726,151,715,76.0,4.101371083376145,41.995704416709465,48.71,509,220
whitero01,Roy White,7735.0,1803,160,934,233.0,-7.6668144190752825,41.95101891425803,46.78,510,248
torricr99,Cristóbal Torriente,3570.0,1035,64,426,136.0,-2.727867593089857,41.944132406910136,23.73,511,799
winnra01,Randy Winn,6878.0,1759,110,526,215.0,0.7035787701292889,41.89774543679592,27.51,512,659
munsoth01,Thurman Munson,5903.0,1558,113,438,48.0,8.86213063752716,41.876797304193836,46.04,513,259
seageky01,Kyle Seager,6204.0,1395,242,533,55.0,6.735186513364556,41.74368651336454,36.99,514,423
howarry01,Ryan Howard,6530.0,1475,382,709,12.0,-14.530123333852824,41.61554333281386,14.48,515,1304
meusebo01,Bob Meusel,6028.0,1693,156,375,142.0,-8.04472460515239,41.56860872818095,28.43,516,628
cuccito01,Tony Cuccinello,6877.0,1729,94,579,42.0,6.263572733640109,41.563906066973445,33.87,517,489
rendoan01,Anthony Rendon,5022.0,1218,158,547,55.0,0.20450541598896416,41.52700541598897,34.16,518,482
paskedo01,Dode Paskert,6997.0,1613,42,715,293.0,5.101759768813276,41.500593102146595,26.07,519,715
lewisbu01,Buddy Lewis,5937.0,1563,71,573,83.0,1.2395276577293806,41.500027657729376,29.23,520,600
maddoga01,Garry Maddox,6775.0,1802,117,323,248.0,8.041821007783,41.47315434111634,36.800000000000004,521,430
jamiech01,Charlie Jamieson,7488.0,1990,18,748,131.0,-4.338022003762535,41.45447799623745,23.28,522,813
whitnpi01,Pinky Whitney,6317.0,1701,93,400,45.0,5.681752007731635,41.372918674398285,17.06,523,1126
pencehu01,Hunter Pence,7006.0,1791,244,520,120.0,-5.42742750124536,41.31690583208798,30.919999999999998,524,558
floydcl01,Cliff Floyd,6063.0,1479,233,601,148.0,-10.758451619100365,41.26054838089965,25.94,525,718
floodcu01,Curt Flood,6958.0,1861,85,444,88.0,8.158090312319882,41.24542364565322,41.89,526,331
baylodo01,Don Baylor,9401.0,2135,338,805,285.0,-20.98510371345686,41.2260629532098,28.48,527,626
alfoned01,Edgardo Alfonzo,6108.0,1532,146,596,53.0,0.09933190994453298,41.192831909944516,28.76,528,615
murphdw01,Dwayne Murphy,5242.0,1069,166,747,100.0,9.01886428528997,41.165197618623296,33.24,529,506
pendlte01,Terry Pendleton,7637.0,1897,140,486,127.0,11.054886616342243,41.09505328300889,28.38,530,630
sweenmi01,Mike Sweeney,5848.0,1540,215,522,53.0,-9.99991852282083,41.038914810512495,24.78,531,761
buhneja01,Jay Buhner,5927.0,1273,310,792,6.0,-9.562559940151699,41.035106726514954,22.97,532,822
vosmijo01,Joe Vosmik,6084.0,1682,65,514,23.0,-3.0477231376432607,41.00277686235671,17.79,533,1082
furilca01,Carl Furillo,7022.0,1910,192,514,48.0,-10.56821049641234,40.96345617025435,34.64,534,472
castilu01,Luis Castillo,7471.0,1889,28,800,370.0,0.3212866664007642,40.90961999973409,29.07,535,607
bakerdu01,Dusty Baker,8021.0,1981,242,762,137.0,-11.062480804454921,40.89668586221178,37.0,536,422
tartada01,Danny Tartabull,5842.0,1366,262,768,37.0,-12.051743873622504,40.87508945971084,23.3,537,811
hinespa01,Paul Hines,7470.0,2133,57,372,163.0,-1.2350966092132836,40.8734033907867,44.94,538,275
burnije01,Jeromy Burnitz,6579.0,1447,315,739,74.0,-9.464061528377758,40.82693847162227,19.87,539,973
lansfca01,Carney Lansford,7905.0,2074,151,553,224.0,-4.508539088847872,40.79546091115212,40.43,540,359
carpema01,Matt Carpenter,5770.0,1257,179,774,28.0,-4.121597709739935,40.746735623593395,28.749999999999996,541,616
travice01,Cecil Travis,5414.0,1544,27,402,23.0,4.863033939594992,40.476200606261656,30.35,542,570
beaumgi01,Ginger Beaumont,6281.0,1759,39,425,254.0,-0.6977300019788757,40.46993666468781,30.96,543,556
ohtansh01,Shohei Ohtani,4316.0,1050,280,541,165.0,-11.972772978392879,40.431393688273786,58.209999999999994,544,141
vaughgr01,Greg Vaughn,7070.0,1475,355,865,121.0,-10.476168488707865,40.38399817795879,30.83,545,561
ibanera01,Raul Ibanez,8278.0,2034,305,713,50.0,-16.171556823237893,40.36177651009545,20.900000000000002,546,924
coninje01,Jeff Conine,7781.0,1982,214,671,54.0,-12.120818294527107,40.359848372139545,19.53,547,991
mondera01,Raul Mondesi,6369.0,1589,271,475,229.0,-7.022686949493864,40.35581305050614,29.51,548,591
peckiro01,Roger Peckinpaugh,8383.0,1876,48,814,205.0,11.502057690164417,40.35289102349773,45.54,549,265
coopewa01,Walker Cooper,5078.0,1341,173,309,18.0,7.094753086419753,40.3254197530864,27.21,550,674
stenzja01,Jake Stenzel,3425.0,1024,32,300,292.0,-0.8323113786379353,40.18935528802873,21.48,551,890
cavarph01,Phil Cavarretta,7701.0,1977,95,820,65.0,-14.582720241886557,40.05477975811344,37.03,552,421
hudsoor01,Orlando Hudson,5413.0,1319,93,483,85.0,8.913145249962117,39.83797858329545,30.900000000000002,553,559
laryly01,Lyn Lary,5424.0,1239,38,705,162.0,6.940151638868275,39.83615163886829,19.98,554,966
hebneri01,Richie Hebner,7016.0,1694,203,687,38.0,-7.418828388896415,39.77983827777024,32.98,555,514
seitzke01,Kevin Seitzer,6062.0,1557,74,669,80.0,-1.8010394046125537,39.7636272620541,28.87,556,612
seymocy01,Cy Seymour,6208.0,1724,52,354,222.0,1.5330732456384553,39.75840657897179,41.45,557,344
mosebll01,Lloyd Moseby,6574.0,1494,169,616,280.0,2.0488104156919156,39.74914374902524,27.49,558,661
bluegos01,Ossie Bluege,7452.0,1751,43,723,140.0,6.744193418399318,39.6721934183993,28.560000000000002,559,620
walkecu01,Curt Walker,5572.0,1475,64,535,96.0,-2.988192719987444,39.608140613345896,22.1,560,856
guillca01,Carlos Guillen,5277.0,1331,124,510,74.0,2.455957677514289,39.56895767751429,27.740000000000002,561,653
stanlmi02,Mike Stanley,4989.0,1138,187,652,13.0,-1.3555759012849937,39.557924098715,20.91,562,923
hernara02,Ramon Hernandez,5701.0,1345,169,430,9.0,10.313057829094152,39.525891162427506,22.06,563,859
holmeto01,Tommy Holmes,5565.0,1507,88,480,40.0,-0.4939579820623855,39.4420420179376,35.410000000000004,564,455
irvinmo01,Monte Irvin,4116.0,1091,140,484,54.0,-2.370500840510444,39.41749915948955,32.71,565,518
mostijo01,Johnny Mostil,4096.0,1054,23,415,176.0,7.546900829173287,39.40523416250662,24.48,566,772
youngro01,Ross Youngs,5333.0,1491,42,550,153.0,-6.973123704009384,39.37704296265727,32.42,567,527
steinte01,Terry Steinbach,5896.0,1453,162,418,23.0,9.364765673511931,39.36559900684525,27.99,568,646
hendrge01,George Hendrick,7825.0,1980,267,567,59.0,-7.385691628654136,39.290141704679186,29.11,569,606
valenjo02,John Valentin,4511.0,1093,124,463,47.0,5.122350500299386,39.22751716696605,32.53,570,523
hargrmi01,Mike Hargrove,6693.0,1614,80,965,24.0,-10.508323471739041,39.17067652826097,30.36,571,569
burgesm01,Smoky Burgess,5013.0,1318,126,477,13.0,2.397962962962963,39.09546296296297,33.26,572,504
callijo01,Johnny Callison,7437.0,1757,226,650,74.0,-5.093524714157221,39.07047528584278,38.43,573,397
chancfr01,Frank Chance,5103.0,1274,20,556,403.0,-7.15438157989396,39.003118420106034,46.730000000000004,574,249
smallro02,Roy Smalley,6594.0,1454,163,771,27.0,4.0189132835195425,38.85741328351952,27.91,575,647
priddje01,Jerry Priddy,5428.0,1252,61,624,44.0,12.385630325474885,38.81096365880821,18.53,576,1044
mitchke01,Kevin Mitchell,4696.0,1173,234,491,30.0,-4.89470762953765,38.80462570379567,29.15,577,603
farredu01,Duke Farrell,6263.0,1572,52,480,150.0,6.907805733696175,38.78647240036284,30.86,578,560
adcocjo01,Joe Adcock,7304.0,1832,336,594,20.0,-14.620978898476471,38.78068776819022,33.51,579,497
crawfbr01,Brandon Crawford,6318.0,1404,147,544,47.0,12.470082869711055,38.778582869711045,29.44,580,595
cartyri01,Rico Carty,6318.0,1677,204,642,21.0,-12.72787457868564,38.74762542131436,32.58,581,522
marisro01,Roger Maris,5846.0,1325,275,652,21.0,-5.775325298279231,38.7378413683874,38.23,582,402
loretma01,Mark Loretta,6558.0,1713,76,555,47.0,0.3389725176078205,38.73647251760782,19.34,583,1006
higgibo02,Bobby Higginson,5660.0,1336,187,649,91.0,-4.222090556225516,38.72407611044115,23.080000000000002,584,818
gonzaca01,Carlos Gonzalez,5551.0,1432,234,448,122.0,-7.878504090967937,38.60782924236538,24.5,585,770
engliwo01,Woody English,5469.0,1356,32,571,57.0,6.75928105445181,38.569781054451816,27.12,586,677
rolfere01,Red Rolfe,5405.0,1394,69,526,44.0,4.335602426719393,38.561269093386045,28.900000000000002,587,610
tinkejo01,Joe Tinker,7152.0,1690,31,416,336.0,14.33774149832441,38.55474149832439,52.65,588,189
bryankr01,Kris Bryant,4550.0,1068,184,504,44.0,-1.3688397711872136,38.552826895479434,27.33,589,669
burrepa01,Pat Burrell,6520.0,1393,292,932,7.0,-15.16912916797482,38.533704165358536,18.93,590,1025
mazerbi01,Bill Mazeroski,8379.0,2016,138,447,27.0,18.298489506483396,38.510989506483426,36.53,591,435
bayja01,Jason Bay,5258.0,1200,222,636,95.0,-7.14226074109236,38.48390592557432,24.74,592,762
mcgeewi01,Willie McGee,8188.0,2254,79,448,352.0,-2.8665733958805184,38.478759937452814,34.3,593,481
roberbr01,Brian Roberts,6250.0,1527,97,609,285.0,-1.2388606031585667,38.46297273017477,29.52,594,590
liebemi01,Mike Lieberthal,4695.0,1155,150,335,8.0,8.610617283950617,38.434617283950594,15.25,595,1245
chapmma01,Matt Chapman,4770.0,1001,203,516,35.0,7.396009760377265,38.407509760377266,44.65,596,284
randajo01,Joe Randa,6007.0,1543,123,432,42.0,3.0464403020659208,38.379773635399275,21.38,597,896
williji01,Jimmy Williams,6116.0,1508,49,474,151.0,5.695767946092554,38.37593461275922,33.06,598,512
doyleja01,Jack Doyle,6589.0,1811,25,440,518.0,-6.504301078558875,38.35703225477444,24.85,599,757
bellgu01,Gus Bell,7073.0,1823,206,470,30.0,-3.4113975439289477,38.35326912273773,15.6,600,1225
smithal04,Al Smith,6330.0,1500,168,687,70.0,-5.099615830116031,38.35038416988399,20.88,601,925
stahlch01,Chick Stahl,5709.0,1546,36,470,189.0,-3.9397679291461385,38.34473207085387,31.5,602,547
claytro01,Royce Clayton,8164.0,1904,110,565,231.0,11.791983462546341,38.33881679587965,19.48,603,997
walkege02,Gee Walker,7211.0,1991,124,330,223.0,-3.3150771661438996,38.32108950052276,16.21,604,1190
douthta01,Taylor Douthit,4727.0,1201,29,443,67.0,10.269358309254145,38.30652497592082,12.76,605,1421
boonebr01,Bret Boone,7432.0,1775,252,552,94.0,-4.488835992880107,38.28049734045324,22.82,606,827
burnsoy01,Thomas Burns,5160.0,1392,65,464,263.0,-6.641752869862437,38.226747130137554,25.79,607,725
fairlro01,Ron Fairly,8437.0,1913,215,1052,35.0,-15.266724503441377,38.21910882989198,35.08,608,460
sexsori01,Richie Sexson,5604.0,1286,306,588,14.0,-8.4235627369441,38.2004372630559,18.04,609,1069
larkihe01,Henry Larkin,5303.0,1429,53,484,129.0,-6.80257764280213,38.04558902386453,28.7,610,617
stonejo01,John Stone,5006.0,1391,77,463,45.0,-3.7593273374493164,37.99583932921735,26.93,611,686
cullero01,Roy Cullenbine,4787.0,1072,110,853,26.0,-5.303672996698585,37.95199366996808,32.230000000000004,612,534
mcauldi01,Dick McAuliffe,7162.0,1530,197,882,63.0,-0.9049257639707549,37.93490756936255,37.54,613,417
whitede01,Deacon White,6973.0,2067,24,308,70.0,2.0115156657462894,37.933848999079615,45.53,614,266
crosefr01,Frankie Crosetti,7273.0,1541,98,792,113.0,8.120428562752371,37.86526189608569,24.240000000000002,615,784
mcdougi01,Gil McDougald,5395.0,1291,112,559,45.0,5.33600751573683,37.853840849070174,40.85,616,352
swishni01,Nick Swisher,6308.0,1338,245,817,13.0,-6.879786537070008,37.81838012959665,21.520000000000003,617,889
watsobo01,Bob Watson,6962.0,1826,184,653,27.0,-14.217225429388245,37.76794123727842,28.3,618,633
brutobi01,Bill Bruton,6668.0,1651,94,482,207.0,7.124396186709305,37.76556285337597,26.4,619,701
coopece01,Cecil Cooper,7939.0,2192,241,448,89.0,-16.719012445563386,37.667820887769935,36.0,620,446
huffau01,Aubrey Huff,6786.0,1699,242,571,37.0,-10.224005450591513,37.662494549408464,20.44,621,945
kuheljo01,Joe Kuhel,9095.0,2212,131,980,178.0,-18.668070099936504,37.63159656673014,30.31,622,571
napolmi01,Mike Napoli,5329.0,1125,267,650,39.0,-3.058898515182749,37.625934818150576,26.39,623,702
youklke01,Kevin Youkilis,4436.0,1053,150,539,26.0,-3.523050619789916,37.608616046876755,32.39,624,530
grudzma01,Mark Grudzielanek,7603.0,2040,90,364,133.0,2.2986806050361093,37.59451393836943,26.48,625,697
ozunama01,Marcell Ozuna,6712.0,1627,296,604,29.0,-9.294391412187196,37.56044192114614,28.66,626,618
boonebo01,Bob Boone,8148.0,1838,105,663,38.0,16.76721321161478,37.552213211614784,27.41,627,665
fainfe01,Ferris Fain,4904.0,1139,48,904,46.0,-5.962669082656044,37.54999758401065,27.35,628,668
mcraeha01,Hal McRae,8058.0,2091,191,648,109.0,-19.988505579637245,37.54599442036279,27.88,629,648
hayesfr01,Frankie Hayes,5121.0,1164,119,564,30.0,10.31955342773083,37.54255342773082,10.29,630,1576
campabe01,Bert Campaneris,9625.0,2249,79,618,649.0,8.089870017027774,37.52670335036109,53.06,631,186
morneju01,Justin Morneau,6392.0,1603,247,573,5.0,-12.144569646273263,37.50859702039342,27.02,632,681
fletcar01,Art Fletcher,6039.0,1534,32,203,160.0,16.351232791449256,37.50423279144926,46.2,633,257
spande01,Denard Span,5956.0,1498,71,515,185.0,3.3036298971290967,37.42546323046243,28.04,634,643
clemeja01,Jack Clements,4721.0,1231,77,341,55.0,7.995603084012077,37.37976975067873,26.48,635,697
greerru01,Rusty Greer,4420.0,1166,119,519,31.0,-4.237028525103109,37.36380480823023,22.4,636,844
kluszte01,Ted Kluszewski,6470.0,1766,279,492,20.0,-17.063135896536053,37.26053077013061,31.43,637,549
donlimi01,Mike Donlin,4282.0,1282,51,312,213.0,-4.9571760268348415,37.23165730649849,29.14,638,604
grandya01,Yasmani Grandal,4885.0,977,194,679,13.0,6.551775552774838,37.19060888610816,20.2,639,955
aurilri01,Rich Aurilia,6278.0,1576,186,450,23.0,2.2900942658099632,37.18626093247662,18.18,640,1061
stewash01,Shannon Stewart,6205.0,1653,115,504,196.0,-7.185547764389329,37.16478556894401,24.92,641,754
mccarto01,Tommy McCarthy,5739.0,1493,44,536,468.0,-4.630501828807783,37.162498171192205,14.640000000000002,642,1289
gordoal01,Alex Gordon,7247.0,1643,190,684,113.0,-3.4206499623464692,37.1385167043202,34.8,643,465
sauerha01,Hank Sauer,5414.0,1278,288,561,11.0,-6.960703002363694,37.10646366430297,25.21,644,743
ellsbja01,Jacoby Ellsbury,5344.0,1376,104,399,343.0,1.3664665376170881,37.076299870950436,30.959999999999997,645,557
templga01,Garry Templeton,8208.0,2096,70,375,242.0,14.87208734518624,37.00208734518625,27.85,646,649
acunaro01,Ronald Acuña,3663.0,913,186,439,205.0,-4.136877309755447,36.97862269024455,29.46,647,594
boonera01,Ray Boone,5297.0,1260,151,608,21.0,0.6157644824288708,36.94693114909551,25.8,648,724
valoel01,Elmer Valo,6091.0,1420,58,942,110.0,-8.953677572929092,36.90265576040424,28.599999999999998,649,619
petrori01,Rico Petrocelli,6170.0,1352,210,661,10.0,3.3703374001105644,36.89800406677722,39.120000000000005,650,379
johnsho01,Howard Johnson,5715.0,1229,228,692,231.0,-3.304602980036246,36.85789701996373,22.17,651,852
lawtoma02,Matt Lawton,5570.0,1273,138,681,165.0,-3.472120520377243,36.81804614628943,15.14,652,1252
spencst01,Stan Spence,4446.0,1090,95,520,21.0,4.20374179609532,36.814241796095324,22.790000000000003,653,830
hamiljo03,Josh Hamilton,4350.0,1134,200,352,50.0,-2.2639250140809555,36.77107498591904,28.11,654,641
seminan01,Andy Seminick,4571.0,953,164,582,23.0,8.942767704474246,36.7419343711409,21.48,655,890
daultda01,Darren Daulton,4336.0,891,137,629,50.0,6.066641358112764,36.6439746914461,22.96,656,823
wrighgl01,Glenn Wright,4480.0,1219,94,209,38.0,10.505780549612101,36.59111388294544,25.34,657,741
deshide01,Delino DeShields,6652.0,1548,80,754,463.0,-2.976203056752848,36.58463027658046,24.39,658,774
ausmubr01,Brad Ausmus,7101.0,1579,80,634,102.0,14.525583303477891,36.46558330347789,16.54,659,1159
muellbi02,Bill Mueller,4886.0,1229,85,543,20.0,0.8718670071416277,36.449533673808304,23.87,660,795
smithlo01,Lonnie Smith,5952.0,1488,98,623,370.0,-9.472365550437193,36.44663444956281,38.510000000000005,661,394
uribeju01,Juan Uribe,6715.0,1568,199,388,48.0,9.969178232644447,36.446511565977765,22.56,662,837
martest01,Starling Marte,6307.0,1639,163,342,361.0,-7.8037842331121725,36.429049100221164,38.6,663,392
segurje01,Jean Segura,5936.0,1545,110,323,211.0,7.272703832092091,36.38687049875874,26.310000000000002,664,706
willsma01,Maury Wills,8304.0,2134,20,552,586.0,8.333914668229857,36.35991466822986,39.69,665,371
rogelbi01,Billy Rogell,5919.0,1375,42,649,82.0,8.072531536941812,36.35453153694181,25.53,666,735
olsonma02,Matt Olson,5197.0,1155,288,613,9.0,-8.922274094658073,36.33855923867526,43.95,667,300
thompha02,Hank Thompson,4218.0,984,144,556,57.0,0.22408066903869583,36.2895806690387,30.76,668,563
kauffbe01,Benny Kauff,3564.0,961,49,367,234.0,2.0881493489907377,36.28514934899074,28.5,669,624
aloufe01,Felipe Alou,7908.0,2101,206,423,107.0,-7.111011296626588,36.2734887033734,42.32,670,325
lundydi01,Dick Lundy,3263.0,952,49,267,106.0,5.089433905885368,36.254100572552034,19.740000000000002,671,976
koneted01,Ed Konetchy,8664.0,2150,74,689,255.0,-15.745989683540444,36.247510316459554,48.58,672,221
vidrojo01,Jose Vidro,5708.0,1524,128,478,23.0,-4.879844822651073,36.221321844015606,17.36,673,1102
fowlede01,Dexter Fowler,5902.0,1306,127,740,149.0,-3.3341423648180615,36.184690968515284,19.24,674,1009
riosal01,Alex Rios,6927.0,1778,169,400,253.0,-3.350278329105606,36.18022167089437,27.36,675,667
loganjo01,Johnny Logan,5893.0,1407,93,451,19.0,12.075524752224496,36.08435808555784,33.29,676,503
chapmra01,Ray Chapman,4590.0,1053,17,452,233.0,9.000307907001712,36.081807907001696,28.85,677,613
daubeja01,Jake Daubert,8742.0,2326,56,623,251.0,-17.17946197340354,36.05403802659645,39.77,678,370
sizemgr01,Grady Sizemore,4724.0,1098,150,483,143.0,0.504655952755067,36.03082261942173,27.69,679,654
tobinja01,Jack Tobin,6872.0,1906,64,508,147.0,-9.822904436339154,36.028262230327506,21.01,680,915
goodmbi01,Billy Goodman,6446.0,1691,19,669,37.0,-2.8267535532300787,35.8924131134366,27.0,681,682
cuddymi01,Michael Cuddyer,6102.0,1522,197,527,75.0,-8.01532601063828,35.8821739893617,17.830000000000002,682,1080
mccosba01,Barney McCosky,4760.0,1301,24,497,58.0,0.4101916768740367,35.867858343540696,21.55,683,886
sundbji01,Jim Sundberg,6898.0,1493,95,699,20.0,14.343411103878655,35.85574443721199,40.47,684,357
speiech01,Chris Speier,8155.0,1759,112,847,42.0,9.816378706769596,35.78671204010292,30.64,685,564
hollibu01,Bug Holliday,4051.0,1141,65,360,252.0,-2.2016481434866217,35.744685189846706,18.15,686,1063
kendrho01,Howie Kendrick,6421.0,1747,127,349,126.0,-2.669147529295911,35.6291858040374,35.019999999999996,687,463
moneydo01,Don Money,6998.0,1623,176,600,80.0,1.6051592690821341,35.50982593574879,36.47,688,439
thomafr03,Frank Thomas,6916.0,1671,286,484,15.0,-4.6226358206165505,35.482197512716766,18.68,689,1037
whitebi03,Bill White,6680.0,1706,202,596,103.0,-12.28744574278112,35.474720923885535,38.61,690,391
brantmi02,Michael Brantley,6148.0,1656,129,485,125.0,-8.325303791249148,35.4685295420842,34.1,691,484
welchcu01,Curt Welch,4939.0,1152,16,381,453.0,4.66595165104764,35.16778498438097,20.19,692,956
whitero02,Rondell White,5852.0,1519,198,360,94.0,-4.761546263164279,35.140120403502394,28.209999999999997,693,639
howarel01,Elston Howard,5927.0,1491,168,376,10.0,5.230934374930695,35.12160104159735,27.07,694,679
jenkige01,Geoff Jenkins,5254.0,1293,221,418,32.0,-6.516290820314299,35.09504251301901,21.94,695,868
abreujo02,Jose Abreu,6220.0,1587,263,432,11.0,-13.85275600904231,35.06907732429103,29.48,696,592
hillaa01,Aaron Hill,6214.0,1501,162,443,74.0,4.029799310430346,35.04413264376368,24.37,697,776
crispco01,Coco Crisp,6627.0,1572,130,561,309.0,-0.0456864525473172,35.015813547452694,28.93,698,609
contrwi01,Willson Contreras,4274.0,954,172,419,37.0,3.3010697132274003,35.00823637989407,33.6,699,496
piersji01,Jim Piersall,6591.0,1604,104,524,115.0,5.233947169764467,34.983447169764474,29.34,700,597
lowebo01,Bobby Lowe,7766.0,1934,71,474,303.0,2.987426454455977,34.97759312112263,20.07,701,959
hayesvo01,Von Hayes,6052.0,1402,143,712,253.0,-5.774101156687827,34.91073217664551,29.889999999999997,702,582
barfije01,Jesse Barfield,5394.0,1219,241,551,66.0,-1.9780145280875707,34.90898547191242,39.44,703,374
kreevmi01,Mike Kreevich,5248.0,1321,45,446,115.0,7.817094794881986,34.889928128215324,16.599999999999998,704,1155
mclemma01,Mark McLemore,7239.0,1602,53,875,272.0,3.1008319070121977,34.84783190701218,19.55,705,989
casteni01,Nick Castellanos,6950.0,1742,250,432,42.0,-7.943309460844219,34.845357205822474,11.96,706,1469
lopezal01,Al Lopez,6607.0,1547,51,556,46.0,15.691567047233566,34.80390038056688,16.34,707,1182
walketi01,Tillie Walker,5668.0,1423,118,416,129.0,1.144407745331614,34.73224107866494,25.86,708,720
baileed01,Ed Bailey,4208.0,915,155,545,17.0,6.425930765099508,34.68309743176619,27.16,709,676
mccarti01,Tim McCarver,6206.0,1501,97,548,61.0,5.352662441479167,34.674829108145815,28.34,710,631
oglivbe01,Ben Oglivie,6598.0,1615,235,560,87.0,-7.410511297817488,34.66832203551587,26.37,711,704
pierrju01,Juan Pierre,8278.0,2217,18,464,614.0,-5.233045204292209,34.65428812904115,17.26,712,1109
murphda08,Daniel Murphy,5752.0,1572,138,364,68.0,-4.686915634422326,34.595417698911,20.75,713,932
elberki01,Kid Elberfeld,5272.0,1235,10,427,213.0,8.147175092873502,34.58500842620682,32.93,714,516
ugglada01,Dan Uggla,5509.0,1149,235,626,26.0,-0.7647902215248632,34.51854311180848,18.39,715,1050
falkbi01,Bibb Falk,5264.0,1463,69,412,47.0,-4.82044460751476,34.471722059151915,22.68,716,833
castrst01,Starlin Castro,6578.0,1722,138,338,89.0,4.403315511587135,34.40748217825381,18.21,717,1059
zimmech01,Charles Zimmer,5078.0,1225,26,390,151.0,9.536229848949326,34.29539651561599,29.48,718,592
suzukku01,Kurt Suzuki,6163.0,1421,143,387,20.0,10.909501459637836,34.26883479297118,19.6,719,982
gardnbr01,Brett Gardner,6614.0,1470,139,699,274.0,-4.661078572460271,34.2375880942064,44.28,720,292
bruceja01,Jay Bruce,6641.0,1455,319,600,65.0,-5.679476704792883,34.22668996187378,19.68,721,978
shindbi01,Billy Shindle,6351.0,1564,31,388,318.0,7.495162542378081,34.20216254237807,17.09,722,1123
jurgebi01,Billy Jurges,7013.0,1613,43,568,36.0,14.659663021408386,34.08832968807505,28.56,723,621
doziebr01,Brian Dozier,4899.0,1055,192,488,105.0,4.595630655422943,34.06213065542293,24.32,724,779
easleda01,Damion Easley,6211.0,1386,163,510,114.0,3.0987403411656773,34.01507367449902,20.45,725,943
scottge02,George Scott,8269.0,1992,271,699,69.0,-13.958088973974697,33.98674435935864,36.53,726,435
mcmilro01,Roy McMillan,7653.0,1639,68,665,41.0,19.440755253559864,33.984255253559866,25.81,727,723
ritchcl01,Claude Ritchey,6826.0,1619,18,607,155.0,4.247602708833714,33.974436042167056,35.41,728,456
cardejo02,Jose Cardenal,7696.0,1913,138,608,329.0,-4.791092604021888,33.96674072931145,20.74,729,933
cruzjo02,Jose Cruz,5448.0,1167,204,658,113.0,-2.240675410087105,33.915824589912866,19.56,730,987
torgeea01,Earl Torgeson,6037.0,1318,149,980,133.0,-14.516971083270239,33.882862250063084,33.08,731,511
hortowi01,Willie Horton,8052.0,1993,325,620,20.0,-17.02809505460137,33.86090494539863,26.46,732,700
schulfr02,Fred Schulte,4807.0,1241,47,462,56.0,4.735778475188971,33.84711180852231,16.42,733,1177
johnsla03,Lance Johnson,5800.0,1565,34,352,327.0,4.914291011101652,33.82312434443498,30.19,734,575
whitefr01,Frank White,8467.0,2006,160,412,178.0,10.849716953920769,33.80905028725412,34.79,735,467
cainlo01,Lorenzo Cain,4757.0,1220,87,362,190.0,5.107086692803388,33.805753359470046,38.19,736,404
hartsto01,Topsy Hartsel,5793.0,1336,31,837,247.0,-8.324306032485314,33.78119396751468,31.41,737,551
harribu01,Bucky Harris,5556.0,1297,9,472,167.0,9.106006921791792,33.7745069217918,16.24,738,1188
bordimi01,Mike Bordick,6484.0,1500,91,500,96.0,11.385663713515836,33.74799704684917,26.8,739,691
wardjo01,John Ward,8114.0,2107,26,421,540.0,4.24419300395778,33.72985967062446,62.31,740,115
schwaky01,Kyle Schwarber,5384.0,1050,340,764,37.0,-11.170695741798216,33.71847092486845,22.38,741,845
kressre01,Red Kress,5664.0,1454,89,474,47.0,1.25923013772318,33.700730137723205,14.04,742,1332
schalra01,Ray Schalk,6217.0,1345,11,638,177.0,13.98333333333333,33.69516666666666,33.4,743,501
johnsch04,Charles Johnson,4385.0,940,167,475,6.0,8.672716049382716,33.67438271604938,22.63,744,836
baergca01,Carlos Baerga,5895.0,1583,134,291,59.0,1.3378167195485944,33.65331671954859,19.57,745,984
garvest01,Steve Garvey,9466.0,2599,272,479,83.0,-22.318839847088235,33.55099348624509,38.1,746,408
penato01,Tony Peña,7073.0,1687,107,455,80.0,14.500233214033804,33.54789988070045,24.73,747,763
ruelmu01,Muddy Ruel,5292.0,1242,4,606,61.0,11.08353789705609,33.5270378970561,20.95,748,920
escobyu01,Yunel Escobar,5957.0,1501,90,509,34.0,3.0318159972795033,33.45448266394618,26.88,749,688
fieldce01,Cecil Fielder,5939.0,1313,319,693,2.0,-12.391176555605984,33.4404901110607,17.23,750,1110
cravaga01,Gavvy Cravath,4645.0,1134,119,561,89.0,-9.459717134528248,33.4261161988051,34.62,751,473
sierrru01,Ruben Sierra,8782.0,2152,306,610,142.0,-16.839359407510425,33.39797392582294,16.759999999999998,752,1147
bailebo01,Bob Bailey,7043.0,1564,189,852,85.0,-5.82473709995072,33.39142956671594,28.83,753,614
zimmehe01,Heinie Zimmerman,5740.0,1566,58,242,175.0,1.613713944302858,33.3505472776362,33.17,754,508
huntro01,Ron Hunt,6158.0,1429,39,555,65.0,2.9584869081585454,33.33565357482522,32.65,755,521
heywaja01,Jason Heyward,6982.0,1575,186,706,125.0,-5.008215139945864,33.292618193387476,41.48,756,342
dejesda01,David DeJesus,5916.0,1434,99,510,66.0,-1.1230506601764438,33.21894933982354,23.419999999999998,757,807
burnsge02,George Burns,7233.0,2018,72,363,154.0,-13.728192184704573,33.14580781529541,34.8,758,465
koskico01,Corey Koskie,3950.0,936,124,458,71.0,0.9424788288595021,33.076645495526165,24.57,759,766
stairma01,Matt Stairs,6023.0,1366,265,717,30.0,-15.199545470113048,33.0711211965536,14.129999999999999,760,1328
samueju01,Juan Samuel,6664.0,1578,161,440,396.0,-1.8174505029261954,33.04788283040711,16.98,761,1132
beltbr01,Brandon Belt,5483.0,1232,194,678,47.0,-9.264700399541471,33.03546626712521,29.92,762,580
crandde01,Del Crandall,5581.0,1276,179,424,26.0,10.575262276703452,33.0025956100368,28.03,763,645
kellyge01,George Kelly,6565.0,1778,148,386,65.0,-9.615555475189819,33.001277858143546,25.91,764,719
hoilech01,Chris Hoiles,3338.0,739,151,435,5.0,5.537796299169228,32.995962965835886,23.49,765,805
wisesa01,Sam Wise,5140.0,1281,48,389,203.0,4.613101143600465,32.95493447693381,20.26,766,953
lucrojo01,Jonathan Lucroy,4591.0,1134,108,369,30.0,7.584556366134974,32.953889699468306,17.47,767,1098
thomago01,Gorman Thomas,5486.0,1051,268,697,50.0,0.566589099837018,32.90725576650368,19.790000000000003,768,975
tucketo01,Tommy Tucker,7273.0,1882,42,481,352.0,-14.209567762794128,32.872765570539215,24.35,769,778
thornan01,Andre Thornton,6293.0,1342,253,876,48.0,-14.971749809855911,32.856916856810756,24.18,770,786
victosh01,Shane Victorino,5164.0,1274,108,381,231.0,-0.7140028856732951,32.85583044766004,31.419999999999998,771,550
jordabr01,Brian Jordan,5646.0,1454,184,353,119.0,-4.494837476620943,32.78466252337908,32.94,772,515
kotsama01,Mark Kotsay,7109.0,1784,127,554,98.0,-2.176164185246722,32.77450248141992,21.35,773,898
karroer01,Eric Karros,7100.0,1724,284,552,59.0,-10.665756848313537,32.75840981835315,10.41,774,1564
beschbo01,Bob Bescher,5277.0,1171,28,619,428.0,0.6088817970311069,32.7488817970311,21.84,775,875
halleto01,Tom Haller,4519.0,1011,134,477,14.0,7.9655165250880415,32.73384985842137,29.3,776,598
mcreyke01,Kevin McReynolds,6039.0,1439,211,522,93.0,-4.716092761741203,32.704407238258774,30.1,777,576
brunato01,Tom Brunansky,7169.0,1543,271,770,69.0,-7.325611703924513,32.67955496274216,21.97,778,865
walkene01,Neil Walker,5152.0,1224,149,460,32.0,2.3552315547721046,32.625564888105444,19.99,779,965
iannech01,Chris Iannetta,4253.0,820,141,576,11.0,7.826177268328216,32.55634393499489,14.87,780,1270
belliro01,Ronnie Belliard,5641.0,1377,114,488,43.0,1.5870342683650804,32.550867601698414,20.77,781,931
greenmi01,Mike Greenwell,5166.0,1400,130,460,80.0,-9.63580372229475,32.542196277705244,25.79,782,725
byrdma01,Marlon Byrd,6123.0,1534,159,382,56.0,-1.5691897058810613,32.50981029411894,25.99,783,716
johnsro02,Roy Johnson,4886.0,1292,58,489,135.0,-3.673723334395523,32.49744333227116,17.3,784,1104
meuseir01,Irish Meusel,5309.0,1521,106,269,113.0,-5.723507860383835,32.48465880628284,21.96,785,867
cabreme01,Melky Cabrera,7527.0,1962,144,510,101.0,-8.691442801247028,32.46605719875294,21.14,786,909
krukjo01,John Kruk,4603.0,1170,100,649,58.0,-8.974323934481404,32.46400939885193,25.07,787,746
palmede01,Dean Palmer,5513.0,1229,275,502,48.0,-3.869098750190239,32.45456791647643,13.29,788,1373
flagsir01,Ira Flagstead,4791.0,1202,40,467,71.0,1.7426429733785604,32.451142973378566,18.71,789,1034
avilabo01,Bobby Avila,5343.0,1296,80,561,78.0,2.5209024833694835,32.39790248336947,28.5,790,624
harpeto01,Tommy Harper,7164.0,1609,146,753,408.0,-5.4925418605247565,32.380458139475245,25.72,791,731
reynoca01,Carl Reynolds,4879.0,1357,80,260,112.0,-2.042861161974964,32.366472171358375,22.05,792,861
erstada01,Darin Erstad,6615.0,1697,124,475,179.0,-3.5568969640556185,32.34460303594439,32.29,793,532
headlch01,Chase Headley,5761.0,1337,130,574,93.0,0.40976042262870144,32.22359375596201,26.8,794,691
desmoia01,Ian Desmond,5944.0,1432,181,387,181.0,1.2690746000716993,32.15290793340505,15.86,795,1206
offerjo01,Jose Offerman,6582.0,1551,57,772,172.0,-3.4810940663007117,32.1229059336993,17.119999999999997,796,1118
maybejo01,John Mayberry,6446.0,1379,255,881,20.0,-14.678976864088815,32.09768980257784,24.970000000000002,797,749
uptonbj01,B. J. Upton,5854.0,1260,164,589,300.0,2.10588100610862,32.08121433944194,16.47,798,1170
moorete01,Terry Moore,5204.0,1318,80,406,82.0,4.230172333319763,32.07283899998644,21.400000000000002,799,894
donovpa01,Patsy Donovan,8172.0,2256,16,457,518.0,-12.096991289608514,32.01100871039149,19.38,800,1001
bellico01,Cody Bellinger,4764.0,1102,225,469,104.0,-4.349797309805308,31.963202690194684,34.43,801,479
blausje01,Jeff Blauser,5271.0,1187,122,569,65.0,0.00731769650018208,31.91781769650017,20.94,802,921
haleod01,Odell Hale,4122.0,1071,73,353,57.0,4.737485549203226,31.91098554920323,14.64,803,1290
slaugdo01,Don Slaught,4502.0,1151,77,311,18.0,7.895347313591168,31.910013980257826,19.35,804,1003
wilsoji01,Jimmie Wilson,5253.0,1358,32,356,86.0,9.330156440171802,31.90015644017179,11.17,805,1512
velarra01,Randy Velarde,4813.0,1171,100,463,78.0,2.920408822623086,31.891742155956415,24.93,806,752
bucknbi01,Bill Buckner,10033.0,2715,174,450,183.0,-14.57426969346643,31.88056363986688,15.05,807,1258
blakeca01,Casey Blake,5091.0,1186,167,445,36.0,0.6080126563391544,31.877012656339144,24.86,808,756
lugoju01,Julio Lugo,5338.0,1279,80,439,198.0,6.254267238573018,31.859600571906363,13.51,809,1364
kellyro01,Roberto Kelly,5226.0,1390,124,317,235.0,-1.0161482108393098,31.847351789160694,20.5,810,941
garneph01,Phil Garner,6860.0,1594,109,564,225.0,1.9495394125025645,31.795706079169236,29.71,811,584
devliar01,Art Devlin,5241.0,1185,10,576,285.0,1.553893653924574,31.784393653924575,36.71,812,432
evereca01,Carl Everett,5395.0,1304,202,442,107.0,-6.249070543746517,31.767762789586822,20.44,813,945
hafnetr01,Travis Hafner,4775.0,1107,213,598,11.0,-13.521454798330675,31.72071186833598,24.82,814,759
mertesa01,Sam Mertes,4999.0,1227,40,422,396.0,-3.390934493079812,31.66039884025352,23.8,815,796
moonwa01,Wally Moon,5566.0,1399,142,644,89.0,-11.357032855454289,31.650800477879045,24.97,816,750
hendeda01,Dave Henderson,5677.0,1324,197,465,50.0,1.5135082006952536,31.62184153402858,27.62,817,656
campbbr01,Bruce Campbell,5369.0,1382,106,548,53.0,-9.593437827043553,31.57172883962311,16.830000000000002,818,1142
dunstsh01,Shawon Dunston,6276.0,1597,150,203,212.0,7.035130413937557,31.562130413937552,11.56,819,1495
penaca01,Carlos Peña,5892.0,1146,286,817,29.0,-11.572746764169935,31.54375323583007,25.48,820,737
martipe01,Pepper Martin,4521.0,1227,59,369,146.0,-3.3773888848436435,31.50961111515635,21.67,821,880
hardyjj01,J. J. Hardy,6309.0,1488,188,411,8.0,7.034791170762634,31.371791170762606,28.15,822,640
batteea01,Earl Battey,4104.0,969,104,421,13.0,7.4897530864197535,31.353253086419762,18.84,823,1029
swansda01,Dansby Swanson,5263.0,1186,164,457,106.0,5.407239949947455,31.318573283280795,31.71,824,540
sciosmi01,Mike Scioscia,5056.0,1131,68,567,29.0,9.864567901234569,31.280401234567886,26.09,825,713
mcquige02,George McQuinn,6597.0,1588,135,712,32.0,-11.07682825272956,31.25717174727047,21.42,826,893
ethiean01,Andre Ethier,5423.0,1367,162,519,29.0,-10.547137979040327,31.234028687626346,21.53,827,888
marioma01,Marty Marion,6141.0,1448,36,470,35.0,13.38863804146518,31.228138041465172,31.76,828,538
nevinph01,Phil Nevin,4703.0,1131,208,449,18.0,-3.457586161906428,31.183080504760238,15.94,829,1200
fletcel01,Elbie Fletcher,5826.0,1323,79,851,32.0,-9.742584711090807,31.158415288909207,33.34,830,502
saxst01,Steve Sax,7632.0,1949,54,556,444.0,-0.5792694114333813,31.142730588566632,25.7,831,732
hislela01,Larry Hisle,4780.0,1146,166,462,128.0,-2.876948378711636,31.12638495462169,24.98,832,748
suhrgu01,Gus Suhr,5989.0,1446,84,718,53.0,-12.624271964267965,31.075561369065372,22.26,833,850
bufordo01,Don Buford,5347.0,1203,93,672,200.0,-0.16131677698509983,31.051016556348223,36.169999999999995,834,442
montemi01,Miguel Montero,4343.0,973,126,446,5.0,6.971106143964704,31.03527281063137,14.200000000000001,835,1326
rosebjo01,John Roseboro,5527.0,1206,104,547,67.0,9.874364071409472,31.031197404742805,22.48,836,839
ziskri01,Richie Zisk,5737.0,1477,207,533,8.0,-11.95870103945108,31.00663229388224,25.09,837,745
titusjo01,John Titus,5818.0,1401,38,620,140.0,-7.864660604441053,30.95367272889228,30.22,838,574
corcoto01,Tommy Corcoran,9400.0,2259,34,384,388.0,13.250463013726366,30.919796347059684,20.36,839,947
millake01,Kevin Millar,5382.0,1284,170,564,7.0,-9.241685057689772,30.89081494231022,14.23,840,1322
ellisma01,Mark Ellis,5728.0,1343,105,438,82.0,5.960204053490265,30.865537386823597,33.5,841,498
hundlto01,Todd Hundley,4305.0,883,202,453,14.0,6.759257342503548,30.85825734250354,10.88,842,1533
gonzato01,Tony Gonzalez,5793.0,1485,103,467,79.0,-3.459872678872226,30.78262732112778,27.04,843,680
reynoma01,Mark Reynolds,6243.0,1283,298,707,64.0,-8.57443878556524,30.770561214434775,6.86,844,1777
wilmowa01,Walt Wilmot,4382.0,1100,58,350,383.0,-0.0219871872156304,30.62317947945102,14.23,845,1322
blairpa01,Paul Blair,6673.0,1513,134,449,171.0,9.688069822576043,30.599903155909374,37.74,846,411
wynegbu01,Butch Wynegar,5067.0,1102,65,626,10.0,9.135357923330247,30.53935792333026,26.47,847,699
kurowwh01,Whitey Kurowski,3691.0,925,106,369,19.0,1.6867384171608726,30.521571750494196,24.57,848,766
shottbu01,Burt Shotton,5742.0,1338,9,713,293.0,2.312266927485029,30.486766927485018,23.34,849,810
anderjo01,John Anderson,6773.0,1843,50,310,338.0,-8.259892707978919,30.477773958687738,28.259999999999998,850,636
youngdm01,Dmitri Young,5252.0,1389,171,407,25.0,-9.73311253819023,30.472054128476422,12.23,851,1458
alonspe01,Pete Alonso,4316.0,951,264,419,18.0,-6.458063821533915,30.438602845132756,26.78,852,694
rivermi01,Mickey Rivers,6027.0,1660,61,266,267.0,1.4246921167889994,30.403192116788993,32.67,853,520
herzobu01,Buck Herzog,6047.0,1370,20,427,320.0,7.852440078374277,30.376106745040953,26.59,854,696
bonurze01,Zeke Bonura,4026.0,1099,119,404,19.0,-6.755327806324317,30.375172193675674,21.06,855,913
hidalri01,Richard Hidalgo,3927.0,929,171,358,48.0,-0.7995157689416061,30.33348423105839,19.17,856,1015
jonesru01,Ruppert Jones,5038.0,1103,147,534,143.0,3.433832595867668,30.255665929200994,22.64,857,835
templjo01,Johnny Temple,6035.0,1484,22,648,140.0,-0.2751569631505376,30.248509703516117,17.13,858,1117
larocad01,Adam LaRoche,6329.0,1452,255,649,13.0,-12.769410107155934,30.223756559510708,14.379999999999999,859,1314
baezja01,Javier Baez,5115.0,1206,193,228,115.0,8.28889203185208,30.219392031852088,26.95,860,683
walketo04,Todd Walker,5055.0,1316,107,421,66.0,-2.7694706000320553,30.208529399967944,10.52,861,1555
davisal01,Alvin Davis,5010.0,1189,160,685,7.0,-11.566708830892157,30.18779116910784,20.0,862,964
ruizca01,Carlos Ruiz,4069.0,935,71,403,25.0,7.710481680254494,30.154315013587826,22.44,863,842
merriwh01,Whit Merrifield,4866.0,1249,94,315,218.0,2.808853233883835,30.12085323388383,17.72,864,1088
thompja01,Jason Thompson,5686.0,1253,208,816,8.0,-12.710668794354252,29.980664538979067,24.94,865,751
cooledu01,Duff Cooley,5854.0,1579,26,366,224.0,-1.189564010616163,29.91176932271718,15.129999999999999,866,1253
hornebo01,Bob Horner,4213.0,1047,218,369,14.0,-3.499121994924586,29.90221133840875,21.86,867,874
parrila01,Larry Parrish,7450.0,1789,256,529,30.0,-9.23077820809839,29.882555125234944,15.66,868,1224
muncyma01,Max Muncy,3980.0,755,214,604,18.0,-2.297696791962011,29.867969874704652,31.03,869,555
lefloro01,Ron LeFlore,4872.0,1283,59,363,455.0,0.5277935250422573,29.854293525042245,18.06,870,1068
davisha01,Harry Davis,7379.0,1841,75,525,285.0,-13.783217163712601,29.81094950295406,38.47,871,395
scutama01,Marco Scutaro,5486.0,1355,77,474,55.0,2.487056645745531,29.796223312412188,22.07,872,857
michaca01,Cass Michaels,5020.0,1142,53,566,64.0,7.885743822912351,29.796077156245673,15.87,873,1205
matsuhi01,Hideki Matsui,5056.0,1253,175,547,13.0,-9.713226033825913,29.765607299507415,21.23,874,902
landiji01,Jim Landis,5025.0,1061,93,588,139.0,4.139711095801068,29.763211095801058,20.61,875,937
sweenbi02,Bill Sweeney,4262.0,1004,11,423,172.0,9.082518887434473,29.748185554101156,13.66,876,1355
burleri01,Rick Burleson,5717.0,1401,50,420,72.0,10.223942516352144,29.713609183018825,22.78,877,831
rowanaa01,Aaron Rowand,4817.0,1193,136,261,67.0,1.8262419787652995,29.698408645431975,20.85,878,927
dunlafr01,Fred Dunlap,4264.0,1159,41,283,85.0,5.839555724145975,29.67638905747931,36.98,879,425
adamssp01,Sparky Adams,6174.0,1588,9,453,154.0,4.502669060409911,29.613669060409926,17.74,880,1086
molinbe01,Bengie Molina,5159.0,1317,144,208,3.0,9.05074074074074,29.5659074074074,10.69,881,1539
johnsda02,Davey Johnson,5465.0,1252,136,559,33.0,0.20028027130443168,29.53644693797109,27.52,882,658
foxpe01,Pete Fox,6168.0,1678,65,392,158.0,-6.141320793503482,29.508679206496527,16.17,883,1191
harrijo03,Joe Harris,3574.0,963,47,413,36.0,-5.3609182257671435,29.485415107566183,26.22,884,711
jeffegr01,Gregg Jefferies,6072.0,1593,126,472,196.0,-8.748439882949034,29.45256011705095,19.57,885,984
thompro01,Robby Thompson,5235.0,1187,119,439,103.0,4.134053635428669,29.423553635428657,33.85,886,490
gomezca01,Carlos Gomez,5227.0,1189,145,319,268.0,3.48618666535083,29.423519998684164,24.32,887,779
hamilda02,Darryl Hamilton,5176.0,1333,51,493,163.0,-0.7486823332111584,29.359151000122175,16.73,888,1150
guerrvl02,Vladimir Guerrero,4220.0,1077,183,430,26.0,-8.373643052543116,29.32702361412355,26.79,889,693
russebr01,Branch Russell,3393.0,889,57,370,80.0,-3.272869816871949,29.28213018312805,21.21,890,906
nimmobr01,Brandon Nimmo,4365.0,974,135,524,54.0,-3.467574078581349,29.250425921418657,27.46,891,663
bennech01,Charlie Bennett,4310.0,978,55,478,42.0,7.345156758517199,29.24682342518387,38.77,892,383
pradoma01,Martin Prado,5861.0,1542,100,385,40.0,-1.3549686184624665,29.19969804820421,27.48,893,662
kingmda01,Dave Kingman,7429.0,1575,442,608,85.0,-14.170381897038306,29.174451436295033,17.28,894,1108
selkige01,George Selkirk,3322.0,810,108,486,49.0,-3.9353333944514537,29.134499938881874,23.37,895,809
cutshge01,George Cutshaw,6213.0,1487,25,300,271.0,13.511885812210684,29.124385812210694,16.259999999999998,896,1185
thomacl03,Clint Thomas,3561.0,948,65,272,164.0,-1.5737782971301617,29.09322170286982,15.459999999999999,897,1232
mumphje01,Jerry Mumphrey,5545.0,1442,70,478,174.0,-2.086461826422281,29.063871506911063,22.31,898,848
gradymi01,Mike Grady,3430.0,884,35,311,114.0,1.6347752036746432,28.967108537007977,17.23,899,1110
bumbral01,Al Bumbry,5619.0,1422,54,471,254.0,0.367493878167825,28.95349387816784,24.470000000000002,900,773
lezcasi01,Sixto Lezcano,4814.0,1122,148,576,37.0,-5.4937968941280575,28.94536977253863,28.27,901,635
milleed03,Eddie Miller,5816.0,1270,97,351,64.0,18.13935415111847,28.926020817785126,22.2,902,851
crossmo01,Monte Cross,6721.0,1365,31,616,328.0,9.22952068486597,28.917854018199296,16.43,903,1175
northbi01,Bill North,4621.0,1016,20,627,395.0,5.6249486191324,28.91578195246572,26.810000000000002,904,690
mcganda01,Dan McGann,6051.0,1482,42,429,282.0,-11.122712602667798,28.910287397332212,34.699999999999996,905,470
loducpa01,Paul Lo Duca,4302.0,1112,80,266,20.0,6.491549086114712,28.890549086114714,17.87,906,1076
dimagvi01,Vince DiMaggio,4310.0,959,125,412,79.0,6.335304793710021,28.886471460376704,17.29,907,1106
milledo01,George Miller,5695.0,1381,33,467,260.0,4.440118195359604,28.881451528692942,19.14,908,1017
bradlmi01,Milton Bradley,4178.0,976,125,496,88.0,-2.5372750625202767,28.87739160414639,16.869999999999997,909,1139
raderdo02,Doug Rader,5832.0,1302,155,528,37.0,2.469838312309535,28.85333831230953,24.3,910,781
herrto01,Tom Herr,6111.0,1450,28,627,188.0,1.3654745256564407,28.83747452565644,23.55,911,802
sewellu01,Luke Sewell,6041.0,1393,20,486,65.0,12.355496022300722,28.82866268896738,4.58,912,1895
burroje01,Jeff Burroughs,6449.0,1443,240,831,16.0,-16.425693150251877,28.764973516414774,17.79,913,1082
riceha01,Harry Rice,4247.0,1118,48,376,59.0,0.6085081492241816,28.76367481589084,16.06,914,1196
southbi01,Billy Southworth,4927.0,1296,52,402,138.0,-1.7075142270988146,28.751819106234514,21.79,915,877
sanguma01,Manny Sanguillen,5380.0,1500,65,223,35.0,5.8570735080009655,28.7499068413343,27.61,916,657
haasmu01,Mule Haas,4976.0,1257,43,433,12.0,0.13985790451048247,28.746524571177144,12.42,917,1444
wilsopr01,Preston Wilson,4436.0,1055,189,350,124.0,-1.4450293913662235,28.74463727530044,6.3999999999999995,918,1802
ramiral03,Alexei Ramirez,5505.0,1387,115,263,143.0,8.687479973605013,28.700979973605012,21.84,919,875
batesjo02,Johnny Bates,4597.0,1087,25,503,187.0,-1.5247677571391662,28.689065576194167,21.98,920,864
taylobe99,Ben Taylor,3835.0,1112,33,343,102.0,-6.682338736852377,28.67799459648098,17.060000000000002,921,1125
doranbi02,Bill Doran,5922.0,1366,84,709,209.0,-3.4733610665386236,28.568138933461388,32.79,922,517
steinha01,Harry Steinfeldt,6691.0,1578,27,471,202.0,0.5545041039250552,28.563837437258382,29.94,923,579
kennete02,Terry Kennedy,5421.0,1313,113,365,6.0,9.425116100835519,28.556116100835517,21.560000000000002,924,885
menkede01,Denis Menke,5934.0,1270,101,698,34.0,1.8000869821828853,28.52008698218291,28.07,925,642
willijo03,Josh Willingham,4615.0,988,195,553,35.0,-8.392160786089581,28.505672547243762,18.9,926,1027
caseyse01,Sean Casey,5644.0,1531,130,477,18.0,-14.620782920970186,28.50255041236314,16.46,927,1172
nixontr01,Trot Nixon,4224.0,995,137,504,30.0,-5.779190044815063,28.49980995518494,21.23,928,902
strunam01,Amos Strunk,5803.0,1418,15,573,185.0,-1.8829982889322268,28.49883504440111,27.650000000000002,929,655
mcnaihu01,Hurley McNair,3404.0,960,45,331,131.0,-5.247248250113754,28.478918416552915,21.909999999999997,930,872
allenne02,Newt Allen,4476.0,1140,22,334,166.0,4.7426132778925965,28.4736132778926,24.13,931,789
youngch04,Chris Young,5316.0,1109,191,520,142.0,0.4305829522802348,28.39358295228023,16.64,932,1152
severha01,Hank Severeid,4787.0,1245,17,331,35.0,8.382406290114657,28.36057295678132,19.080000000000002,933,1021
seguida01,David Segui,5449.0,1412,139,524,17.0,-10.491619868082882,28.355213465250454,10.44,934,1563
vinafe01,Fernando Vina,4742.0,1196,40,288,116.0,4.674815499801637,28.315482166468296,12.3,935,1455
rayjo01,Johnny Ray,5657.0,1502,53,353,80.0,2.606715574779725,28.312382241446404,24.18,936,786
mcraebr01,Brian McRae,5737.0,1336,103,488,196.0,0.09885477187286469,28.30818810520621,14.34,937,1318
creacde01,Dewey Creacy,3990.0,1025,85,332,56.0,0.030301911695804762,28.30030191169581,15.68,938,1222
mayle01,Lee May,8219.0,2031,354,487,39.0,-17.82987306437007,28.2982936022966,27.3,939,670
fredejo01,Johnny Frederick,3364.0,954,85,210,23.0,1.3100517151328028,28.241885048466127,16.58,940,1157
harpege02,George Harper,3927.0,1030,91,389,58.0,-4.21919263170673,28.214807368293258,18.07,941,1067
moustmi01,Mike Moustakas,5577.0,1252,215,399,21.0,1.8468798894364753,28.21137988943646,12.71,942,1426
romanjo01,John Romano,3256.0,706,129,414,7.0,5.1337216329041935,28.19455496623752,20.92,943,922
siebeno01,Norm Siebern,5267.0,1217,132,708,18.0,-9.20443444563763,28.193232221029017,21.0,944,916
colliri02,Ripper Collins,4205.0,1121,135,356,18.0,-7.822609035702497,28.158057630964162,24.52,945,769
whitter01,Ernie Whitt,4271.0,938,134,436,22.0,7.747654320987655,28.123320987654335,18.25,946,1056
virdobi01,Bill Virdon,6522.0,1596,91,442,47.0,6.121751485213417,28.123251485213416,19.54,947,990
frazito01,Todd Frazier,4949.0,1059,218,438,73.0,0.026391940010396863,28.054558606677073,25.84,948,721
fergujo01,Joe Ferguson,3624.0,719,122,562,22.0,4.52364854206712,28.04364854206713,20.96,949,919
alomasa02,Sandy Alomar,4865.0,1236,112,212,25.0,9.242405920378548,28.02757258704521,13.71,950,1353
figgich01,Chone Figgins,5360.0,1298,35,540,341.0,-0.1292598617408423,28.004906804925827,22.04,951,862
driesda01,Dan Driessen,6344.0,1464,153,761,154.0,-13.284944677234652,27.988721989432044,20.560000000000002,952,939
peitzhe01,Heinie Peitz,4646.0,1117,16,410,91.0,6.93738388913864,27.94855055580531,19.580000000000002,953,983
mccorfr01,Frank McCormick,6207.0,1711,128,399,27.0,-11.396197065475764,27.94630293452422,31.69,954,542
meltobi01,Bill Melton,4557.0,1004,160,479,23.0,2.304112346135786,27.903612346135787,18.7,955,1036
weeksri01,Rickie Weeks,5112.0,1087,161,533,132.0,-4.7184803725594735,27.829519627440515,11.57,956,1494
zernigu01,Gus Zernial,4561.0,1093,237,383,15.0,-4.663223201467963,27.818610131865352,8.42,957,1693
boyercl02,Clete Boyer,6365.0,1396,162,470,41.0,10.965748528102935,27.783915194769587,27.79,958,652
hosmeer01,Eric Hosmer,6977.0,1753,198,562,76.0,-12.565796207295847,27.782870459370805,19.099999999999998,959,1020
tovarce01,Cesar Tovar,6177.0,1546,46,413,226.0,1.7214237542147477,27.76742375421474,28.25,960,637
pippwa01,Wally Pipp,7820.0,1941,90,596,125.0,-14.04034382757654,27.749822839090143,31.44,961,548
albieoz01,Ozzie Albies,4469.0,1086,157,307,98.0,0.2380873967889329,27.744754063455595,26.29,962,708
hubbagl01,Glenn Hubbard,5122.0,1084,70,539,35.0,10.668091333960147,27.710924667293472,19.22,963,1011
hurstdo01,Don Hurst,3762.0,976,115,391,41.0,-5.885775528507261,27.69272447149274,12.83,964,1414
fletcda01,Darrin Fletcher,4270.0,1048,124,255,2.0,7.012777777777776,27.681111111111125,7.6499999999999995,965,1734
sandopa01,Pablo Sandoval,5052.0,1279,153,357,12.0,-2.29764152967645,27.677358470323536,19.07,966,1022
macfami01,Mike Macfarlane,4043.0,906,129,295,12.0,6.461172839506173,27.667839506172847,14.65,967,1287
bellge02,George Bell,6586.0,1702,265,331,67.0,-12.861600644274706,27.649232689058653,20.009999999999998,968,963
eckstda01,David Eckstein,5705.0,1414,35,376,123.0,2.8227214816233634,27.628888148290013,20.85,969,927
washicl01,Claudell Washington,7367.0,1884,164,468,312.0,-11.779023852578312,27.596642814088334,19.560000000000002,970,986
martida01,Dave Martinez,6480.0,1599,91,567,183.0,-5.044561032171954,27.575938967828016,19.130000000000003,971,1019
weisswa01,Walt Weiss,5515.0,1207,25,658,96.0,5.53652607034026,27.531859403673593,16.529999999999998,972,1163
stirnsn01,Snuffy Stirnweiss,4292.0,989,29,541,134.0,3.4506787670152237,27.511345433681885,27.45,973,664
hoppjo01,Johnny Hopp,4804.0,1262,46,464,128.0,-7.241771621004224,27.481561712329096,26.11,974,712
curtich01,Chad Curtis,4650.0,1061,101,510,212.0,0.01624293307575044,27.403242933075763,14.03,975,1333
simmoan01,Andrelton Simmons,4816.0,1169,70,304,72.0,12.346746798585997,27.38008013191934,36.5,976,437
eversho01,Hoot Evers,4310.0,1055,98,415,45.0,0.25577328766433,27.348939954331,13.04,977,1397
magadda01,Dave Magadan,4963.0,1197,42,718,11.0,-6.862454088990196,27.312379244343116,21.1,978,910
johnske05,Kelly Johnson,5137.0,1140,155,516,87.0,-0.9979811171246318,27.3048522162087,16.39,979,1179
hoakdo01,Don Hoak,4945.0,1144,89,523,64.0,1.0462461634084765,27.266579496741816,21.23,980,902
niemabo01,Bob Nieman,3947.0,1018,125,435,10.0,-5.967167520656322,27.20149914601034,17.6,981,1093
triangu01,Gus Triandos,4426.0,954,167,440,1.0,5.694578463296581,27.156411796629918,14.05,982,1330
adamewi01,Willy Adames,4293.0,933,180,428,63.0,2.7313461444469853,27.147846144446977,26.880000000000003,983,687
austiji01,Jimmy Austin,6302.0,1328,13,592,244.0,9.561933747181588,27.142600413848253,21.9,984,873
robinwi01,Wilbert Robinson,5430.0,1388,18,286,196.0,9.825180922759653,27.133180922759657,6.48,985,1797
kennead01,Adam Kennedy,6054.0,1488,80,401,179.0,0.20071238551496728,27.13021238551496,20.86,986,926
hernajo01,Jose Hernandez,5089.0,1166,168,384,41.0,4.935069052062384,27.10990238539572,13.329999999999998,987,1370
cardele01,Leo Cardenas,7402.0,1725,118,522,39.0,5.70819047946638,27.101023812799706,27.259999999999998,988,672
ingebr01,Brandon Inge,5617.0,1166,152,443,45.0,9.72193187831472,27.08276521164804,19.17,989,1015
barreji01,Jimmy Barrett,3835.0,962,16,440,143.0,2.010322544135483,27.077155877468805,19.939999999999998,990,970
reedjo01,Jody Reed,5248.0,1231,27,542,40.0,5.266056577830552,27.061389911163882,15.89,991,1202
tuckeky01,Kyle Tucker,3141.0,748,147,363,119.0,-3.152112676739502,27.045387323260496,27.240000000000002,992,673
woodge01,George Wood,5821.0,1467,68,418,113.0,-2.740879647859267,26.97995368547406,19.240000000000002,993,1008
malzofr01,Frank Malzone,5868.0,1486,133,337,14.0,3.4749919677122088,26.913991967712185,16.44,994,1173
carrofr01,Fred Carroll,3290.0,820,27,348,137.0,1.8427961526090815,26.894962819275754,21.92,995,871
johnsji01,Jimmy Johnston,5628.0,1493,22,391,169.0,0.44841518215759396,26.845915182157597,17.419999999999998,996,1101
oberkke01,Ken Oberkfell,5528.0,1354,29,546,62.0,1.4554065661491014,26.819073232815764,22.41,997,843
goodmiv01,Ival Goodman,4440.0,1104,95,382,49.0,-4.538312065524314,26.808187934475676,24.490000000000002,998,771
smithre02,Red Smith,4517.0,1087,27,420,117.0,1.7220970994944924,26.80426376616115,27.81,999,651
hemusso01,Solly Hemus,3250.0,736,51,456,21.0,1.7901597346940457,26.733993068027377,25.95,1000,717
judniwa01,Wally Judnich,3207.0,782,90,385,20.0,1.9845469702909355,26.692546970290937,15.870000000000001,1001,1203
chambch01,Chris Chambliss,8305.0,2109,185,632,40.0,-16.953239585441235,26.68609374789209,27.5,1002,660
gamblos01,Oscar Gamble,5197.0,1195,200,610,47.0,-11.823298932405061,26.651534400928263,22.92,1003,825
wietema01,Matt Wieters,4428.0,996,146,368,9.0,7.325009324887742,26.624509324887732,18.19,1004,1060
zaungr01,Gregg Zaun,4042.0,878,88,479,23.0,5.7383006726818495,26.57513400601518,13.7,1005,1354
whitech03,Chaney White,3585.0,994,35,318,77.0,-1.6438589004677766,26.533641099532225,12.85,1006,1412
masiph01,Phil Masi,3946.0,917,47,410,45.0,7.813961769716235,26.50579510304957,14.48,1007,1304
hattogr01,Grady Hatton,4912.0,1068,91,646,42.0,0.3477182536839284,26.49905158701727,18.63,1008,1041
javiest01,Stan Javier,5755.0,1358,57,578,246.0,-2.6905275382506035,26.498805795082717,25.46,1009,740
batisto01,Tony Batista,4959.0,1146,221,287,47.0,1.8565283827743273,26.48102838277432,13.76,1010,1351
guilljo01,Jose Guillen,6414.0,1591,214,321,31.0,-8.37013781082097,26.434362189179012,6.34,1011,1804
roberbi01,Bip Roberts,4631.0,1220,30,396,264.0,-0.8471136937389329,26.43255297292773,20.5,1012,941
mancugu01,Gus Mancuso,5025.0,1194,53,418,8.0,10.166666666666666,26.426666666666666,10.48,1013,1561
wilsoja02,Jack Wilson,5339.0,1294,61,270,43.0,12.44432459488888,26.418491261555545,23.47,1014,806
hartji01,Jim Ray Hart,4236.0,1052,170,380,17.0,-4.318681705767041,26.417818294232955,24.91,1015,755
bradlbi01,Bill Bradley,6046.0,1471,34,290,181.0,3.136541089207241,26.398374422540577,36.58,1016,433
polanjo01,Jorge Polanco,4522.0,1063,154,393,61.0,-0.6749660720776742,26.35386726125567,19.14,1017,1017
mctamji01,Jim McTamany,3682.0,794,19,535,255.0,-0.003429825843684142,26.31340350748966,13.57,1018,1360
radfopa01,Paul Radford,5822.0,1206,13,790,346.0,-1.1014412349742302,26.267225431692445,12.15,1019,1461
willine01,Ed Williamson,5082.0,1159,64,506,88.0,1.9567499112940994,26.246749911294103,35.7,1020,450
allenet01,Ethan Allen,4765.0,1325,47,223,84.0,0.7638917771435978,26.23422511047692,7.65,1021,1733
crookja01,Jack Crooks,3471.0,671,21,612,220.0,2.341280271466906,26.221280271466895,15.41,1022,1236
overbly01,Lyle Overbay,5796.0,1355,151,638,19.0,-10.770366440692122,26.213133559307874,16.320000000000004,1023,1183
heldwo01,Woodie Held,4645.0,963,179,508,14.0,0.6529935354716014,26.200326868804932,21.97,1024,865
cashda01,Dave Cash,6057.0,1571,21,424,120.0,4.074953207507528,26.180953207507525,25.56,1025,734
slaglji01,Jimmy Slagle,5779.0,1343,2,619,274.0,0.4835489759950377,26.170882309328363,15.81,1026,1211
kessido01,Don Kessinger,8529.0,1931,14,684,100.0,13.2637533015341,26.15975330153409,8.9,1027,1661
kempst01,Steve Kemp,4714.0,1128,130,576,39.0,-8.224840286031608,26.11599304730172,19.509999999999998,1028,995
sheelea01,Earl Sheely,5263.0,1340,48,563,33.0,-9.39426466569341,26.112568667639913,20.02,1029,962
casege01,George Case,5515.0,1415,21,426,349.0,0.6157256961022796,26.109559029435605,17.76,1030,1084
tayloto02,Tony Taylor,8501.0,2007,75,613,234.0,-0.5025681081740373,26.066098558492648,23.2,1031,814
torregl01,Gleyber Torres,4301.0,1006,154,418,57.0,-0.40929453417457784,26.053872132492096,20.85,1032,927
dempsri01,Rick Dempsey,5407.0,1093,96,592,20.0,10.13379834525507,26.053131678588393,25.16,1033,744
holloch01,Charlie Hollocher,3390.0,894,14,277,99.0,6.377562158962608,26.03906215896261,23.51,1034,804
avilaal01,Alex Avila,3638.0,714,105,528,8.0,5.91561465810208,26.029281324768743,16.77,1035,1144
bauerha01,Hank Bauer,5776.0,1424,164,521,50.0,-11.304668633358759,26.021664699974576,27.200000000000003,1036,675
drewst01,Stephen Drew,4917.0,1109,123,435,41.0,1.4529220159866647,26.000422015986658,15.81,1037,1211
riggibi01,Bill Riggins,3073.0,790,45,255,105.0,3.512216791349592,25.98505012468292,19.18,1038,1013
jonesch01,Charley Jones,4012.0,1115,56,237,20.0,-0.4645148606441111,25.94781847268922,26.39,1039,702
johnsju99,Judy Johnson,4022.0,1078,36,254,95.0,2.3247370742577633,25.93190374092443,15.700000000000001,1040,1221
russeji01,Jim Russell,4145.0,959,67,503,59.0,-0.5310864941009118,25.929080172565744,17.99,1041,1073
northji01,Jim Northrup,5215.0,1254,153,449,39.0,-3.402996281618787,25.91383705171455,22.04,1042,862
booneaa01,Aaron Boone,4329.0,1017,126,303,107.0,1.5448677527436743,25.888367752743676,13.56,1043,1361
hogansh01,Shanty Hogan,3474.0,939,61,220,6.0,6.6637594095260395,25.873759409526038,14.4,1044,1311
kipnija01,Jason Kipnis,4984.0,1147,126,467,136.0,-3.1058904138556653,25.860442919477673,21.07,1045,912
critzhu01,Hughie Critz,6415.0,1591,38,289,97.0,11.512158524655153,25.8429918579885,16.91,1046,1137
kingje01,Jeff King,4812.0,1091,154,442,75.0,-0.34853507943644785,25.82696492056355,16.85,1047,1141
ramoswi01,Wilson Ramos,3781.0,946,136,245,1.0,6.572962962962963,25.80679629629629,15.26,1048,1243
gagnegr01,Greg Gagne,6207.0,1440,111,367,108.0,8.15642886475283,25.801428864752825,26.259999999999998,1049,709
clarkto02,Tony Clark,5120.0,1188,251,527,6.0,-12.654251600824722,25.800415065841907,12.27,1050,1456
briggjo02,John Briggs,4837.0,1041,139,663,64.0,-5.030009773992445,25.75232355934088,24.01,1051,793
cunnijo01,Joe Cunningham,4061.0,980,64,599,16.0,-8.149178391843922,25.747488274822746,22.3,1052,849
mcmulke01,Ken McMullen,5730.0,1273,156,510,20.0,4.626213384326606,25.735213384326595,34.03,1053,488
lopatst01,Stan Lopata,3034.0,661,116,393,18.0,3.896571598678345,25.73090493201167,15.26,1054,1243
bellda01,David Bell,5380.0,1239,123,428,19.0,3.08767389644622,25.71450722977956,15.24,1055,1246
phillda01,Dave Philley,7000.0,1700,84,594,101.0,-3.716108487591575,25.679724845741738,7.91,1056,1717
hemslro01,Rollie Hemsley,5509.0,1321,31,357,29.0,11.123544664761203,25.673377998094537,3.7199999999999993,1057,1929
reynobr01,Bryan Reynolds,3999.0,966,138,365,41.0,-3.1578905503881622,25.662609449611846,24.26,1058,782
hanlone01,Ned Hanlon,5577.0,1318,30,472,329.0,3.155243322141076,25.65574332214108,18.08,1059,1065
happia01,Ian Happ,4449.0,950,173,540,70.0,-4.9343845835841735,25.62061541641583,25.07,1060,746
delahji01,Jim Delahanty,4688.0,1159,19,378,151.0,-1.212786270460747,25.59538039620591,18.97,1061,1024
bradlph01,Phil Bradley,4249.0,1058,78,432,155.0,-5.560606422587131,25.5912269107462,18.62,1062,1042
hattesc01,Scott Hatteberg,4876.0,1153,106,562,3.0,-5.767540384751425,25.58229294858191,10.02,1063,1591
gantnji01,Jim Gantner,6782.0,1696,47,383,137.0,6.011628954425357,25.561795621092017,22.45,1064,841
treshto01,Tom Tresh,4895.0,1041,153,550,45.0,-0.9488260323531538,25.538340634313514,21.93,1065,869
gilesma01,Marcus Giles,3340.0,813,76,318,70.0,2.918628486355067,25.47696181968841,16.72,1066,1151
polloaj01,AJ Pollock,4152.0,1032,145,291,122.0,-2.933115709170233,25.46788429082978,22.07,1067,857
felscha01,Happy Felsch,3129.0,825,38,207,88.0,5.6946714438026325,25.42967144380262,19.21,1068,1012
hayesch01,Charlie Hayes,5765.0,1379,144,420,47.0,1.7840434230103006,25.429210089676964,10.53,1069,1554
meyerch01,Jack Meyers,3226.0,826,14,274,44.0,6.512407407407407,25.422740740740743,26.08,1070,714
lopezhe01,Hector Lopez,5177.0,1251,136,418,16.0,-0.8533492633323301,25.408317403334344,12.709999999999999,1071,1427
counscr01,Craig Counsell,5476.0,1208,42,589,103.0,3.684517363018302,25.35435069635162,22.38,1072,845
rileyau01,Austin Riley,3489.0,850,169,264,7.0,-0.9114569268780397,25.336043073121967,23.55,1073,802
skowrbi01,Bill Skowron,6046.0,1566,211,383,16.0,-13.493734284416906,25.329599048916428,26.94,1074,685
fribebe01,Bernie Friberg,4795.0,1170,38,471,51.0,2.3174673614762087,25.307300694809562,4.35,1075,1906
jacksau01,Austin Jackson,4653.0,1145,65,374,114.0,2.2085510087984033,25.305551008798403,21.93,1076,869
orrda01,Dave Orr,3411.0,1125,37,98,66.0,-6.642879019624859,25.28812098037514,27.3,1077,670
buxtoby01,Byron Buxton,3417.0,768,168,234,117.0,1.6215552370722826,25.274055237072282,33.21,1078,507
lockmwh01,Whitey Lockman,6590.0,1658,114,552,43.0,-7.024307687856182,25.205858978810458,19.53,1079,991
nixonot01,Otis Nixon,5800.0,1379,11,585,620.0,0.4472166365639758,25.2025499698973,16.64,1080,1152
wongko01,Kolten Wong,4283.0,973,86,328,120.0,4.4906445659738505,25.20231123264053,22.939999999999998,1081,824
mcbriba01,Bake McBride,4202.0,1153,63,248,183.0,-1.3826597128931315,25.17750695377354,22.68,1082,833
eatonad02,Adam Eaton,3910.0,950,66,346,87.0,0.80445514567196,25.160288479005285,18.87,1083,1028
gonzaal01,Alex Gonzalez,5528.0,1209,137,392,97.0,6.231016498468959,25.11318316513563,11.180000000000001,1084,1511
grubbjo01,Johnny Grubb,4823.0,1153,99,566,27.0,-6.872638451758848,25.110528214907823,16.64,1085,1152
barremi01,Michael Barrett,3873.0,925,98,279,11.0,6.376375090793439,25.105875090793422,2.71,1086,1970
perezne01,Neifi Perez,5510.0,1370,64,231,57.0,11.593530169784083,25.09869683645075,2.58,1087,1974
burkeed01,Eddie Burke,3938.0,983,30,319,293.0,-1.2685110367642387,25.08765562990242,8.24,1088,1702
tebbebi01,Birdie Tebbetts,4149.0,1000,38,389,29.0,8.603333333333335,25.050833333333344,3.73,1089,1927
fletcsc01,Scott Fletcher,5976.0,1376,34,514,99.0,5.401027414396127,25.034527414396138,31.92,1090,537
moorejo02,Jo-Jo Moore,5848.0,1615,79,348,46.0,-7.4686562206764275,25.000677112656906,18.93,1091,1025
schulfr01,Frank Schulte,7413.0,1766,92,545,233.0,-13.195080255607689,24.994419744392296,23.09,1092,817
klingjo01,Johnny Kling,4645.0,1154,20,281,124.0,8.75055746570371,24.883890799037033,29.21,1093,601
butlebi03,Billy Butler,5686.0,1479,147,500,5.0,-14.543185129713496,24.86564820361984,11.77,1094,1481
milleda02,Damian Miller,3558.0,834,87,303,5.0,6.996865536050864,24.84336553605086,8.92,1095,1660
wiggity01,Ty Wigginton,4949.0,1170,169,371,42.0,-2.273651548578301,24.833015118088372,2.8499999999999996,1096,1966
wilsoda01,Dan Wilson,4616.0,1097,88,280,23.0,9.508282985042184,24.81944965170884,12.96,1097,1404
reisepe01,Pete Reiser,3053.0,786,58,343,87.0,-1.9851092334579454,24.80605743320873,24.53,1098,768
durhale01,Leon Durham,4067.0,992,147,444,106.0,-7.829508338422746,24.77815832824392,16.259999999999998,1099,1185
freesda01,David Freese,4229.0,1041,113,370,8.0,-1.7990682369232858,24.763598429743382,18.83,1100,1030
stockmi01,Milt Stock,6951.0,1806,22,455,155.0,-2.548740972281139,24.74675902771885,23.17,1101,815
hamnegr01,Granny Hamner,6291.0,1529,104,351,35.0,5.636478794690691,24.74597879469069,19.18,1102,1013
grimmch01,Charlie Grimm,8745.0,2299,79,578,57.0,-18.12132081026499,24.728179189735,12.52,1103,1434
bierblo01,Lou Bierbauer,6034.0,1524,34,268,206.0,8.164215400947425,24.685548734280765,13.969999999999999,1104,1338
stengca01,Casey Stengel,4869.0,1219,60,437,131.0,-6.0586193338334775,24.629880666166528,20.98,1105,918
wilsomo01,Mookie Wilson,5441.0,1397,67,282,327.0,1.5852239881268566,24.618390654793515,22.36,1106,847
hernate01,Teoscar Hernandez,4404.0,1054,217,304,59.0,-4.381899503601515,24.592600496398482,18.66,1107,1040
hendeke01,Ken Henderson,5227.0,1168,122,589,86.0,-3.6503709155121777,24.58996241782115,14.79,1108,1273
freembu01,Buck Freeman,4619.0,1235,82,272,92.0,-9.680555648095561,24.5771110185711,23.75,1109,798
demonge01,Gene DeMontreville,3932.0,1096,17,174,228.0,3.38833495538925,24.510001622055903,15.16,1110,1250
ashbyal01,Alan Ashby,4691.0,1010,90,461,7.0,8.969541679995384,24.48370834666205,11.08,1111,1522
robinya01,William Robinson,4179.0,827,16,667,272.0,-2.5505257450184464,24.466474254981556,11.87,1112,1475
lowrije01,Jed Lowrie,5196.0,1185,121,503,8.0,-1.6716880190424501,24.418311980957544,15.42,1113,1234
wittwh01,Whitey Witt,4771.0,1195,18,489,78.0,0.06726361805765517,24.40559695139099,13.65,1114,1357
loberha01,Hans Lobert,5227.0,1252,32,395,316.0,-2.972155821147484,24.383177512185846,22.53,1115,838
brosisc01,Scott Brosius,4356.0,1001,141,348,57.0,1.9357393885289724,24.379239388528973,15.719999999999999,1116,1220
bournmi01,Michael Bourn,5323.0,1272,36,445,341.0,1.3905773802831327,24.359410713616477,22.77,1117,832
russebi01,Bill Russell,8020.0,1926,46,483,167.0,6.538558913033725,24.358392246367035,31.259999999999998,1118,552
lopezfe01,Felipe Lopez,4864.0,1145,90,445,124.0,0.9978101254259236,24.346143458759258,7.529999999999999,1119,1743
gilkebe01,Bernard Gilkey,4626.0,1115,118,466,115.0,-6.7438508616441855,24.323649138355805,21.62,1120,883
wardga01,Gary Ward,4892.0,1236,130,351,83.0,-2.543988608610603,24.31717805805606,17.669999999999998,1121,1092
bochtbr01,Bruce Bochte,5994.0,1478,100,653,43.0,-11.27841869238947,24.155081307610537,19.37,1122,1002
fennefr01,Frank Fennelly,3451.0,781,34,378,175.0,3.608023665655078,24.135856998988412,19.23,1123,1010
lansimi01,Mike Lansing,4551.0,1124,84,299,119.0,2.6104401327825184,24.133940132782513,9.94,1124,1596
macksh01,Shane Mack,3218.0,853,80,256,90.0,-1.2422843186664718,24.107382348000193,21.63,1125,882
mcmahry01,Ryan McMahon,4007.0,845,144,423,31.0,4.192019804842072,24.105186471508745,17.75,1126,1085
paganan01,Angel Pagan,4462.0,1143,64,319,176.0,0.015792851028539445,24.10112618436188,17.84,1127,1079
phamth01,Tommy Pham,4828.0,1081,149,539,131.0,-6.918525288008683,24.029308045324658,18.3,1128,1055
carrach01,Chico Carrasquel,5259.0,1199,55,491,31.0,7.08512598433933,24.01462598433934,21.17,1129,908
postwa01,Wally Post,4397.0,1064,210,331,19.0,-5.962112901606927,23.963053765059733,18.169999999999998,1130,1062
aybarer01,Erick Aybar,5626.0,1402,58,285,155.0,4.985790836150935,23.928624169484266,22.82,1131,827
gonzaal02,Alex Gonzalez,6248.0,1418,157,300,30.0,6.1412054199579496,23.890872086624594,9.379999999999999,1132,1631
peralda01,David Peralta,4590.0,1166,125,336,39.0,-5.178437716881748,23.880062283118257,16.86,1133,1140
patekfr01,Freddie Patek,6246.0,1340,41,523,385.0,8.506526239423954,23.835026239423946,24.05,1134,792
mcinnst01,Stuffy McInnis,8623.0,2405,20,380,172.0,-15.378539557323943,23.807793776009373,35.52,1135,452
grothjo01,Johnny Groth,4302.0,1064,60,419,19.0,1.299774176108852,23.80427417610884,5.79,1136,1836
snodgfr01,Fred Snodgrass,3658.0,852,11,386,212.0,0.6280234413624548,23.79335677469579,14.57,1137,1297
davisto02,Tommy Davis,7739.0,2121,153,381,136.0,-13.634838128902079,23.75382853776457,20.310000000000002,1138,950
wambsbi01,Bill Wambsganss,6097.0,1359,7,490,140.0,7.249691121540371,23.75102445487371,3.71,1139,1930
trillma01,Manny Trillo,6573.0,1562,61,452,56.0,7.685945664469311,23.74094566446929,11.27,1140,1507
smithge01,Germany Smith,7008.0,1597,47,408,235.0,12.062079790499213,23.708579790499215,21.39,1141,895
gentiji01,Jim Gentile,3479.0,759,179,475,3.0,-7.2201113159204855,23.689055350746184,17.04,1142,1127
kearnau01,Austin Kearns,4179.0,914,121,475,33.0,-1.9479316771765205,23.65356832282347,12.99,1143,1401
morgaed01,Ed Morgan,3257.0,879,52,385,36.0,-6.609711051393461,23.646955615273217,14.3,1144,1320
bernato01,Tony Bernazard,4243.0,970,75,428,113.0,2.507537843219698,23.61537117655302,13.200000000000001,1145,1376
bressru01,Rube Bressler,4498.0,1170,32,449,47.0,-8.134072068899542,23.591761264433785,19.92,1146,971
millijo01,John Milligan,3210.0,848,49,210,41.0,3.344203931649156,23.556703931649167,20.28,1147,951
escobed01,Eduardo Escobar,5121.0,1185,164,351,23.0,0.370693399003725,23.476193399003712,12.43,1148,1443
bellde01,Derek Bell,5068.0,1262,134,377,170.0,-6.918348891068388,23.46698444226494,13.079999999999998,1149,1391
jacobbr01,Brook Jacoby,5027.0,1220,120,439,16.0,-1.6162680514928112,23.452398615173855,14.97,1150,1262
mazzile01,Lee Mazzilli,4831.0,1068,93,642,197.0,-5.727318876225768,23.358514457107567,15.58,1151,1227
pinknge01,George Pinkney,5189.0,1212,21,526,296.0,-2.449721741436803,23.322944925229866,21.099999999999998,1152,911
maxwech01,Charlie Maxwell,3796.0,856,148,484,18.0,-5.481842001267004,23.322491332066328,19.68,1153,978
johnscl01,Cliff Johnson,4603.0,1016,196,568,9.0,-11.405191480035787,23.31764185329754,16.22,1154,1189
hartco01,Corey Hart,4114.0,1009,162,286,85.0,-5.4543321954541835,23.311501137879144,14.41,1155,1310
demarfr02,Frank Demaree,4616.0,1241,72,359,33.0,-5.712309631723613,23.295857034943047,16.96,1156,1133
encarju01,Juan Encarnacion,5095.0,1264,156,288,127.0,-4.514138244939338,23.292695088394,8.65,1157,1675
collihu01,Hub Collins,3130.0,790,11,332,335.0,-0.9887407860130357,23.28609254732029,15.04,1158,1260
leachfr01,Freddy Leach,3996.0,1147,72,163,32.0,-2.236201634225157,23.250798365774838,7.73,1159,1730
hollida01,Dave Hollins,3911.0,870,112,464,47.0,-2.9950780612756853,23.250088605390975,17.82,1160,1081
stransa01,Sammy Strang,3512.0,790,16,464,216.0,-0.34447664834800557,23.204190018318656,18.08,1161,1065
murphda02,Danny Murphy,5978.0,1563,44,335,193.0,-10.501976590602075,23.169190076064584,36.49,1162,438
villajo01,Jonathan Villar,3933.0,899,101,344,239.0,3.066594661998015,23.164094661997993,12.41,1163,1446
mcneije01,Jeff McNeil,3621.0,920,80,261,37.0,-0.47239481237826464,23.152105187621743,23.3,1164,811
alouma01,Matty Alou,6220.0,1777,31,311,156.0,-6.263217196975048,23.149116136358284,23.07,1165,820
armasto01,Tony Armas,5502.0,1302,251,260,18.0,-0.7081979134215317,23.14080208657846,15.84,1166,1209
edwarjo01,Johnny Edwards,5132.0,1106,81,465,15.0,9.600802469135804,23.098969135802466,14.79,1167,1273
catalfr01,Frank Catalanotto,4292.0,1113,84,331,45.0,-7.554255200123421,23.080911466543252,14.540000000000001,1168,1298
confomi01,Michael Conforto,4424.0,934,179,512,23.0,-6.276599796262643,23.07256687040401,17.5,1169,1097
cespeyo01,Yoenis Cespedes,3490.0,870,165,240,43.0,-2.8415140520975637,23.06331928123576,21.37,1170,897
johnsni01,Nick Johnson,3316.0,723,95,522,29.0,-6.627969010013534,23.01986432331979,14.540000000000001,1171,1298
mitchmi01,Mike Mitchell,4611.0,1138,27,368,202.0,-1.8707084984891378,22.98829150151086,19.91,1172,972
hansero02,Ron Hansen,4961.0,1007,106,551,9.0,7.451965898614975,22.988132565281642,24.09,1173,791
ageeto01,Tommie Agee,4324.0,999,130,342,167.0,2.0458103174489954,22.951643650782323,25.34,1174,741
thondi01,Dickie Thon,4871.0,1176,71,348,167.0,4.743054396277276,22.950221062943935,23.94,1175,794
deerro01,Rob Deer,4512.0,853,230,575,43.0,-3.1799248504461373,22.948575149553847,13.81,1176,1349
diazya01,Yandy Diaz,3755.0,957,100,409,11.0,-6.02624403588693,22.911922630779742,21.02,1177,914
verasqu01,Quilvio Veras,3293.0,750,32,427,183.0,2.9666600248024846,22.90582669146915,12.879999999999999,1178,1411
guzmacr01,Cristian Guzman,5785.0,1459,62,265,125.0,4.191695168477774,22.83552850181111,12.629999999999999,1179,1429
belljo02,Josh Bell,5149.0,1153,193,577,4.0,-10.40422582421428,22.824107509119038,9.709999999999999,1180,1614
taubeed01,Ed Taubensee,3178.0,784,94,255,11.0,5.03610894940223,22.817942282735565,5.5,1181,1852
harrivi02,Vic Harris,3325.0,902,42,306,35.0,-3.379174476904788,22.795658856428528,11.8,1182,1479
davisjo02,Jody Davis,3984.0,877,127,333,7.0,7.485006950882381,22.74450695088239,15.86,1183,1206
taborji01,Jim Tabor,4136.0,1021,104,286,69.0,3.447849023344176,22.73601569001084,8.96,1184,1656
hassero01,Ron Hassey,3906.0,914,71,385,14.0,4.163015539090381,22.723015539090376,14.69,1185,1284
cordoma01,Marty Cordova,3833.0,938,122,329,57.0,-3.0694543225086415,22.71171234415803,7.6499999999999995,1186,1734
tuttlbi01,Bill Tuttle,4842.0,1105,67,480,38.0,4.337126446862935,22.685126446862917,5.43,1187,1857
weavebu01,Buck Weaver,5292.0,1308,21,183,172.0,10.04087068244662,22.673870682446616,21.6,1188,884
ryanco01,Connie Ryan,4595.0,988,56,518,69.0,3.6444440649613363,22.65861073162798,17.53,1189,1094
lacyle01,Lee Lacy,5004.0,1303,91,372,185.0,-5.335660604366301,22.64483939563369,20.19,1190,956
wrighta01,Taffy Wright,3981.0,1115,38,346,32.0,-5.57924518400319,22.638754815996823,16.740000000000002,1191,1149
blaloha01,Hank Blalock,3928.0,959,153,313,14.0,-2.788456598996696,22.62487673433663,13.52,1192,1362
hallmbi01,Bill Hallman,6637.0,1641,21,426,200.0,-1.552297483572873,22.600035849760456,6.529999999999999,1193,1794
matthga02,Gary Matthews,4617.0,1056,108,454,95.0,-1.5326915313085965,22.5848084686914,14.22,1194,1325
pederjo01,Joc Pederson,4604.0,935,218,531,31.0,-8.836477099612818,22.553689567053844,15.76,1195,1216
paytoja01,Jay Payton,4489.0,1157,119,255,47.0,-0.25862845189130823,22.477204881442027,15.36,1196,1239
ortajo01,Jorge Orta,6458.0,1619,130,500,79.0,-11.30828154773556,22.468885118931116,14.909999999999998,1197,1267
sandhe01,Heinie Sand,3529.0,781,18,382,21.0,8.84873676346998,22.465570096803322,0.6099999999999999,1198,2026
hoskirh01,Rhys Hoskins,3716.0,750,186,479,20.0,-5.921314428104369,22.434352238562305,11.24,1199,1508
bichebo01,Bo Bichette,3292.0,904,111,187,60.0,-0.8557713971810571,22.386561936152283,21.759999999999998,1200,879
merceor01,Orlando Merced,4530.0,1108,103,487,57.0,-7.719699488209656,22.354800511790366,16.17,1201,1191
wagnele01,Leon Wagner,4950.0,1202,211,435,54.0,-11.393579433433127,22.352420566566867,11.780000000000001,1202,1480
greenda01,Danny Green,3938.0,1021,29,315,192.0,-4.02195110281233,22.320715563854343,21.79,1203,877
highan01,Andy High,4969.0,1250,44,425,33.0,-2.944104609637288,22.305728723696035,12.5,1204,1437
reduswi01,Wilson Redus,3189.0,857,89,249,59.0,-5.2702895212660135,22.27021047873399,10.64,1205,1542
grievbe01,Ben Grieve,3743.0,864,118,466,24.0,-6.512153432369807,22.26151323429685,8.38,1206,1695
puhlte01,Terry Puhl,5479.0,1361,62,505,217.0,-7.826376647407315,22.238456685926018,28.32,1207,632
stripjo01,Joe Stripp,4629.0,1238,24,280,50.0,0.35903599899529437,22.2300359989953,14.02,1208,1335
bigbeca01,Carson Bigbee,4666.0,1205,17,344,182.0,0.3913075937078453,22.20464092704118,11.32,1209,1504
reynoha01,Harold Reynolds,5398.0,1233,21,480,250.0,5.076571704971161,22.1909050383045,15.84,1210,1209
lavagco01,Cookie Lavagetto,4039.0,945,40,485,63.0,-1.1012022560783634,22.18263107725496,12.6,1211,1430
marshwi01,Willard Marshall,4735.0,1160,130,458,14.0,-6.595497554810512,22.161835778522825,19.95,1212,969
mitchda01,Dale Mitchell,4357.0,1244,41,346,45.0,-6.134681278022372,22.14115205531096,19.47,1213,998
hernace02,Cesar Hernandez,4796.0,1144,71,453,91.0,-0.2449430690925185,22.13622359757415,12.64,1214,1428
tuckemi01,Michael Tucker,4686.0,1047,125,490,114.0,-5.988025028348721,22.11397497165127,8.129999999999999,1215,1706
garrra01,Ralph Garr,5456.0,1562,75,246,172.0,-8.069143447059421,22.106523219607258,14.780000000000001,1216,1275
benjaje01,Jerry Benjamin,3398.0,891,28,312,134.0,-0.8626675043553421,22.08899916231132,13.9,1217,1344
powervi01,Vic Power,6461.0,1716,126,279,45.0,-5.138322009247093,22.035844657419574,15.32,1218,1240
nilssda01,Dave Nilsson,3153.0,789,105,320,15.0,-1.6594831315585843,22.033016868441408,10.55,1219,1550
wilkebr01,Brad Wilkerson,3753.0,788,122,492,53.0,-3.3759975194739438,22.008502480526044,11.01,1220,1527
bellle01,Les Bell,3627.0,938,66,276,25.0,-1.0982494792305957,21.994250520769413,10.8,1221,1534
graneja01,Jack Graney,5576.0,1178,18,712,148.0,-3.619828572342098,21.949838094324573,12.93,1222,1407
alicelu01,Luis Alicea,4613.0,1031,47,500,81.0,-0.0646772893863778,21.941489377280284,11.95,1223,1470
reilljo01,John Reilly,4935.0,1352,69,157,245.0,-10.251426362296424,21.93807363770359,23.38,1224,808
fogarji01,Jim Fogarty,3264.0,709,20,351,325.0,3.2982764972888567,21.890776497288858,14.78,1225,1276
danniha01,Harry Danning,3194.0,847,57,187,13.0,5.63989263180846,21.856059298475124,14.629999999999999,1226,1291
gomesya01,Yan Gomes,4082.0,923,137,216,8.0,6.9928028362102665,21.85546950287693,18.48,1227,1047
schoojo01,Jonathan Schoop,4615.0,1095,174,195,15.0,3.5711387543636777,21.838972087697016,19.07,1228,1022
fordho01,Horace Ford,5385.0,1269,16,351,21.0,10.300637242645513,21.759137242645515,10.68,1229,1540
redusga01,Gary Redus,4065.0,886,90,481,322.0,-5.761605523105368,21.734394476894646,16.29,1230,1184
hodapjo01,Johnny Hodapp,3057.0,880,28,163,18.0,3.6253352241193477,21.725335224119352,12.209999999999999,1231,1460
evansst01,Steve Evans,3893.0,963,32,359,86.0,-6.643698354207134,21.693968312459532,16.040000000000003,1232,1198
gregodi01,Didi Gregorius,4257.0,999,134,254,37.0,2.7653149343305565,21.644814934330554,17.29,1233,1106
myershy01,Hi Myers,5316.0,1380,32,195,107.0,4.906621105379462,21.636121105379452,7.949999999999999,1234,1715
sanchga02,Gary Sanchez,3313.0,657,189,312,6.0,2.8206455452309003,21.618978878564217,14.62,1235,1292
morriha02,Hal Morris,4443.0,1216,76,356,45.0,-9.459886245168375,21.59461375483163,13.37,1236,1367
hofmaso01,Solly Hofman,4691.0,1095,19,421,208.0,-0.7431662604791669,21.510500406187496,16.54,1237,1159
fonsele01,Lew Fonseca,3724.0,1075,31,186,64.0,-2.5634084084277715,21.502924924905557,14.35,1238,1317
owensp01,Spike Owen,5615.0,1211,46,569,82.0,5.292019223625769,21.498685890292432,12.55,1239,1433
anderti01,Tim Anderson,4139.0,1088,98,153,122.0,4.3748610402455865,21.496527706912254,15.379999999999999,1240,1238
westlwa01,Wally Westlake,3495.0,848,127,317,19.0,-2.1966592870330643,21.49084071296692,14.68,1241,1285
snydefr01,Frank Snyder,4619.0,1122,47,281,37.0,8.886587998881899,21.47975466554857,17.68,1242,1089
buechst01,Steve Buechele,4790.0,1046,137,408,17.0,2.8457145941046242,21.4758812607713,16.52,1243,1164
tatisfe01,Fernando Tatis,3468.0,807,113,321,50.0,-1.619845888098585,21.47015411190141,6.34,1244,1804
pettiga01,Gary Pettis,4237.0,855,21,521,354.0,6.308165422331397,21.451498755664723,22.06,1245,859
puigya01,Yasiel Puig,3376.0,834,132,297,79.0,-4.661780844364989,21.439052488968343,18.77,1246,1032
wolfji01,Chicken Wolf,5230.0,1439,18,229,186.0,-3.7717243181928026,21.426609015140553,17.51,1247,1095
infanom01,Omar Infante,5698.0,1427,82,296,80.0,1.564807807878995,21.374141141212313,17.02,1248,1129
buckjo01,John Buck,4009.0,844,134,307,6.0,7.60824811555275,21.32058144888607,5.79,1249,1836
tayloch03,Chris Taylor,3909.0,860,110,370,91.0,-0.2690988756686473,21.310401124331367,16.25,1250,1187
iglesjo01,Jose Iglesias,4677.0,1212,54,209,70.0,3.9102908393420726,21.274290839342076,13.82,1251,1348
majesha01,Hank Majeski,3790.0,956,57,299,10.0,2.1477511181784434,21.272084451511773,12.799999999999999,1252,1417
roweja01,Jack Rowe,4626.0,1256,28,224,59.0,1.480721493999384,21.252221493999382,28.42,1253,629
gelbech01,Charlie Gelbert,3215.0,766,17,290,34.0,7.046948246748457,21.24261491341512,9.11,1254,1646
warfifr01,Frank Warfield,4227.0,948,14,392,165.0,3.499316716573545,21.22281671657355,10.309999999999999,1255,1572
derosma01,Mark DeRosa,4094.0,975,100,358,23.0,-1.3444577528694666,21.2147089137972,10.6,1256,1545
hawpebr01,Brad Hawpe,3401.0,806,124,430,13.0,-7.61773540848407,21.199431258182578,4.4799999999999995,1257,1901
stuardi01,Dick Stuart,4363.0,1055,228,301,2.0,-7.800217395269438,21.1681159380639,7.86,1258,1721
suttoez01,Ezra Sutton,5537.0,1574,25,169,70.0,1.2202386693804361,21.1669053360471,32.4,1259,528
hickmji02,Jim Hickman,4535.0,1002,159,491,17.0,-4.596060677386648,21.15310598928001,13.040000000000001,1260,1395
ricede01,Del Rice,4312.0,908,79,382,2.0,9.305864197530864,21.1471975308642,4.74,1261,1884
davisch02,Chris Davis,5630.0,1160,295,555,19.0,-11.78364818967514,21.137518476991527,11.659999999999998,1262,1490
swarted01,Ed Swartwood,3248.0,863,14,325,120.0,-3.6259775346358496,21.108689132030822,17.23,1263,1110
soltemo01,Moose Solters,3675.0,990,83,221,42.0,-1.5623776292316989,21.098622370768304,6.18,1264,1815
lindad01,Adam Lind,5029.0,1247,200,393,7.0,-11.917554168759722,21.090279164573627,12.77,1265,1420
martial03,Al Martin,4688.0,1172,132,390,173.0,-10.225947933955482,21.086218732711174,7.37,1266,1751
minchdo01,Don Mincher,4725.0,1003,200,606,24.0,-11.601644916859723,21.071355083140254,23.080000000000002,1267,818
keplema01,Max Kepler,4724.0,983,179,460,38.0,-2.6433255888148914,21.07134107785176,20.16,1268,958
chaseha01,Hal Chase,7939.0,2158,57,276,363.0,-15.33122288953644,21.024610443796888,24.380000000000003,1269,775
hairsje02,Jerry Hairston,4967.0,1126,70,373,147.0,1.9639330493235214,21.023099715990195,13.15,1270,1385
reitzhe01,Henry Reitz,3102.0,801,11,266,122.0,0.3701388690336871,20.99313886903369,12.73,1271,1423
wyrosjo01,Johnny Wyrostek,4784.0,1149,58,482,33.0,-3.373780393695429,20.98238627297122,11.94,1272,1471
francti01,Tito Francona,5776.0,1395,125,544,46.0,-10.680403675602943,20.972929657730386,13.92,1273,1343
stonege01,George Stone,3665.0,984,23,282,132.0,-2.9638778150465064,20.968788851620182,25.830000000000002,1274,722
burnsto01,Tom Burns,5198.0,1307,39,270,162.0,4.495519230827533,20.966185897494206,22.15,1275,853
laabsch01,Chet Laabs,3538.0,813,117,389,32.0,-3.2248524457415706,20.96148088759177,10.55,1276,1550
dennyje01,Jerry Denny,5140.0,1286,74,173,130.0,6.768494617127276,20.944827950460613,20.689999999999998,1277,935
lewisdu01,Duffy Lewis,6007.0,1518,38,352,113.0,-4.491560231070281,20.93027310226305,21.27,1278,901
darnatr01,Travis d'Arnaud,3563.0,795,129,252,3.0,5.590802201296097,20.92296886796276,8.53,1279,1682
morenom01,Omar Moreno,5481.0,1257,37,387,487.0,4.842645684773746,20.87214568477375,9.58,1280,1619
gustifr01,Frankie Gustine,5037.0,1214,38,369,60.0,3.8958404023770115,20.86084040237701,8.41,1281,1694
heganji01,Jim Hegan,5318.0,1087,92,456,15.0,12.269876543209877,20.843043209876544,4.52,1282,1898
robined01,Eddie Robinson,4891.0,1146,172,521,10.0,-12.389970829322356,20.83936250401095,14.78,1283,1276
atkinga01,Garrett Atkins,3273.0,835,99,291,8.0,-2.1776947944205123,20.835305205579484,3.99,1284,1918
manniri01,Rick Manning,5832.0,1349,56,471,168.0,4.834180585683823,20.825180585683814,11.75,1285,1483
gowdyha01,Hank Gowdy,3143.0,738,21,311,59.0,5.77942049005796,20.82358715672462,24.63,1286,765
saboch01,Chris Sabo,3714.0,898,116,274,120.0,-1.922332988629072,20.82266701137093,16.59,1287,1156
womacto01,Tony Womack,5389.0,1353,36,308,363.0,-0.05485261877115164,20.81098071456218,2.4399999999999995,1288,1979
mannle01,Les Mann,5201.0,1332,44,324,129.0,-5.27352994638405,20.80763672028261,14.58,1289,1295
hickmch01,Charlie Hickman,4252.0,1176,59,153,72.0,-4.9467312373731165,20.78760209596023,23.79,1290,797
sanchfr01,Freddy Sanchez,3686.0,1012,48,180,13.0,1.527142422973974,20.784309089640647,15.85,1291,1208
girarjo01,Joe Girardi,4535.0,1100,36,279,44.0,8.966049382716049,20.770716049382713,5.6,1292,1850
odorro01,Rougned Odor,4424.0,930,178,269,70.0,5.067245952831366,20.76691261949803,6.38,1293,1803
watkige01,George Watkins,3526.0,925,73,246,61.0,-3.7378493383396103,20.727983994993735,9.92,1294,1600
mcfared01,Ed McFarland,3364.0,826,13,254,65.0,5.99878875436003,20.720622087693364,20.72,1295,934
harrijo05,Josh Harrison,4346.0,1080,73,187,91.0,2.665418099770848,20.675584766437492,16.1,1296,1194
skinnbo01,Bob Skinner,4873.0,1198,103,485,67.0,-9.972153767263631,20.67267956606969,16.49,1297,1167
wingoiv01,Ivey Wingo,4372.0,1039,25,264,87.0,9.326968522252402,20.661801855585736,18.22,1298,1057
grubeke01,Kelly Gruber,3442.0,818,117,197,80.0,3.960071876140418,20.645405209473754,16.43,1299,1175
podsesc01,Scott Podsednik,4345.0,1096,42,333,309.0,-2.202595286674381,20.635238046658948,6.84,1300,1779
pinielo01,Lou Piniella,6362.0,1705,102,368,32.0,-10.642061824580145,20.584604842086527,12.5,1301,1437
carbobe01,Bernie Carbo,3320.0,722,96,538,26.0,-6.329408618706462,20.55825804796021,18.35,1302,1053
crawfjp01,J. P. Crawford,3885.0,837,67,441,35.0,2.9026652566492546,20.549165256649246,22.48,1303,839
alleyge01,Gene Alley,4332.0,999,55,300,63.0,8.98465670463399,20.519156704633986,24.15,1304,788
seeryem01,Emmett Seery,4051.0,893,27,471,240.0,-2.1547095675888417,20.440623765744498,10.700000000000001,1305,1538
fuentti01,Tito Fuentes,6073.0,1491,45,298,80.0,7.324847780591433,20.42618111392476,11.75,1306,1483
busbyji01,Jim Busby,4655.0,1113,48,310,97.0,7.875002482954625,20.425169149621283,12.78,1307,1419
maynebr01,Brent Mayne,4084.0,951,38,370,18.0,6.768864389047228,20.415197722380555,2.8800000000000003,1308,1962
reddijo01,Josh Reddick,4860.0,1157,146,393,61.0,-5.275302342860154,20.384197657139847,24.93,1309,752
adamsbo03,Bobby Adams,4533.0,1082,37,414,67.0,0.831712538304281,20.35821253830428,15.8,1310,1213
fothebo01,Bob Fothergill,3579.0,1064,36,202,42.0,-6.480698459908011,20.330301540091995,13.940000000000001,1311,1340
moranmi01,Mickey Morandini,5135.0,1222,32,437,123.0,-1.0907690808848374,20.324397585781817,9.85,1312,1605
jahajo01,John Jaha,3285.0,730,141,430,36.0,-7.195122694656409,20.323877305343576,12.39,1313,1449
bridwal01,Al Bridwell,4928.0,1064,2,557,136.0,3.890365188367748,20.312031855034405,18.04,1314,1069
laporfr01,Frank LaPorte,4651.0,1185,15,288,101.0,0.03422485944941096,20.30605819278275,18.5,1315,1046
mowremi01,Mike Mowrey,4979.0,1099,7,469,167.0,1.792015259440997,20.303181926107662,19.96,1316,968
litwhda01,Danny Litwhiler,3858.0,982,107,299,11.0,-3.874555209723822,20.301944790276185,18.38,1317,1051
fosteed02,Eddie Foster,6317.0,1490,6,528,195.0,2.0175656124558334,20.226732279122487,25.47,1318,739
mullira01,Rance Mulliniks,4089.0,972,73,460,15.0,-4.345935723273328,20.220564276726662,16.96,1319,1133
leibeha01,Hank Leiber,3140.0,808,101,274,5.0,-3.2756801182468145,20.217486548419853,13.17,1320,1380
hillgl01,Glenallen Hill,4033.0,1005,186,270,96.0,-7.525339102516716,20.19999423081662,9.65,1321,1617
charled01,Ed Charles,3909.0,917,86,332,86.0,1.1546926010469534,20.16369260104696,19.56,1322,987
arraelu01,Luis Arraez,3533.0,1028,36,230,31.0,-2.6079664606206334,20.140200206046025,19.830000000000002,1323,974
jonesma01,Mack Jones,3584.0,778,133,383,65.0,-4.2111425180730935,20.102024148593568,20.64,1324,936
sanchre01,Rey Sanchez,5246.0,1317,15,229,55.0,10.663700737033764,20.080867403700427,20.59,1325,938
radclri01,Rip Radcliff,4436.0,1267,42,310,40.0,-7.998053802548443,20.06561286411821,8.8,1326,1667
oakesre01,Rebel Oakes,4052.0,1011,15,265,163.0,3.2741410993092237,20.037307765975886,3.87,1327,1922
spraged02,Ed Sprague,4587.0,1010,152,358,6.0,-1.9862977343345551,20.03570226566545,5.68,1328,1845
clenddo01,Donn Clendenon,5112.0,1273,159,379,90.0,-10.0035285231188,19.995471476881193,20.029999999999998,1329,961
willsbu01,Bump Wills,3439.0,807,36,310,196.0,4.4075204126605625,19.954853745993898,16.52,1330,1164
owenma01,Marv Owen,4224.0,1040,31,338,30.0,3.08432901469099,19.952329014690992,4.82,1331,1878
quentca01,Carlos Quentin,3247.0,702,154,298,16.0,-5.793809210616902,19.950524122716438,10.49,1332,1559
morelke01,Keith Moreland,5082.0,1279,121,405,28.0,-6.593762513049933,19.933237486950055,3.5100000000000002,1333,1938
davisgl01,Glenn Davis,4189.0,965,190,370,28.0,-8.768934348107937,19.932398985225394,19.709999999999997,1334,977
smithja03,Jack Smith,5026.0,1301,40,334,228.0,-5.515998350984428,19.9063349823489,13.93,1335,1341
gordode01,Dee Strange-Gordon,4161.0,1118,18,168,336.0,3.6379147034033688,19.902914703403372,12.9,1336,1408
wardaa01,Aaron Ward,4127.0,966,50,339,36.0,2.4214376682471377,19.84310433491381,14.02,1337,1335
beninan01,Andrew Benintendi,4775.0,1135,118,442,86.0,-7.729609321859769,19.834057344806908,16.47,1338,1170
smithse01,Seth Smith,4083.0,934,126,431,22.0,-7.805591545097298,19.813408454902696,11.620000000000001,1339,1492
everibi01,Bill Everitt,3124.0,902,11,212,186.0,-2.4955934215448385,19.811739911788486,10.38,1340,1568
brandja01,Jackie Brandt,4318.0,1020,112,351,45.0,-0.725348996662094,19.809484336671236,13.120000000000001,1341,1387
harpebr01,Brian Harper,3386.0,931,63,133,8.0,2.774464507216787,19.80313117388345,12.26,1342,1457
jonescl01,Cleon Jones,4730.0,1196,93,360,91.0,-5.446941920731252,19.792224745935417,18.04,1343,1069
dillibo01,Bob Dillinger,3201.0,888,10,251,106.0,0.6989367843718807,19.78093678437188,5.63,1344,1848
canhama01,Mark Canha,4128.0,879,121,410,50.0,-5.2696392472803,19.76136075271969,14.459999999999999,1345,1308
kiermke01,Kevin Kiermaier,4040.0,905,95,277,132.0,3.2433804857321604,19.744047152398828,36.21,1346,441
seyboso01,Socks Seybold,4114.0,1085,51,293,66.0,-7.299392359606548,19.73194097372678,24.12,1347,790
spencda01,Daryl Spencer,4206.0,901,105,449,13.0,2.034819413966498,19.72631941396649,13.66,1348,1355
calhoko01,Kole Calhoun,4986.0,1076,179,450,34.0,-3.7841736093666207,19.697826390633367,14.65,1349,1287
parenfr01,Freddy Parent,5571.0,1306,20,333,184.0,2.8454883482330806,19.68748834823307,35.75,1350,449
hintoch01,Chuck Hinton,4455.0,1048,113,416,130.0,-4.702270097945003,19.672729902054986,13.63,1351,1358
moncayo01,Yoan Moncada,3431.0,769,105,338,32.0,0.1943224777558493,19.65698914442253,14.74,1352,1280
duganjo01,Joe Dugan,5879.0,1516,42,250,37.0,1.3086685047861226,19.640835171452792,9.92,1353,1600
maymi01,Milt May,4074.0,971,77,305,4.0,6.062530864197531,19.626530864197537,16.54,1354,1159
dickeco01,Corey Dickerson,3935.0,1028,136,227,30.0,-5.839825729369269,19.592840937297392,13.03,1355,1398
branyru01,Russell Branyan,3398.0,682,194,403,16.0,-4.970127885293275,19.590538781373393,11.23,1356,1509
myerswi01,Wil Myers,4290.0,965,156,418,107.0,-6.035665399175455,19.585834600824548,13.18,1357,1378
cordewi01,Wil Cordero,4738.0,1178,122,325,49.0,-6.914696314723491,19.57813701860983,5.95,1358,1825
kerrbu01,Buddy Kerr,4056.0,903,31,324,38.0,10.943928942932548,19.575928942932546,12.23,1359,1458
knabeot01,Otto Knabe,5255.0,1103,8,485,143.0,4.703646956395184,19.55981362306185,9.51,1360,1624
stearjo01,John Stearns,3082.0,696,46,323,91.0,4.788795110215012,19.50562844354834,19.68,1361,978
picinva01,Val Picinich,3308.0,743,26,314,31.0,6.608279469948,19.489446136614674,2.4200000000000004,1362,1981
johnsbi03,Billy Johnson,3659.0,882,61,347,13.0,0.7286670256281556,19.47683369229482,14.43,1363,1309
groteje01,Jerry Grote,4844.0,1092,39,399,15.0,9.644606040849457,19.448772707516138,15.08,1364,1256
fordda01,Dan Ford,4582.0,1123,121,303,61.0,-4.486149454122357,19.438683879210974,11.82,1365,1477
kellypa01,Pat Kelly,5011.0,1147,76,588,250.0,-8.359860717427317,19.430472615906012,11.709999999999999,1366,1487
blasido01,Don Blasingame,5938.0,1366,21,552,105.0,3.386693057059771,19.420526390393114,18.36,1367,1052
carroja01,Jamey Carroll,4225.0,1000,13,410,74.0,2.4520736652850106,19.387406998618342,16.990000000000002,1368,1131
heidrem01,Emmet Heidrick,3308.0,914,16,146,186.0,0.14994013892762972,19.372606805594298,16.38,1369,1180
rudijo01,Joe Rudi,6076.0,1468,179,369,25.0,-9.035867516491422,19.344965816841917,25.470000000000002,1370,738
hammoje01,Jeffrey Hammonds,3404.0,824,110,292,67.0,-3.230336021762046,19.34383064490462,8.629999999999999,1371,1677
grichra01,Randal Grichuk,4833.0,1126,212,273,27.0,-5.627301476156615,19.331198523843387,14.77,1372,1278
lumpeje01,Jerry Lumpe,5441.0,1314,47,428,20.0,1.5438105308141947,19.28647719748087,15.42,1373,1234
reedje02,Jeff Reed,3566.0,774,61,391,7.0,5.228389570003367,19.28255623667003,4.3999999999999995,1374,1904
gladdda01,Dan Gladden,4962.0,1215,74,337,222.0,-2.139197650414684,19.257802349585333,15.51,1375,1229
schnebr01,Brian Schneider,3570.0,781,67,331,4.0,6.798850833534201,19.230850833534205,6.8,1376,1782
herndla01,Larry Herndon,5316.0,1334,107,353,92.0,-5.301680777694555,19.22231922230544,15.15,1377,1251
jonesda01,Davy Jones,4368.0,1020,9,478,207.0,-1.700681844520928,19.216818155479075,17.3,1378,1104
solerjo01,Jorge Soler,4344.0,915,203,461,12.0,-8.631385037884437,19.209614962115555,6.31,1379,1807
rasmuco01,Colby Rasmus,4119.0,891,166,362,35.0,-1.2300444512774562,19.197455548722537,20.36,1380,947
rojasmi02,Miguel Rojas,4158.0,988,57,267,67.0,6.327873649090117,19.195373649090122,19.35,1381,1003
perkicy01,Cy Perkins,4015.0,933,30,301,18.0,8.707524803494083,19.194858136827413,11.94,1382,1471
rothbr01,Braggo Roth,3284.0,804,30,335,189.0,-5.517611905001809,19.163554761664848,17.19,1383,1114
conigto01,Tony Conigliaro,3591.0,849,166,287,20.0,-4.816524576237891,19.134475423762115,12.35,1384,1453
bressed01,Eddie Bressoud,4106.0,925,94,359,9.0,1.7145531753360672,19.117719842002742,17.11,1385,1119
wagnehe01,Heinie Wagner,3771.0,834,10,310,144.0,8.456621180883303,19.115621180883302,16.81,1386,1143
norenir01,Irv Noren,3507.0,857,65,335,34.0,-1.0943504449924242,19.112649555007582,14.97,1387,1262
ettenni01,Nick Etten,3840.0,921,89,480,22.0,-8.311065739024547,19.08093426097546,15.8,1388,1213
mcintma01,Matty McIntyre,4512.0,1066,4,439,120.0,-0.7314592938555105,19.07154070614449,20.45,1389,943
spiezsc01,Scott Spiezio,4412.0,996,119,412,33.0,-4.294871301748941,19.053295364917723,8.809999999999999,1390,1666
mcnaier01,Eric McNair,4869.0,1240,82,261,59.0,1.115275308603301,19.0487753086033,4.8,1391,1879
spierbi01,Bill Spiers,3845.0,922,37,355,97.0,1.5497620772075522,19.045928743874224,10.19,1392,1580
maybica01,Cameron Maybin,4251.0,973,72,368,187.0,0.9275056732031501,19.00500567320315,13.36,1393,1369
lemonji01,Jim Lemon,3870.0,901,164,363,13.0,-6.070983124601211,18.984516875398793,7.0200000000000005,1394,1764
polonlu01,Luis Polonia,5296.0,1417,36,369,321.0,-8.060654746887646,18.983178586445682,9.0,1395,1652
escobal02,Alcides Escobar,6182.0,1486,45,253,178.0,6.947315230522944,18.95598189718961,10.150000000000002,1396,1584
mullice01,Cedric Mullins,3209.0,708,103,269,147.0,1.5970481733562534,18.953214840022923,16.53,1397,1162
colemvi01,Vince Coleman,5970.0,1425,28,477,752.0,-8.952921672674313,18.936078327325674,12.51,1398,1436
moorejo01,Johnny Moore,3269.0,926,73,195,23.0,-3.9428445372050853,18.92132212946158,11.120000000000001,1399,1518
olivejo01,Joe Oliver,3698.0,831,102,248,13.0,7.347895542392697,18.914062209059352,3.77,1400,1925
tebeapa01,Patsy Tebeau,5021.0,1290,27,319,164.0,-2.984616281446747,18.906050385219906,9.66,1401,1616
florewi01,Wilmer Flores,4706.0,1107,169,328,6.0,-4.567932815568561,18.898733851098104,9.21,1402,1640
dejesiv01,Ivan de Jesus,5193.0,1167,21,466,194.0,5.065141182230081,18.894141182230076,11.08,1403,1522
geronce01,Cesar Geronimo,4229.0,977,51,354,82.0,2.9675710537784283,18.89223772044509,12.94,1404,1406
duncama01,Mariano Duncan,4998.0,1247,87,201,174.0,1.969291472934609,18.870291472934593,5.760000000000001,1405,1838
gedmari01,Rich Gedman,3468.0,795,88,236,3.0,6.4172222222222235,18.86972222222222,9.57,1406,1621
barajro01,Rod Barajas,3780.0,812,136,207,2.0,7.440089030286198,18.835089030286202,4.58,1407,1895
inciaen01,Ender Inciarte,3422.0,875,42,239,118.0,3.0637424264130106,18.826409093079672,17.849999999999998,1408,1078
profaju01,Jurickson Profar,4660.0,995,125,478,66.0,-4.995745342319733,18.80458799101361,9.53,1409,1623
beniqju01,Juan Beniquez,5150.0,1274,79,349,104.0,-1.1587325044294665,18.777934162237205,9.94,1410,1596
larueja01,Jason LaRue,3103.0,628,96,237,14.0,5.948129661133074,18.7644629944664,8.85,1411,1665
whitesa02,Sammy White,3788.0,916,66,218,14.0,7.777530864197532,18.741197530864188,1.8800000000000008,1412,1994
lockdo01,Don Lock,3116.0,642,122,373,30.0,2.0595655770780796,18.701232243744744,12.0,1413,1467
merklfr01,Fred Merkle,6426.0,1580,61,454,272.0,-13.541427599575277,18.689572400424712,19.49,1414,996
luderfr01,Fred Luderus,5406.0,1344,84,414,55.0,-9.874984902935779,18.68351509706423,20.05,1415,960
ludwiry01,Ryan Ludwick,3973.0,923,154,339,17.0,-5.717823114946283,18.660010218387065,11.15,1416,1514
heathcl01,Cliff Heathcote,4966.0,1222,42,367,191.0,-3.030608456815899,18.64322487651743,11.31,1417,1505
castrja01,Jason Castro,3381.0,678,97,347,6.0,5.9265407016471325,18.61954070164712,11.97,1418,1468
werdepe01,Perry Werden,3079.0,774,26,282,151.0,-4.168281819924507,18.585551513408824,18.68,1419,1037
doumiry01,Ryan Doumit,3407.0,818,104,232,12.0,0.15656975223281216,18.576236418899477,8.95,1420,1657
heathmi02,Mike Heath,4585.0,1061,86,278,54.0,7.424598513320243,18.54993184665357,13.37,1421,1367
dalryab01,Abner Dalrymple,4384.0,1202,43,204,58.0,-2.3571812997200405,18.54915203361329,18.52,1422,1045
jacksra01,Randy Jackson,3548.0,835,103,281,36.0,1.0508505803722779,18.548517247038937,12.41,1423,1446
montawi01,Willie Montanez,6407.0,1604,139,465,32.0,-10.736059815061482,18.546606851605183,1.6199999999999999,1424,2002
soderer01,Eric Soderholm,3251.0,764,102,295,18.0,0.777496194698443,18.477162861365098,21.48,1425,890
unserde01,Del Unser,5813.0,1344,87,481,64.0,0.9407593918737589,18.464426058540415,16.75,1426,1148
retteme01,Merv Rettenmund,3074.0,693,66,445,68.0,-4.297310892424191,18.463355774242473,19.98,1427,966
joycema01,Matt Joyce,4355.0,898,149,559,35.0,-8.421795030727793,18.45937163593888,14.61,1428,1294
robinfl01,Floyd Robinson,3770.0,929,67,408,42.0,-6.2929698401981415,18.429696826468536,17.86,1429,1077
murrare01,Red Murray,4786.0,1170,37,299,321.0,-6.195139388765613,18.378693944567715,14.51,1430,1301
moralke01,Kendrys Morales,5357.0,1289,213,417,6.0,-14.07500901394117,18.3546576527255,13.16,1431,1382
herreod01,Odubel Herrera,3180.0,791,78,211,68.0,1.6506868697181083,18.331686869718105,13.290000000000001,1432,1372
glanvdo01,Doug Glanville,4282.0,1100,59,208,168.0,1.2630457512080233,18.33037908454136,10.93,1433,1532
hendrha01,Harvey Hendrick,3220.0,896,48,239,75.0,-6.457429748124875,18.32340358520846,12.42,1434,1444
rossco01,Cody Ross,3806.0,904,132,282,33.0,-3.676564971457418,18.30960169520925,13.489999999999998,1435,1365
pearsal02,Albie Pearson,3626.0,831,28,477,77.0,-1.5283096979275144,18.30185696873916,13.12,1436,1389
byrnebo01,Bobby Byrne,5480.0,1225,10,456,176.0,1.9742223000980768,18.286888966764735,12.89,1437,1409
bollifr01,Frank Bolling,6189.0,1415,106,462,40.0,-0.18294899842184548,18.272051001578156,16.88,1438,1138
hallme01,Mel Hall,4575.0,1171,134,267,31.0,-5.750633011768421,18.263866988231577,8.72,1439,1669
parrage01,Gerardo Parra,5290.0,1335,90,318,97.0,-5.434243086704752,18.25359024662858,10.74,1440,1536
owenmi01,Mickey Owen,4072.0,929,14,326,36.0,9.37467713662141,18.230010469954735,4.5200000000000005,1441,1897
bowala01,Larry Bowa,9103.0,2191,15,474,318.0,5.239632931978483,18.222966265311804,22.82,1442,827
caldeiv01,Ivan Calderon,3672.0,901,104,306,97.0,-4.5364384773308455,18.19206152266915,11.930000000000001,1443,1474
mccreto01,Tom McCreery,3357.0,857,27,310,116.0,-4.12047289909424,18.185527100905755,10.290000000000001,1444,1574
mcaleji01,Jimmy McAleer,4423.0,1008,11,365,262.0,4.156598875209429,18.18193220854277,1.2,1445,2012
lindejo01,Johnny Lindell,3122.0,762,72,289,17.0,-0.7361720855823833,18.167994581084287,15.120000000000001,1446,1254
roeniga01,Gary Roenicke,3204.0,670,121,406,16.0,-3.149268351664776,18.167731648335227,15.41,1447,1236
mclouna01,Nate McLouth,3737.0,803,101,366,133.0,-3.353785769788673,18.163380896877985,6.51,1448,1795
irwinch01,Charlie Irwin,4106.0,986,16,287,180.0,1.2276416245231199,18.150308291189788,8.99,1449,1653
easlemi01,Mike Easler,4061.0,1078,118,321,20.0,-10.16363419579933,18.141032470867334,12.96,1450,1404
vizcajo01,Jose Vizcaino,5918.0,1453,36,378,74.0,3.1860295015580613,18.136696168224717,7.01,1451,1766
olivomi01,Miguel Olivo,3993.0,905,145,158,53.0,7.026841695386564,18.129341695386557,7.9799999999999995,1452,1714
jayjo02,Jon Jay,4314.0,1087,37,285,55.0,-2.4134863023483732,18.124013697651623,12.799999999999999,1453,1417
bartlja01,Jason Bartlett,3521.0,849,31,275,123.0,2.2887332237732743,18.09089989043993,18.41,1454,1048
brookhu01,Hubie Brooks,6476.0,1608,149,387,64.0,-8.221676245799612,18.064990420867076,13.02,1455,1400
holmedu01,Ducky Holmes,4018.0,1014,17,236,236.0,-3.064196377073677,18.00113695625965,9.32,1456,1633
hallbi03,Bill Hall,3674.0,827,125,286,62.0,0.2604799992762369,18.0001466659429,9.649999999999999,1457,1618
russejo03,John Henry Russell,3161.0,794,30,208,65.0,3.2850276460783143,17.962194312744977,13.040000000000001,1458,1395
dejonpa01,Paul DeJong,3499.0,723,146,247,29.0,4.74943164474065,17.944264978073978,13.120000000000001,1459,1387
sizemte01,Ted Sizemore,5648.0,1311,23,469,59.0,4.864512896536145,17.931679563202806,16.15,1460,1193
cowenal01,Al Cowens,6038.0,1494,108,389,120.0,-8.309532660573572,17.92013400609307,15.229999999999999,1461,1248
doughpa01,Patsy Dougherty,5109.0,1294,17,378,261.0,-9.194427296439002,17.877072703560984,18.01,1462,1072
whitema01,Mark Whiten,3521.0,804,105,378,78.0,-2.563032613312157,17.855634053354514,14.05,1463,1330
mageele01,Lee Magee,4209.0,1031,12,265,186.0,2.162298013831488,17.838298013831484,9.34,1464,1632
eisenji01,Jim Eisenreich,4391.0,1160,52,324,105.0,-6.545460841779982,17.829705824886684,13.22,1465,1374
credejo01,redeJ oseph Ta,3377.0,787,140,199,4.0,1.6581579688463495,17.803824635513017,14.7,1466,1283
wardpe01,Pete Ward,3511.0,776,98,371,20.0,-1.0975348858681464,17.77979844746519,20.27,1467,952
duncafr02,Frank Duncan,3360.0,724,14,331,65.0,5.195237919129428,17.764737919129423,11.15,1468,1514
turnete01,Terry Turner,6658.0,1499,8,435,256.0,3.522086452674737,17.70541978600808,38.15,1469,406
stanlmi01,Mickey Stanley,5477.0,1243,117,371,44.0,2.702398482914063,17.68506514958074,17.31,1470,1103
guilloz01,Ozzie Guillen,7133.0,1764,28,239,169.0,10.499435649287344,17.681602315954038,21.0,1471,916
doolami01,Mickey Doolin,6598.0,1376,15,370,173.0,14.792919689071942,17.63875302240526,14.53,1472,1300
hinsker01,Eric Hinske,4310.0,947,137,452,61.0,-7.833237971888939,17.632928694777718,7.84,1473,1722
flackma01,Max Flack,5905.0,1461,35,474,200.0,-8.946593750187514,17.632739583145813,12.37,1474,1451
milleri01,Rick Miller,4440.0,1046,28,454,78.0,-0.06177193935925303,17.630228060640743,15.5,1475,1231
riverji01,Jim Rivera,4008.0,911,83,365,160.0,-2.478287906857121,17.623712093142874,6.79,1476,1783
richage01,Gene Richards,3958.0,1028,26,356,247.0,-5.980114436610172,17.615718896723173,18.71,1477,1034
demetdo01,Don Demeter,3730.0,912,163,180,22.0,-2.144576819018588,17.59375651431474,12.85,1478,1412
lawva01,Vance Law,4298.0,972,71,408,34.0,0.4817252403330802,17.556391906999735,10.55,1479,1550
byrneer01,Eric Byrnes,3530.0,827,109,253,129.0,-3.6227591237832435,17.553407542883427,10.5,1480,1557
paglimi01,Mike Pagliarulo,4317.0,942,134,343,18.0,0.7785377769364702,17.552537776936465,10.52,1481,1555
hundlni01,Nick Hundley,3373.0,766,93,219,15.0,5.871384402765367,17.531217736098696,7.3,1482,1754
williea02,Earl Williams,3431.0,756,138,298,2.0,0.5681295304536637,17.51779619712033,7.89,1483,1720
alvarpe01,Pedro Alvarez,3321.0,704,162,314,15.0,-0.24169017881736643,17.472809821182636,4.94,1484,1877
daviskh01,Khris Davis,3804.0,820,221,328,18.0,-8.242313142826816,17.460686857173176,10.75,1485,1535
gallojo01,Joey Gallo,3403.0,557,208,497,33.0,-3.3982301868424294,17.454603146490907,15.52,1486,1228
davisra01,Rajai Davis,4607.0,1111,62,267,415.0,-3.1336130827180777,17.439553583948587,11.66,1487,1488
powelra01,Ray Powell,3728.0,890,35,321,51.0,2.5668492905565516,17.41701595722322,7.659999999999999,1488,1732
devermi01,Mike Devereaux,4102.0,949,105,296,85.0,1.6965548347196684,17.395388168053,14.62,1489,1292
sorrepa01,Paul Sorrento,3890.0,876,166,426,8.0,-8.959409435487766,17.38925723117889,5.63,1490,1848
wrighru01,Russ Wrightstone,3283.0,889,60,215,35.0,-3.0747972405026567,17.385036092830674,6.2299999999999995,1491,1811
oestero01,Ron Oester,4665.0,1118,42,369,40.0,2.5131874180650646,17.350187418065065,10.99,1492,1528
shugafr01,Frank Shugart,3290.0,804,22,218,131.0,2.2054892789109677,17.228655945577643,5.14,1493,1870
hendest01,Steve Henderson,3916.0,976,68,386,79.0,-6.300896886899205,17.222936446434133,11.48,1494,1498
courtcl01,Clint Courtney,3147.0,750,38,264,3.0,4.398086419753087,17.219586419753078,7.11,1495,1761
wilsoch01,Owen Wilson,5041.0,1246,59,241,98.0,-1.9766626352464107,17.214670698086923,14.01,1496,1337
grosswa01,Wayne Gross,3680.0,727,121,482,24.0,-1.3645583346537866,17.17410833201287,15.040000000000001,1497,1259
mccarja01,Jack McCarthy,4649.0,1205,8,268,145.0,-3.119519290083411,17.17264737658326,10.27,1498,1577
mcculcl01,Clyde McCullough,3459.0,785,52,265,27.0,6.832983242952983,17.158483242952986,9.299999999999999,1499,1636
scottlu01,Luke Scott,3193.0,725,135,334,17.0,-6.875280592210373,17.14155274112295,11.83,1500,1476
kaplega01,Gabe Kapler,3314.0,799,82,269,77.0,-1.0589750638578175,17.135191602808852,8.67,1501,1672
saltaja01,Jarrod Saltalamacchia,3191.0,662,110,304,5.0,4.300453346948283,17.12362001361495,5.94,1502,1826
mayca01,Carlos May,4723.0,1127,90,512,85.0,-10.338059330084372,17.115774003248966,10.5,1503,1557
beckegl01,Glenn Beckert,5572.0,1473,22,260,49.0,3.2052789387678517,17.113112272101176,15.6,1504,1225
muellra01,Ray Mueller,3238.0,733,56,250,14.0,6.848333333333334,17.083666666666666,13.95,1505,1339
galvifr01,Freddy Galvis,4237.0,966,109,241,57.0,4.98635909754253,17.041192430875867,9.3,1506,1634
johnsde01,Deron Johnson,6620.0,1447,245,585,11.0,-12.76568932903446,17.03047733763221,6.23,1507,1810
conrowi01,Wid Conroy,5592.0,1257,22,345,262.0,3.389135136463124,17.029135136463125,22.14,1508,854
ceronri01,Rick Cerone,4504.0,998,59,320,6.0,8.83544571970881,17.003779053042138,8.110000000000001,1509,1708
mercejo03,Jordy Mercer,3416.0,796,66,246,13.0,4.549230371321245,16.995397037987903,6.58,1510,1792
leibone01,Nemo Leibold,4863.0,1109,3,571,134.0,-2.989094082753271,16.991905917246733,10.469999999999999,1511,1562
garrewa01,Wayne Garrett,3913.0,786,61,561,38.0,0.37947436561364,16.957807698946976,16.76,1512,1146
rosarbu01,Buddy Rosar,3571.0,836,18,315,17.0,7.153333333333333,16.937166666666673,14.03,1513,1333
hanigmi01,Mitch Haniger,3089.0,688,130,272,19.0,-1.4632793678045302,16.900887298862134,14.709999999999999,1514,1281
upshawi01,Willie Upshaw,4736.0,1103,123,452,88.0,-9.218704908744689,16.896961757921964,13.03,1515,1398
andremi01,Mike Andrews,3685.0,803,66,458,18.0,-1.2010836694896312,16.896249663843687,10.94,1516,1531
zarilal01,Al Zarilla,4034.0,975,61,415,33.0,-6.768567537862746,16.88059912880392,7.01,1517,1766
cruzju01,Julio Cruz,4437.0,916,23,478,343.0,4.049713000495691,16.85621300049569,16.92,1518,1136
yeagest01,Steve Yeager,4014.0,816,102,342,14.0,8.272160493827162,16.802160493827163,17.88,1519,1075
schofdi02,Dick Schofield,4928.0,989,56,446,120.0,7.633329642390974,16.79899630905764,18.75,1520,1033
torreyo01,Yorvit Torrealba,3183.0,737,56,222,19.0,5.874479690022953,16.79597969002294,5.430000000000001,1521,1856
browned02,Eddie Brown,3126.0,878,16,127,29.0,1.9813011781704923,16.795801178170485,7.59,1522,1739
pillake01,Kevin Pillar,4409.0,1053,114,176,111.0,1.4368567334372493,16.790023400103923,16.060000000000002,1523,1195
moorech02,Charlie Moore,4482.0,1052,36,346,51.0,4.186028965808835,16.789528965808824,10.3,1524,1573
diazbo01,Bo Diaz,3537.0,834,87,198,9.0,6.7998765432098764,16.78137654320986,11.469999999999999,1525,1499
arozara01,Randy Arozarena,3359.0,729,118,327,131.0,-5.940484366574111,16.755682300092555,21.23,1526,902
collida02,Dave Collins,5507.0,1335,32,467,395.0,-7.731220260268044,16.75494640639863,15.78,1527,1215
bodiepi01,Ping Bodie,4160.0,1011,43,312,83.0,-3.251331142227086,16.75183552443958,14.2,1528,1327
corajo01,Joey Cora,4279.0,1035,30,380,117.0,-3.8971733706026073,16.693659962730734,7.9399999999999995,1529,1716
olsoniv01,Ivy Olson,6630.0,1575,13,285,156.0,9.99856819892171,16.624568198921708,6.14,1530,1819
barmecl01,Clint Barmes,4167.0,932,89,216,43.0,5.933460037810292,16.606960037810296,14.97,1531,1262
basske01,Kevin Bass,5291.0,1308,118,357,151.0,-9.230923141718199,16.59324352494848,14.75,1532,1279
pepitjo01,Joe Pepitone,5476.0,1315,219,302,41.0,-7.072708880575966,16.563124452757346,9.7,1533,1615
fraziad01,Adam Frazier,4252.0,1015,67,308,63.0,-0.924208004835311,16.56162532849801,15.76,1534,1216
richada01,Danny Richardson,4755.0,1129,32,283,225.0,4.904798312990939,16.549298312990935,16.44,1535,1173
loneyja01,James Loney,5486.0,1425,108,397,38.0,-12.271315491092519,16.544351175574143,11.44,1536,1501
hemphch01,Charlie Hemphill,5093.0,1230,22,435,207.0,-4.931254992649456,16.542911674017198,15.909999999999998,1537,1201
careyan01,Andy Carey,3217.0,741,64,268,23.0,2.1936730273440848,16.533506360677414,9.85,1538,1605
hayesja02,Jackie Hayes,4471.0,1069,20,309,34.0,5.5019387800295245,16.529272113362858,6.66,1539,1790
teahema01,Mark Teahen,3171.0,759,67,259,45.0,0.7638168758742492,16.512316875874244,2.5500000000000003,1540,1975
valleda01,Dave Valle,3146.0,658,77,258,5.0,5.906251138846056,16.510417805512716,9.99,1541,1594
walkech02,Christian Walker,3909.0,859,174,358,27.0,-8.002099588146521,16.496400411853486,17.16,1542,1115
oquenjo01,Jose Oquendo,3737.0,821,14,448,35.0,4.379579589231044,16.49374625589771,13.31,1543,1371
halesa01,Sammy Hale,3185.0,880,30,130,41.0,-0.9244940616496742,16.420672605016993,13.07,1544,1392
harrebu01,Bud Harrelson,5516.0,1120,7,633,127.0,5.9495533529197075,16.40572001958637,20.25,1545,954
kubekto01,Tony Kubek,4494.0,1109,57,217,29.0,5.579223838415454,16.348723838415452,18.32,1546,1054
croncj01,C. J. Cron,4037.0,953,187,268,10.0,-9.10869016559798,16.33797650106868,12.46,1547,1442
gutiefr01,Franklin Gutierrez,3335.0,778,97,228,78.0,1.3956130895493892,16.29727975621605,18.41,1548,1048
grossro01,Robbie Grossman,4561.0,943,93,590,67.0,-6.5957957264880775,16.286037606845262,10.25,1549,1579
braunst01,Steve Braun,4295.0,989,52,579,45.0,-8.543510646530612,16.285656020136052,17.46,1550,1099
thompmi02,Milt Thompson,4155.0,1029,47,336,214.0,-3.449556964380337,16.283443035619655,18.61,1551,1043
cruzde01,Deivi Cruz,4375.0,1109,70,132,16.0,5.17199462227115,16.283327955604495,7.4,1552,1750
goodwto01,Tom Goodwin,4315.0,1029,24,365,369.0,-1.2181456516495828,16.27468768168375,8.53,1553,1682
youngke01,Kevin Young,4351.0,1007,144,336,83.0,-8.34287817046513,16.256955162868206,5.9,1554,1830
coxbi02,Billy Cox,4081.0,974,66,298,42.0,1.5203743430453622,16.24270767637869,10.18,1555,1582
lowrepe01,Peanuts Lowrey,4831.0,1177,37,403,48.0,-3.3286782531985892,16.22765508013473,13.59,1556,1359
belanma01,Mark Belanger,6602.0,1316,20,576,167.0,13.207358517083568,16.223525183750237,40.93,1557,349
myersgr01,Greg Myers,3352.0,776,87,268,3.0,3.4548765432098762,16.215709876543198,7.2700000000000005,1558,1755
sullibi04,Billy Sullivan,3130.0,820,29,240,30.0,0.22995798716597346,16.214291320499306,7.54,1559,1741
rodrihe02,Henry Rodriguez,3343.0,784,160,276,10.0,-5.71415862770003,16.20217470563332,2.39,1560,1982
johnsja01,Jay Johnstone,5229.0,1254,102,429,50.0,-6.576530097751876,16.191469902248123,16.509999999999998,1561,1166
graffto01,Tony Graffanino,3161.0,746,58,275,53.0,0.664619020166594,16.170785686833256,15.07,1562,1257
versazo01,Zoilo Versalles,5578.0,1246,95,318,97.0,4.18863089592232,16.156464229255654,12.58,1563,1431
stennre01,Rennie Stennett,4810.0,1239,41,207,75.0,4.940946929233925,16.155780262567266,13.9,1564,1344
yastrmi01,Mike Yastrzemski,3139.0,654,123,329,25.0,-2.563101679191299,16.155731654142027,17.720000000000002,1565,1087
murphda07,David Murphy,3836.0,950,104,316,54.0,-6.285952520622117,16.142714146044547,9.850000000000001,1566,1604
hillesh02,Shea Hillenbrand,3816.0,1014,108,140,16.0,-4.434553851336387,16.11644614866362,6.32,1567,1806
bellbe01,Beau Bell,3023.0,806,46,272,11.0,-4.508165728723457,16.062000937943203,3.0100000000000002,1568,1957
gurrilo01,Lourdes Gurriel,3554.0,902,129,199,36.0,-4.661383749949167,16.051282916717508,12.52,1569,1434
navardi01,Dioner Navarro,3551.0,802,77,265,14.0,5.410061728395062,16.01772839506172,6.99,1570,1769
northro01,Ron Northey,3567.0,874,108,361,7.0,-9.212755151444117,15.982744848555877,13.85,1571,1347
quinnjo02,Joe Quinn,7367.0,1804,30,366,270.0,0.2979969295995904,15.955663596266257,4.79,1572,1880
longda02,Dale Long,3426.0,805,132,353,10.0,-8.439934867596811,15.947065132403196,10.19,1573,1580
hernaen02,Enrique Hernandez,4152.0,877,130,358,17.0,-0.15947825846403033,15.947021741535977,16.95,1574,1135
davenji01,Jim Davenport,4981.0,1142,77,382,16.0,-0.008627439291963057,15.935705894041368,18.22,1575,1057
nealch01,Charlie Neal,3753.0,858,87,337,48.0,-1.0285876922897763,15.908412307710211,10.139999999999999,1576,1585
cozarza01,Zack Cozart,3388.0,764,87,219,21.0,3.8431967900307527,15.905030123364094,14.37,1577,1315
gerbewa01,Wally Gerber,5816.0,1309,7,465,43.0,5.151019615154386,15.90218628182104,4.31,1578,1908
dalrycl01,Clay Dalrymple,3532.0,710,55,387,3.0,6.367962962962962,15.899796296296287,16.77,1579,1144
millafe01,Felix Millan,6325.0,1617,22,318,67.0,-0.9099199706649411,15.898913362668392,17.68,1580,1089
teufeti01,Tim Teufel,3562.0,789,86,387,23.0,-2.485654923349269,15.89217840998406,15.31,1581,1241
kubelja01,Jason Kubel,3883.0,913,140,355,12.0,-7.965600866136912,15.811732467196412,4.05,1582,1916
morriji01,Jim Morrison,3695.0,876,112,213,50.0,0.43303697810109565,15.808703644767755,12.040000000000001,1583,1464
riverju01,Juan Rivera,3787.0,950,132,253,17.0,-5.126150066480021,15.769683266853315,9.219999999999999,1584,1639
schaapa01,Paul Schaal,4149.0,869,57,516,43.0,-0.1677842599738554,15.751715740026146,14.67,1585,1286
cissebi01,Bill Cissell,3998.0,990,29,212,113.0,5.428408665046788,15.749575331713459,2.66,1586,1973
thomade01,Derrel Thomas,5268.0,1163,43,456,140.0,3.450023004511185,15.745023004511188,6.47,1587,1799
malarda01,Dave Malarcher,3071.0,686,7,351,126.0,1.1290011368205746,15.740667803487252,12.100000000000001,1588,1462
reesepo01,Pokey Reese,3138.0,704,44,226,144.0,5.746190715762788,15.730190715762788,6.29,1589,1808
cromawa01,Warren Cromartie,4318.0,1104,61,325,50.0,-5.899604106472547,15.711729226860779,16.349999999999998,1590,1181
koenima01,Mark Koenig,4603.0,1190,28,222,31.0,1.8785539990633446,15.710387332396678,7.76,1591,1725
gomesjo01,Jonny Gomes,4009.0,835,162,417,50.0,-8.98235955986784,15.686973773465487,3.4000000000000004,1592,1944
hicksaa01,Aaron Hicks,3651.0,724,109,461,71.0,-1.5010063584830946,15.670493641516902,13.17,1593,1380
parkewe01,Wes Parker,4835.0,1110,64,532,60.0,-8.906010938083565,15.663655728583109,22.86,1594,826
liponjo01,Johnny Lipon,3089.0,690,10,347,28.0,5.390716222766854,15.642382889433524,5.8100000000000005,1595,1833
robinbi02,Bill Robinson,4729.0,1127,166,263,71.0,-5.599155396504458,15.63267793682888,7.62,1596,1737
mccanja02,James McCann,3444.0,765,97,202,15.0,6.260826227239212,15.563326227239202,8.49,1597,1686
candeje01,Jeimer Candelario,3589.0,757,110,326,19.0,-0.7302927641563725,15.550540569176956,9.21,1598,1640
schripo01,Pop Schriver,3039.0,721,16,227,46.0,4.323674515119558,15.51467451511956,8.09,1599,1709
felizpe01,Pedro Feliz,4544.0,1065,140,230,13.0,1.19586978804439,15.51403645471105,5.56,1600,1851
flahejo01,John Flaherty,3640.0,849,80,175,10.0,7.440975470126557,15.44630880345989,1.5699999999999998,1601,2004
hallji02,Jimmie Hall,3169.0,724,121,287,38.0,-1.6518880855183347,15.442445247814993,13.79,1602,1350
greenle01,Lenny Green,3398.0,788,47,368,78.0,-2.4997437615631,15.406922905103562,8.19,1603,1703
colbena01,Nate Colbert,3863.0,833,173,383,52.0,-7.389198551685121,15.40646811498154,14.23,1604,1322
milledo02,Dots Miller,6476.0,1526,32,391,177.0,-5.112619525885724,15.405547140780948,18.12,1605,1064
rolliri01,Rich Rollins,3675.0,887,77,266,17.0,-0.5132713876026616,15.399228612397337,11.77,1606,1481
knighra01,Ray Knight,5291.0,1311,84,343,14.0,-5.588172468421175,15.394494198245496,13.22,1607,1374
youngra01,Ralph Young,4336.0,898,4,495,92.0,4.925864073107931,15.375197406441279,1.19,1608,2013
morelmi01,Mitch Moreland,4536.0,1020,186,385,11.0,-10.001332425660692,15.361167574339301,11.129999999999999,1609,1517
tolanbo01,Bobby Tolan,4664.0,1121,86,258,193.0,-1.9283607463115495,15.3508059203551,10.09,1610,1586
rosared01,Eddie Rosario,4355.0,1064,169,226,65.0,-5.79443248776767,15.323734178898993,11.08,1611,1522
barnhcl01,Clyde Barnhart,3048.0,788,27,265,35.0,-3.8381376098118083,15.305362390188197,9.3,1612,1634
roberda07,Dave Roberts,3090.0,721,23,307,243.0,-1.7038658752382525,15.299634124761743,9.05,1613,1649
altmage01,George Altman,3419.0,832,101,268,52.0,-4.224841545901971,15.297825120764696,12.99,1614,1401
francje02,Jeff Francoeur,5660.0,1373,160,284,54.0,-7.395903626436048,15.293763040230607,6.67,1615,1788
vazquch01,Christian Vazquez,3517.0,810,71,217,33.0,6.603507602780101,15.260340936113426,7.45,1616,1747
rosaram01,Amed Rosario,3904.0,1008,69,168,110.0,-0.168267185493492,15.249066147839837,9.840000000000002,1617,1607
mearepa01,Pat Meares,3560.0,849,58,150,43.0,5.816185447031346,15.238352113697996,4.779999999999999,1618,1882
incavpe01,Pete Incaviglia,4677.0,1043,206,360,33.0,-9.311654439499728,15.220845560500257,10.26,1619,1578
lowenjo01,John Lowenstein,3988.0,881,116,446,128.0,-6.024365103040166,15.116968230293159,9.93,1620,1599
barrema02,Marty Barrett,3833.0,938,18,304,57.0,0.8549874865900122,15.110154153256683,9.2,1621,1642
dudalu01,Lucas Duda,3581.0,741,156,394,6.0,-7.700086859195906,15.100579807470748,7.609999999999999,1622,1738
duncapa01,Pat Duncan,3007.0,827,23,184,55.0,-1.445900545320314,15.096932788013026,9.41,1623,1627
smithel02,Elmer Smith,3629.0,881,70,319,54.0,-7.850143033689596,15.093523632977062,14.260000000000002,1624,1321
mcdowod01,Oddibe McDowell,3172.0,715,74,294,169.0,-0.6772123929212512,15.090620940412089,10.639999999999999,1625,1543
comorad01,Adam Comorosky,3116.0,795,28,214,57.0,-1.6296744114153163,15.048492255251347,4.95,1626,1876
moorege03,Gene Moore,3913.0,958,58,317,31.0,-3.9131980683772967,15.030635264956038,15.23,1627,1247
knickbi01,Bill Knickerbocker,3753.0,943,28,244,25.0,2.349949502805866,15.023449502805864,4.390000000000001,1628,1905
epstemi01,Mike Epstein,3393.0,695,130,448,7.0,-7.622972533229773,14.998527466770227,12.73,1629,1423
stockke01,Kevin Stocker,3197.0,703,23,313,45.0,3.30312311492388,14.98128978159055,5.9399999999999995,1630,1827
maddoel01,Elliott Maddox,3340.0,742,18,409,60.0,0.9951549284288873,14.973488261762213,14.899999999999999,1631,1269
fullesh01,Shorty Fuller,4157.0,863,6,444,260.0,3.29967675036305,14.968343417029718,7.11,1632,1761
rodriau01,Aurelio Rodriguez,7078.0,1570,124,324,35.0,9.02410825756302,14.948941590896359,15.09,1633,1255
gessldo01,Doc Gessler,3456.0,831,14,333,142.0,-7.755858484121825,14.930141515878182,16.48,1634,1169
baderha01,Harrison Bader,3046.0,679,88,214,105.0,1.2341319405548759,14.915965273888219,17.43,1635,1100
hollato01,Todd Hollandsworth,3492.0,871,98,262,75.0,-5.238638990890198,14.893861009109795,6.449999999999999,1636,1801
mancitr01,Trey Mancini,3380.0,801,129,265,2.0,-5.395386620669539,14.891280045997135,8.58,1637,1678
crawfwi01,Willie Crawford,3925.0,921,86,431,47.0,-7.829793853295516,14.888039480037822,21.28,1638,900
renfrhu01,Hunter Renfroe,3763.0,808,192,289,15.0,-4.6112397952128035,14.886593538120536,8.89,1639,1662
brownji03,Jimmy Brown,3832.0,980,9,231,39.0,2.48353495498358,14.880368288316916,10.290000000000001,1640,1574
roystje01,Jerry Royster,4732.0,1049,40,411,189.0,3.0442103447573854,14.880043678090718,2.4400000000000004,1641,1978
shankho01,Howie Shanks,6414.0,1440,25,415,185.0,1.2315593161752332,14.878059316175229,9.729999999999999,1642,1611
maldoca01,Candy Maldonado,4590.0,1042,146,391,34.0,-8.35414826584628,14.854851734153723,9.94,1643,1596
bradlja02,Jackie Bradley,4192.0,839,109,361,69.0,0.6601551358585909,14.814988469191917,16.58,1644,1157
landrke01,Ken Landreaux,4503.0,1099,91,299,145.0,-5.3039976382711895,14.798502361728804,10.4,1645,1566
trumbma01,Mark Trumbo,4419.0,1018,218,299,23.0,-8.141971029898246,14.779528970101762,9.540000000000001,1646,1622
treshmi01,Mike Tresh,3637.0,788,2,402,19.0,8.398333333333333,14.76616666666666,2.08,1647,1990
webstmi01,Mitch Webster,3849.0,900,70,325,160.0,-4.694730099404869,14.724269900595141,14.34,1648,1318
fossera01,Ray Fosse,3226.0,758,61,203,15.0,6.238627378301233,14.714460711634569,12.809999999999999,1649,1416
barnhtu01,Tucker Barnhart,3103.0,662,53,297,8.0,5.535902102047574,14.712235435380904,6.800000000000001,1650,1781
mayele01,Lee Maye,4382.0,1109,94,282,59.0,-5.67263003106078,14.702536635605892,15.73,1651,1218
howelro02,Roy Howell,4181.0,991,80,318,9.0,-1.822916899551603,14.691249767115062,10.950000000000001,1652,1530
leetr01,Travis Lee,4233.0,958,115,457,59.0,-8.521094091937979,14.678405908062008,7.27,1653,1756
brownje01,Jerry Browne,3707.0,866,23,393,73.0,-1.6593403533320008,14.638826313334661,11.94,1654,1471
mientdo01,Doug Mientkiewicz,3843.0,899,66,438,14.0,-9.396692470439135,14.60930752956087,11.81,1655,1478
izturma01,Maicer Izturis,3350.0,810,39,267,93.0,0.28588779207836107,14.598054458745022,11.33,1656,1503
garciav01,Avisail Garcia,4296.0,1038,140,262,51.0,-5.207571053263809,14.591928946736186,9.4,1657,1629
santaan02,Anthony Santander,3336.0,729,161,251,10.0,-3.2452588905440614,14.518741109455942,10.05,1658,1589
covinwe01,Wes Covington,3291.0,832,131,247,7.0,-8.07267889305077,14.516821106949234,9.17,1659,1644
valenel01,Ellis Valentine,3392.0,881,123,180,59.0,-4.885208158087762,14.5149585085789,17.1,1660,1121
croneja01,Jake Cronenworth,3199.0,687,80,319,24.0,-2.647894810572436,14.479438522760896,15.51,1661,1229
milnejo01,John Milner,3985.0,855,131,504,31.0,-8.933376290917325,14.414457042416007,12.5,1662,1437
gonzama01,Marwin Gonzalez,3882.0,888,107,261,44.0,-0.4821949065892577,14.405805093410757,14.48,1663,1304
gourryu01,Yuli Gurriel,3739.0,956,98,227,28.0,-6.528704188584243,14.394629144749093,12.31,1664,1454
stubbdr01,Drew Stubbs,3167.0,687,92,277,161.0,-0.062206366527616554,14.390960300139065,7.98,1665,1713
theriry01,Ryan Theriot,3615.0,911,17,285,121.0,-0.15347079974062935,14.386029200259369,6.72,1666,1786
lakeed01,Eddie Lake,3199.0,599,39,546,52.0,0.1171916651748166,14.350524998508154,12.37,1667,1451
panikjo01,Joe Panik,3099.0,733,42,256,22.0,1.8950085605750857,14.341008560575082,5.4799999999999995,1668,1854
fullmbr01,Brad Fullmer,3065.0,778,114,216,32.0,-8.411155113271837,14.317511553394832,5.920000000000001,1669,1829
hoblidi01,Dick Hoblitzell,5370.0,1310,27,407,173.0,-11.939160875444847,14.279339124555136,20.53,1670,940
cairomi01,Miguel Cairo,4392.0,1044,41,243,139.0,-0.4038210187451723,14.266678981254824,7.67,1671,1731
pacioto01,Tom Paciorek,4465.0,1162,86,245,55.0,-7.566489894243665,14.252343439089671,7.53,1672,1742
blumge01,Geoff Blum,4392.0,990,99,332,19.0,-0.8620528744507346,14.238447125549268,3.3,1673,1946
arciaor01,Orlando Arcia,3537.0,778,90,241,43.0,5.976211332352809,14.233711332352806,3.73,1674,1927
causewa01,Wayne Causey,3721.0,819,35,390,12.0,1.8321655092048217,14.21549884253815,8.43,1675,1692
paddedi01,Dick Padden,3545.0,814,11,224,132.0,1.766495109433531,14.207161776100198,9.07,1676,1647
dropowa01,Walt Dropo,4521.0,1113,152,328,5.0,-10.141541839995655,14.190958160004334,3.36,1677,1945
ahmedni01,Nick Ahmed,3401.0,726,72,227,44.0,7.100088925847393,14.185755592514061,11.13,1678,1516
ramirra01,Rafael Ramirez,5887.0,1432,53,264,112.0,5.712416031253985,14.184749364587319,6.04,1679,1824
schaege01,Germany Schaefer,4305.0,972,9,333,201.0,1.3151553426095635,14.184655342609569,9.069999999999999,1680,1648
lowena01,Nathaniel Lowe,3430.0,796,107,376,15.0,-7.425739618092092,14.176093715241233,13.16,1681,1382
patteco01,Corey Patterson,4495.0,1050,118,206,218.0,-1.8292744210414131,14.154058912291934,9.73,1682,1610
leonaje01,Jeffrey Leonard,5476.0,1342,144,342,163.0,-10.802816107501988,14.126017225831344,9.88,1683,1603
valbulu01,Luis Valbuena,3571.0,710,114,374,11.0,0.7435299716799194,14.122363305013241,8.35,1684,1696
westma02,Max West,3057.0,681,77,353,19.0,-3.3911890646031493,14.053310935396848,13.149999999999999,1685,1386
millebr02,Brad Miller,3529.0,740,123,350,43.0,-2.537077616403552,14.010755716929783,6.15,1686,1816
zuninmi01,Mike Zunino,3098.0,557,149,219,2.0,6.4884567901234576,13.999123456790139,8.99,1687,1653
boeckto01,Tony Boeckel,3197.0,813,27,237,90.0,-0.5745813386160539,13.990085328050606,9.4,1688,1629
finnelo01,Lou Finney,5033.0,1329,31,329,39.0,-7.643285174075309,13.981881492591345,3.23,1689,1947
preslji01,Jim Presley,3818.0,875,135,210,9.0,0.5834495876376907,13.963616254304352,0.2999999999999996,1690,2027
blefacu01,Curt Blefary,3490.0,699,112,456,24.0,-4.935812443410702,13.935520889922639,11.05,1691,1525
callaal01,Alberto Callaspo,3956.0,941,52,350,22.0,-0.8402760723575369,13.925390594309127,9.58,1692,1619
weavefa01,Farmer Weaver,3324.0,853,9,185,162.0,-0.03261772637195701,13.897382273628057,4.6,1693,1891
javieju01,Julian Javier,6179.0,1469,78,314,135.0,1.3124454243133883,13.874612090980055,13.87,1694,1346
foliti01,Tim Foli,6573.0,1515,25,265,81.0,13.203727302783605,13.852227302783604,5.72,1695,1842
lordha01,Harry Lord,4141.0,1026,14,226,206.0,-2.64778947783733,13.833543855496012,16.49,1696,1167
baumhfr01,Frank Baumholtz,3807.0,1010,25,258,30.0,-4.316933498369599,13.820066501630402,8.049999999999999,1697,1710
elybo01,Bones Ely,5584.0,1333,24,257,165.0,4.779129292092563,13.816962625425907,6.930000000000001,1698,1773
herrmed01,Ed Herrmann,3057.0,654,80,260,6.0,4.794444444444445,13.77944444444445,5.89,1699,1831
breamsi01,Sid Bream,3530.0,819,90,353,50.0,-5.833070797941579,13.775595868725086,11.11,1700,1519
raridbi01,Bill Rariden,3305.0,682,7,340,47.0,7.472111426617696,13.768278093284362,8.45,1701,1691
plouftr01,Trevor Plouffe,3234.0,710,106,246,12.0,1.0821056996776952,13.768105699677701,7.44,1702,1748
hundlra01,Randy Hundley,3797.0,813,82,271,12.0,7.449691358024691,13.72935802469136,11.639999999999999,1703,1491
gilbebi02,Billy Gilbert,3271.0,695,4,270,167.0,4.457500423763095,13.702333757096437,5.33,1704,1861
mossbr01,Brandon Moss,3521.0,742,160,328,11.0,-5.8912358085742635,13.681930858092406,5.36,1705,1860
valenda01,Danny Valencia,3222.0,795,96,217,11.0,-1.7827526174891009,13.680747382510887,6.09,1706,1822
lewisda01,Darren Lewis,4652.0,1021,27,403,247.0,0.9238532424188606,13.66501990908553,10.49,1707,1559
burnsja02,Jack Burns,3976.0,980,44,376,63.0,-6.882405986123494,13.658427347209829,4.79,1708,1880
abbated01,Ed Abbaticchio,3459.0,772,11,289,142.0,1.9531643708864643,13.546164370886464,8.67,1709,1672
johnsre02,Reed Johnson,3992.0,1014,65,181,41.0,-6.466084822840683,13.537081843825996,10.58,1710,1547
youngjo02,Joel Youngblood,4078.0,969,80,332,60.0,-4.367753536024163,13.533579797309164,10.56,1711,1549
beckebe01,Beals Becker,3091.0,763,45,241,129.0,-3.4946150359703365,13.525218297362994,6.47,1712,1799
duvalad01,Adam Duvall,3722.0,771,195,247,22.0,-3.799508442993693,13.503158223672978,10.6,1713,1545
pasquda01,Dan Pasqua,3000.0,638,117,335,7.0,-4.105010294757592,13.498489705242417,10.72,1714,1537
clarkho01,Horace Clarke,5242.0,1230,27,365,151.0,5.4219567758663,13.492790109199635,15.67,1715,1223
esaskni01,Nick Esasky,3064.0,677,122,314,18.0,-5.0545953776344135,13.467737955698922,8.29,1716,1700
weathro01,Roy Weatherly,3008.0,794,43,180,42.0,-1.0433294053799986,13.466337261286672,8.94,1717,1658
randlle01,Lenny Randle,4427.0,1016,27,372,156.0,2.4283386353655394,13.434005302032208,11.61,1718,1493
gibsoge01,George Gibson,4190.0,893,15,286,40.0,9.589994731541635,13.413661398208296,14.83,1719,1271
lopezjo01,Jose Lopez,4089.0,1005,92,150,25.0,1.5947566933803259,13.403256693380325,10.02,1720,1591
knoopbo01,Bobby Knoop,4004.0,856,56,305,16.0,7.664014620402156,13.38968128706882,12.73,1721,1423
vaughfa01,Farmer Vaughn,3645.0,946,21,151,92.0,2.1453985926556234,13.368398592655637,2.5300000000000002,1722,1976
davismi02,Mike Davis,3298.0,778,91,236,134.0,-2.3019703058979566,13.351363027435369,14.46,1723,1307
jamesdi01,Dion James,3074.0,781,32,318,43.0,-4.610646945274703,13.342519721391957,6.2,1724,1813
puntoni01,Nick Punto,3734.0,798,19,386,104.0,3.030681253332105,13.337347919998763,15.44,1725,1233
kineris01,Isiah Kiner-Falefa,3370.0,815,36,180,100.0,4.099770796110979,13.316104129444307,17.11,1726,1119
urshegi01,Gio Urshela,3028.0,759,73,178,7.0,0.5246685034034329,13.313501836736771,8.35,1727,1696
garmsde01,Debs Garms,3461.0,910,17,288,18.0,-4.50779092379448,13.30087574287219,11.46,1728,1500
mayda01,Dave May,4085.0,920,96,344,60.0,-0.9862216156827728,13.299445050983877,13.52,1729,1362
rothrja01,Jack Rothrock,3719.0,924,28,299,75.0,-2.2856664764827737,13.282500190183896,4.45,1730,1903
handlle01,Lee Handley,3697.0,902,15,267,68.0,1.5067951996696465,13.281128533002967,6.24,1731,1809
reichri01,Rick Reichardt,3685.0,864,116,263,40.0,-4.537057571275467,13.256275762057868,13.93,1732,1341
bordepa01,Pat Borders,3499.0,831,69,155,9.0,6.217548759565049,13.255382092898369,3.62,1733,1934
salazlu01,Luis Salazar,4375.0,1070,94,179,117.0,1.6175095381307538,13.217342871464083,9.01,1734,1651
saiervi01,Vic Saier,3431.0,775,55,378,121.0,-8.664200813405385,13.214965853261276,14.97,1735,1262
delluda01,David Dellucci,3266.0,736,101,322,41.0,-6.985851810983954,13.19331485568272,2.4600000000000004,1736,1977
tablepa01,Pat Tabler,4362.0,1101,47,375,16.0,-7.487852087194324,13.18714791280568,3.1100000000000003,1737,1952
keppije01,Jeff Keppinger,3154.0,814,45,199,12.0,-0.08825036067930547,13.182082972654033,1.07,1738,2016
vittos01,Ossie Vitt,4486.0,894,4,455,114.0,4.6308768608111635,13.162210194144496,15.03,1739,1261
roberle01,Leon Roberts,3066.0,731,78,256,26.0,-3.0669702657294584,13.140029734270541,12.07,1740,1463
huntebr02,Brian Hunter,3659.0,882,25,243,260.0,0.361492218941342,13.137158885608006,7.43,1741,1749
beckhgo01,Gordon Beckham,3782.0,807,80,266,35.0,3.093115276564528,13.047281943231194,5.640000000000001,1742,1847
pickeol01,Ollie Pickering,3744.0,910,9,287,194.0,-2.046853621740556,13.045146378259446,8.5,1743,1685
schumsk01,Skip Schumaker,3581.0,905,28,280,26.0,-1.1029594042842188,13.03470726238245,1.61,1744,2003
clingbi01,Billy Clingman,3242.0,700,8,303,98.0,4.786303099949995,13.03296976661666,8.46,1745,1689
hollocr01,Crush Holloway,3795.0,937,31,242,148.0,-2.965872675361786,12.972127324638214,5.109999999999999,1746,1871
helmsto01,Tommy Helms,5333.0,1342,34,231,33.0,4.646071127313813,12.959237793980481,8.26,1747,1701
cedenro01,Roger Cedeno,3557.0,865,40,319,213.0,-5.040143015615805,12.93102365105086,1.6900000000000002,1748,1999
oldriru01,Rube Oldring,5096.0,1268,27,206,197.0,-3.152096677381565,12.91406998928511,14.49,1749,1303
stevele01,Lee Stevens,3724.0,847,144,345,9.0,-8.615328706572672,12.896504626760663,1.99,1750,1993
martica01,Carmelo Martinez,3356.0,713,108,404,10.0,-4.974290677977679,12.890375988688984,11.02,1751,1526
wolveha01,Harry Wolverton,3296.0,833,7,166,83.0,1.0993699037370104,12.848536570403676,11.2,1752,1510
guttedo01,Don Gutteridge,4577.0,1075,39,309,95.0,0.22137240729501678,12.82753907396167,1.38,1753,2009
taylomi02,Michael Taylor,3801.0,807,109,263,128.0,2.2446914619046376,12.816691461904636,12.74,1754,1422
garcida01,Damaso Garcia,4124.0,1108,36,130,203.0,-0.1579358310464034,12.808230835620256,7.2299999999999995,1755,1758
hartzro01,Roy Hartzell,5221.0,1146,12,455,182.0,-0.1837361638262215,12.79659716950711,13.18,1756,1378
demosbi01,Bingo DeMoss,3421.0,685,4,339,167.0,3.8145027353101826,12.739336068643519,8.889999999999999,1757,1664
nunezed02,Eduardo Nunez,3008.0,776,58,135,142.0,-0.8868795879555427,12.69478707871113,0.16000000000000014,1758,2030
rojasco01,Cookie Rojas,6871.0,1660,54,396,74.0,0.5349489568150501,12.692282290148402,9.28,1759,1638
jonesga02,Garrett Jones,3227.0,734,122,265,28.0,-4.6801416811366465,12.688524985530009,3.58,1760,1937
yorkto01,Tom York,4213.0,1095,14,198,20.0,-0.718286728868167,12.687046604465156,19.51,1761,994
orsuljo01,Joe Orsulak,4714.0,1173,57,318,93.0,-4.76804091821031,12.682792415123012,5.41,1762,1858
garciad02,Adolis Garcia,3119.0,675,141,211,74.0,-1.9147843477844972,12.665882318882161,14.37,1763,1315
aokino01,Nori Aoki,3043.0,774,33,234,98.0,-3.896245117250829,12.6640882160825,10.39,1764,1567
youngde03,Delmon Young,4371.0,1162,109,179,36.0,-7.767481949925076,12.645518050074918,3.1900000000000004,1765,1948
kingji01,Jim King,3337.0,699,117,363,23.0,-4.381868582139267,12.625964751194058,11.1,1766,1520
venabwi01,Will Venable,3146.0,707,81,254,135.0,-2.69313083313052,12.599035833536142,12.89,1767,1409
mantife01,Felix Mantilla,3027.0,707,89,256,27.0,-2.192162284674371,12.594337715325622,6.55,1768,1793
elsteke01,Kevin Elster,3225.0,648,88,295,14.0,3.0395238593443503,12.583523859344345,6.1899999999999995,1769,1814
waitked01,Eddie Waitkus,4680.0,1214,24,372,28.0,-8.749539020892637,12.522460979107365,14.51,1770,1301
freesge02,Gene Freese,3784.0,877,115,243,51.0,-3.432538055876461,12.513295277456866,8.67,1771,1672
cabelen01,Enos Cabell,6304.0,1647,60,259,238.0,-5.814190366801043,12.509142966532258,11.3,1772,1506
brookto01,Tom Brookens,4258.0,950,71,281,86.0,2.4518510921054677,12.498184425438811,11.53,1773,1497
colbrgr01,Greg Colbrunn,3016.0,801,98,170,29.0,-7.815468516920061,12.492364816413257,6.9,1774,1774
marshmi02,Mike Marshall,3908.0,971,148,247,26.0,-9.046641477959337,12.49202518870734,10.06,1775,1587
ainsmed01,Eddie Ainsmith,3422.0,707,22,263,86.0,7.271284518219177,12.46895118488584,6.74,1776,1785
durocle01,Leo Durocher,5827.0,1320,24,377,31.0,5.932544331383434,12.417377664716767,4.0,1777,1917
urbanbi01,Billy Urbanski,3345.0,791,19,198,24.0,5.430946185448812,12.403946185448813,6.9799999999999995,1778,1770
motama01,Manny Mota,4227.0,1149,31,289,50.0,-10.0470200634816,12.3939799365184,17.68,1779,1089
kirklwi01,Willie Kirkland,3882.0,837,148,323,52.0,-4.872869788924751,12.356130211075248,9.46,1780,1625
brockgr01,Greg Brock,3695.0,794,110,434,41.0,-7.168378690185437,12.348787976481253,10.02,1781,1591
johnsal01,Alex Johnson,4948.0,1331,78,244,113.0,-8.884410179351944,12.323423153981377,9.98,1782,1595
almonbi01,Bill Almon,3659.0,846,36,250,128.0,4.042692555256254,12.305359221922906,4.63,1783,1889
lefebji01,Jim Lefebvre,3417.0,756,74,322,8.0,-0.79427567985515,12.291724320144851,17.15,1784,1116
backmwa01,Wally Backman,3708.0,893,10,371,117.0,-2.8752334129981767,12.262266587001822,13.16,1785,1382
morrilo01,Logan Morrison,3779.0,792,140,393,23.0,-7.88927571554367,12.18889095112299,4.23,1786,1911
gonzami01,Mike Gonzalez,3149.0,717,13,231,52.0,5.451843993605009,12.150510660271669,10.06,1787,1587
manwaki01,Kirt Manwaring,3336.0,733,21,243,10.0,6.940432098765432,12.14943209876543,5.18,1788,1868
maldoma01,Martin Maldonado,4028.0,731,119,304,3.0,8.232320983939271,12.119487650605937,6.140000000000001,1789,1818
benedbr01,Bruce Benedict,3289.0,696,18,328,12.0,7.075987654320988,12.10832098765432,7.32,1790,1752
repulri01,Rip Repulski,3378.0,830,106,207,25.0,-5.226659693623249,12.087840306376746,5.28,1791,1863
gibboja01,Jay Gibbons,3177.0,759,127,224,2.0,-5.354563971479719,12.069436028520283,5.46,1792,1855
nadyxa01,Xavier Nady,3241.0,797,104,189,19.0,-5.241500169368519,12.054333163964822,3.7600000000000002,1793,1926
hummejo01,John Hummel,4377.0,991,29,346,117.0,-2.4999918027808907,12.04350819721913,11.72,1794,1485
vandejo02,John Vander Wal,3166.0,717,97,385,38.0,-9.902946019516897,12.030387313816432,6.21,1795,1812
azcuejo01,Joe Azcue,3095.0,712,50,207,5.0,5.935555555555555,12.022722222222221,8.58,1796,1678
whitebu01,Burgess Whitehead,3562.0,883,17,150,51.0,5.765111035866857,11.971944369200193,6.15,1797,1816
pagnoto01,Tom Pagnozzi,3142.0,733,44,189,18.0,5.317418555212906,11.953751888546245,7.739999999999999,1798,1729
verdual01,Alex Verdugo,3393.0,831,70,254,23.0,-4.493045849535045,11.830454150464941,11.72,1799,1485
smoakju01,Justin Smoak,4750.0,951,196,552,3.0,-12.174013285060877,11.737820048272456,6.77,1800,1784
forsylo01,Logan Forsythe,3539.0,762,71,343,42.0,-2.239416449641417,11.735250217025248,11.66,1801,1488
snydeco02,Cory Snyder,3933.0,902,149,226,28.0,-2.964674657223147,11.72232534277685,0.7000000000000002,1802,2025
dentbu01,Bucky Dent,5025.0,1114,40,328,17.0,6.481188015609149,11.710688015609156,17.51,1803,1095
pennicl01,Cliff Pennington,3142.0,678,36,266,84.0,3.81584184046532,11.683175173798654,9.89,1804,1602
solando01,Donovan Solano,3185.0,805,43,199,15.0,-1.8355889055714898,11.67857776109517,7.58,1805,1740
remyje01,Jerry Remy,4963.0,1226,7,356,208.0,-2.2076980935869996,11.674635239746333,14.58,1806,1295
zimmedo01,Don Zimmer,3593.0,773,91,246,45.0,3.5598069846961495,11.658973651362817,2.75,1807,1969
avilemi01,Mike Aviles,3234.0,786,60,141,78.0,2.9626250812835244,11.655625081283523,5.87,1808,1832
francma02,Maikel Franco,3573.0,809,130,221,5.0,-1.1068146429374335,11.615685357062565,0.21999999999999997,1809,2029
mcbrige01,George McBride,6235.0,1203,7,419,133.0,16.549577092314696,11.550410425648014,21.18,1810,907
mcgarch01,Chippy McGarr,3482.0,875,9,184,267.0,-0.37904323322304484,11.538123433443623,1.4300000000000002,1811,2006
espinda01,Danny Espinosa,3267.0,644,98,242,64.0,1.6827672467954868,11.51776724679548,8.7,1812,1671
coraal01,Alex Cora,3825.0,828,35,248,47.0,2.8386826539893013,11.494182653989295,6.96,1813,1772
simpsha01,Harry Simpson,3593.0,870,76,312,23.0,-6.195498937879118,11.48966772878755,5.2299999999999995,1814,1865
bonneba01,Barry Bonnell,3353.0,833,56,229,64.0,-2.161887819904515,11.480778846762146,1.6300000000000001,1815,2001
johnsdi01,Dick Johnston,3135.0,751,33,133,151.0,2.9780524319164483,11.480552431916447,2.6900000000000004,1816,1971
warnejo01,Jack Warner,3827.0,870,6,181,83.0,7.422172250267941,11.476338916934598,14.709999999999999,1817,1281
bannial01,Alan Bannister,3373.0,811,19,292,108.0,-2.168494086601723,11.427839246731608,3.6,1818,1935
caseydo01,James Casey,4805.0,1122,9,270,191.0,-0.18021478663751048,11.425951880029153,12.01,1819,1466
clarkbo02,William Clarke,3667.0,858,20,176,54.0,3.9679672270109236,11.399300560344262,4.75,1820,1883
grossgr01,Greg Gross,4355.0,1073,7,523,39.0,-11.142120832640012,11.399045834026643,12.41,1821,1446
longte01,Terrence Long,3325.0,824,69,227,27.0,-2.9846624688433967,11.396170864489937,5.1899999999999995,1822,1867
hatchbi01,Billy Hatcher,4752.0,1146,54,267,218.0,-4.376439718676741,11.378560281323256,3.9399999999999995,1823,1919
wilsogl01,Glenn Wilson,4467.0,1098,98,253,27.0,-4.500292949466116,11.353207050533884,13.069999999999999,1824,1394
whittpo01,George Whitted,4041.0,978,23,215,116.0,-0.5255137750444749,11.342486224955538,9.71,1825,1613
gallemi01,Mike Gallego,3379.0,700,42,326,24.0,3.5601031411811475,11.30843647451447,17.02,1826,1129
harreke01,Ken Harrelson,3364.0,703,131,382,53.0,-5.936177644904918,11.279655688428402,6.6,1827,1791
egandi01,Dick Egan,3547.0,767,4,291,167.0,2.88512596333894,11.217959296672277,8.03,1828,1711
wertdo01,Don Wert,4346.0,929,77,389,22.0,0.23469452617241107,11.214361192839085,9.41,1829,1627
davalvi01,Vic Davalillo,4296.0,1122,36,212,125.0,-2.187403939160179,11.202096060839825,15.72,1830,1219
coomero01,Ron Coomer,3238.0,827,92,177,13.0,-3.578858051687945,11.201975281645378,1.41,1831,2008
shaffor01,Orator Shafer,3784.0,1000,11,227,34.0,-2.4282681205369947,11.199065212796336,19.39,1832,1000
griffal01,Alfredo Griffin,7330.0,1688,24,338,192.0,8.456010836363436,11.197344169696763,2.97,1833,1958
francty01,Ty France,3308.0,776,81,204,3.0,-5.344795852953416,11.129370813713251,12.5,1834,1437
carrocl01,Cliff Carroll,4380.0,995,31,361,197.0,-3.4570135594649143,11.051486440535077,8.58,1835,1678
willige02,Gerald Williams,3323.0,780,85,180,106.0,-1.794709710190292,11.013956956476367,6.4799999999999995,1836,1798
hinchbi01,Bill Hinchman,3485.0,793,20,298,85.0,-4.4739328720867375,11.005233794579931,14.100000000000001,1837,1329
wallide01,Denny Walling,3287.0,799,49,308,44.0,-5.3437898198403975,10.990876846826264,12.04,1838,1465
barryja01,Jack Barry,4902.0,1009,10,396,153.0,0.1128338970524986,10.967333897052487,25.73,1839,730
polangr01,Gregory Polanco,3213.0,696,96,287,98.0,-3.786839529144731,10.963160470855254,3.8999999999999995,1840,1921
kirkped01,Ed Kirkpatrick,4009.0,824,85,456,34.0,-3.6872836646441938,10.957049668689134,8.16,1841,1705
reynocr01,Craig Reynolds,4863.0,1142,42,227,58.0,3.7836160614079533,10.909616061407938,13.09,1842,1390
tayloza02,Zack Taylor,3101.0,748,9,161,9.0,6.409999999999999,10.852166666666665,3.1900000000000004,1843,1948
kaskoed01,Eddie Kasko,3879.0,935,22,265,31.0,2.843305643615056,10.838805643615055,11.09,1844,1521
griffto01,Tommy Griffith,5451.0,1383,52,351,70.0,-11.008639383641588,10.795360616358403,6.9,1845,1774
fondyde01,Dee Fondy,3759.0,1000,69,203,84.0,-6.945678882090616,10.794321117909377,5.720000000000001,1846,1841
alvisma01,Max Alvis,3984.0,895,111,262,43.0,-1.4711394504717816,10.771360549528207,8.32,1847,1699
berryke01,Ken Berry,4545.0,1053,58,298,45.0,1.4873210751248052,10.749821075124794,15.3,1848,1242
thomale03,Lee Thomas,3730.0,847,106,332,25.0,-6.442470146163371,10.72736318716996,3.04,1849,1955
reverbe01,Ben Revere,3343.0,892,7,151,211.0,-0.2591332641770894,10.668700069156248,7.819999999999999,1850,1723
brownol02,Ollie Brown,4012.0,964,102,314,30.0,-6.347997550184794,10.668335783148532,10.41,1851,1564
schreos01,Ossee Schrecongost,3216.0,829,9,102,52.0,4.686959274009469,10.576959274009468,12.379999999999999,1852,1450
everead01,Adam Everett,3070.0,668,40,174,67.0,4.6130980007956515,10.562931334128981,12.58,1853,1431
lynchje01,Jerry Lynch,3145.0,798,115,224,12.0,-9.383401767854389,10.560931565478944,2.6700000000000004,1854,1972
greendi01,Dick Green,4462.0,960,80,345,26.0,1.0501396098089493,10.555472943142274,16.05,1855,1197
jorgemi01,Mike Jorgensen,4034.0,833,95,532,58.0,-9.252769105816789,10.523897560849862,9.030000000000001,1856,1650
melesa01,Sam Mele,3796.0,916,80,311,15.0,-7.688235212809374,10.498598120523951,1.18,1857,2014
hotalpe01,Pete Hotaling,3734.0,931,9,224,78.0,-0.7570314732441273,10.493635193422536,7.890000000000001,1858,1719
duncada01,Dave Duncan,3190.0,617,109,252,5.0,6.271731615283631,10.473564948616964,6.49,1859,1796
hoffmda01,Danny Hoffman,3325.0,762,14,226,185.0,-0.5844176740263578,10.472415659306977,9.19,1860,1643
drurybr01,Brandon Drury,3159.0,713,109,188,5.0,-1.648107668267265,10.466392331732738,2.18,1861,1986
collish01,Shano Collins,7036.0,1687,22,331,225.0,-8.888704965287,10.44212836804632,9.74,1862,1609
lavando01,Doc Lavan,4265.0,954,7,209,71.0,9.871952415466197,10.423119082132853,9.16,1863,1645
smithpo01,Pop Smith,4623.0,941,24,325,169.0,4.700630143034,10.417130143033994,13.07,1864,1392
sugdejo01,Joe Sugden,3077.0,696,3,220,48.0,4.7785456868511265,10.412212353517797,8.17,1865,1704
walkegr01,Greg Walker,3177.0,746,113,268,19.0,-8.588478688302008,10.396021311697973,5.800000000000001,1866,1835
stahlja01,Jake Stahl,3845.0,894,31,221,178.0,-7.76284387796876,10.3228227886979,17.22,1867,1113
bloodji01,Jimmy Bloodworth,3788.0,874,62,202,19.0,3.9196750768720037,10.316841743538651,0.73,1868,2024
siebedi01,Dick Siebert,4251.0,1104,32,276,30.0,-6.3793360058393125,10.291663994160675,7.18,1869,1759
englecl01,Clyde Engle,3206.0,748,12,271,128.0,-2.4660078211852037,10.279658845481453,9.72,1870,1612
summaho01,Homer Summa,3318.0,905,18,166,44.0,-6.274595677694236,10.279404322305757,4.59,1871,1893
moriage02,George Moriarty,4101.0,920,5,234,248.0,1.22574635570245,10.245746355702448,13.370000000000001,1872,1366
metkoca01,George Metkovich,3955.0,934,47,307,61.0,-3.5940041382814885,10.241829195051855,5.8100000000000005,1873,1833
ferriho01,Hobe Ferris,5107.0,1145,40,160,89.0,7.759868700029169,10.199702033362497,16.419999999999998,1874,1178
anderma02,Marlon Anderson,3508.0,849,63,227,71.0,-3.776199222395578,10.181634110937765,7.1499999999999995,1875,1760
alonsyo01,Yonder Alonso,3773.0,872,100,366,22.0,-9.020550028349119,10.146116638317555,8.58,1876,1678
whitejo01,Jo-Jo White,3086.0,678,8,386,92.0,-2.149929203260637,10.130737463406035,4.11,1877,1914
milesaa01,Aaron Miles,3064.0,793,19,162,30.0,1.344860226565317,10.092193559898652,1.01,1878,2018
martibu01,Buck Martinez,3072.0,618,58,230,5.0,6.329283719581082,10.088783719581077,4.49,1879,1900
douglkl01,Klondike Douglass,3130.0,766,10,227,84.0,-1.5957996859935302,10.086533647339802,2.86,1880,1964
margoma01,Manuel Margot,3211.0,748,56,218,96.0,-0.835640537337623,10.060692795995717,11.42,1881,1502
disarga01,Gary Disarcina,4032.0,966,28,154,47.0,5.2561675934255465,10.04566759342556,11.16,1882,1513
stricge01,George Strickland,3266.0,633,36,361,12.0,4.360880979574692,10.045547646241355,6.87,1883,1776
lachaca01,George LaChance,5307.0,1380,39,219,192.0,-12.335719392826443,10.035280607173565,10.610000000000001,1884,1544
morrijo01,John Morrill,5274.0,1275,43,358,61.0,-6.231889209035894,10.03461079096412,23.02,1885,821
dwyerji01,Jim Dwyer,3234.0,719,77,402,26.0,-9.00323716922934,10.021762830770655,6.07,1886,1823
snyderu01,Russ Snyder,4014.0,984,42,294,58.0,-4.032556440377069,9.958443559622923,5.24,1887,1864
hassebu01,Buddy Hassett,3807.0,1026,12,209,53.0,-4.5916119547194745,9.948888045280512,9.43,1888,1626
irwinar01,Arthur Irwin,4190.0,934,5,309,93.0,5.26212312005123,9.947289786717892,15.18,1889,1249
hamilbi02,Billy Hamilton,3285.0,713,24,230,326.0,1.7213864323623909,9.87338643236239,9.809999999999999,1890,1608
warstra01,Rabbit Warstler,4611.0,935,11,405,42.0,8.058660410287501,9.829660410287499,3.7,1891,1931
gandich01,Chick Gandil,4723.0,1176,11,273,153.0,-7.913899899840804,9.720933433492526,19.63,1892,981
bushra01,Randy Bush,3480.0,763,96,348,33.0,-8.85773122856235,9.695768771437645,1.42,1893,2007
crigelo01,Lou Criger,3619.0,709,11,309,58.0,7.5695668420900635,9.680900175423385,15.870000000000001,1894,1203
allenbe01,Bernie Allen,3823.0,815,73,370,13.0,-1.2968999245554065,9.663933408777911,9.290000000000001,1895,1637
ganzech01,Charlie Ganzel,3184.0,774,10,162,60.0,4.118594635465473,9.61592796879881,7.99,1896,1712
kittlro01,Ron Kittle,3013.0,648,176,236,16.0,-7.879754896676654,9.615578436656678,4.72,1897,1886
dextech01,Charlie Dexter,3197.0,751,16,198,183.0,-1.3037767890804832,9.483389877586179,3.5000000000000004,1898,1939
caterda01,Danny Cater,4785.0,1229,66,254,26.0,-6.247928190894263,9.415071809105749,10.58,1899,1547
jordabu01,Buck Jordan,3216.0,890,17,182,20.0,-6.024877363796808,9.390122636203184,11.56,1900,1495
blancgr01,Gregor Blanco,3348.0,746,26,363,122.0,-4.575396432326838,9.384603567673162,7.31,1901,1753
jonesbo01,Bob Jones,3366.0,791,7,208,49.0,2.050064145726819,9.379564145726821,6.72,1902,1786
willidi02,Dick Williams,3265.0,768,70,227,12.0,-2.4165793103235673,9.330754023009764,3.42,1903,1943
batemjo01,John Bateman,3585.0,765,81,172,10.0,6.605802469135803,9.289802469135795,1.0,1904,2019
purcebl01,Blondie Purcell,4875.0,1217,13,284,197.0,-5.669504878270295,9.273995121729712,2.0400000000000005,1905,1991
corkhpo01,John Corkhill,4614.0,1120,31,174,137.0,2.083122043330705,9.268622043330701,4.7299999999999995,1906,1885
dahlgba01,Babe Dahlgren,4506.0,1056,82,390,18.0,-9.604147483947745,9.252852516052243,2.17,1907,1987
nelsoca01,Candy Nelson,3673.0,833,3,352,68.0,0.4964368308143097,9.16877016414764,15.959999999999999,1908,1199
kollodo01,Don Kolloway,4244.0,1081,29,189,76.0,0.45008849601245055,9.127755162679124,2.4299999999999997,1909,1980
coscape01,Pete Coscarart,3355.0,728,28,295,34.0,1.3202584053315956,9.081591738664926,4.46,1910,1902
adairje01,Jerry Adair,4315.0,1022,57,208,29.0,2.9838000958303263,9.070633429163658,8.35,1911,1696
martibi02,Billy Martin,3717.0,877,64,188,34.0,0.025393187448498188,9.029393187448495,2.89,1912,1961
hechaad01,Adeiny Hechavarria,3287.0,778,37,163,35.0,3.752010160765919,9.01717682743259,5.0,1913,1875
izturce01,Cesar Izturis,4679.0,1103,17,226,110.0,4.694150059232117,8.936816725898776,6.13,1914,1820
myersal01,Al Myers,3548.0,788,13,294,111.0,0.019013538630272286,8.789180205296946,7.75,1915,1727
uribejo01,Jose Uribe,3369.0,738,19,256,74.0,5.383833345257403,8.728833345257401,8.72,1916,1669
taverfr01,Frank Taveras,4399.0,1029,2,249,300.0,1.5420687235433206,8.645402056876652,1.8199999999999998,1917,1997
coangi01,Gil Coan,3166.0,731,39,232,83.0,-1.1556448227955056,8.615188510537823,2.12,1918,1989
coughbi01,Bill Coughlin,4232.0,972,15,203,159.0,0.8701373465219661,8.539304013188632,8.459999999999999,1919,1690
mcgehca01,Casey McGehee,3086.0,721,67,249,7.0,-3.0325004973518794,8.478666169314797,0.7400000000000002,1920,2023
dauerri01,Rich Dauer,4218.0,984,43,297,6.0,-0.816773595714228,8.477226404285775,14.4,1921,1311
phillbu02,Bubba Phillips,3564.0,835,62,182,25.0,0.7522611590621427,8.455761159062144,3.09,1922,1953
mcclebi01,Bill McClellan,3486.0,773,6,274,132.0,1.9822407332677876,8.443240733267796,4.71,1923,1887
shannsp01,Spike Shannon,3015.0,677,3,286,145.0,-1.223109553423663,8.400390446576333,5.48,1924,1853
cimolgi01,Gino Cimoli,3357.0,808,44,221,21.0,-3.962469971300248,8.262030028699744,1.21,1925,2010
mayoed01,Eddie Mayo,3392.0,759,26,257,29.0,2.240014363726582,8.201181030393238,5.22,1926,1866
lindjo01,Jose Lind,4000.0,935,9,215,62.0,4.356345852255552,8.179679185588896,3.84,1927,1923
jamesch02,Chris James,3294.0,794,90,193,27.0,-5.411382208652299,8.164117791347707,5.039999999999999,1928,1873
steinbi02,Bill Stein,3067.0,751,44,186,16.0,-1.2971591881794668,8.113174145153867,5.38,1929,1859
brinked01,Ed Brinkman,6640.0,1355,60,444,30.0,9.947806885857737,8.105140219191073,13.19,1930,1377
wilforo01,Rob Wilfong,3014.0,668,39,205,54.0,1.8600734000148602,8.099740066681516,7.5200000000000005,1931,1744
chalkda01,Dave Chalk,3330.0,733,15,295,36.0,1.3205683772310517,8.086568377231055,8.49,1932,1686
mulvejo01,Joe Mulvey,4213.0,1059,28,134,147.0,-0.7410463855573468,8.072786947775992,7.01,1933,1766
stanaos01,Oscar Stanage,3845.0,819,8,219,30.0,8.641954372065122,8.033621038731788,4.51,1934,1899
roberda01,Dave Robertson,3034.0,812,47,113,94.0,-4.935340068501442,7.961993264831882,10.17,1935,1583
jacksro02,Ron Jackson,3285.0,774,56,213,23.0,-3.5223742171161816,7.94912578288381,7.24,1936,1757
bloomwi01,Willie Bloomquist,3136.0,778,18,189,133.0,-0.7485654073446797,7.928267925988644,1.84,1937,1995
dooinre01,Red Dooin,4271.0,961,10,155,133.0,8.699384129005974,7.886550795672629,5.7,1938,1844
lemkema01,Mark Lemke,3664.0,795,32,348,11.0,0.2758316605208078,7.826664993854152,6.109999999999999,1939,1821
shannmi01,Mike Shannon,3056.0,710,68,224,19.0,-2.9010298607078355,7.806136805958824,7.76,1940,1725
chaveen01,Endy Chavez,3436.0,849,30,180,106.0,-2.2336669738161605,7.781666359517173,5.0200000000000005,1941,1874
brownge01,George Browne,4717.0,1176,18,259,190.0,-7.369041723890243,7.781291609443099,6.81,1942,1780
stillku01,Kurt Stillwell,3478.0,779,34,274,38.0,-0.9721434014560991,7.76318993187723,3.07,1943,1954
rodgebu01,Buck Rodgers,3353.0,704,31,234,17.0,6.414884642325736,7.7080513089924,3.46,1944,1941
mckecbi01,Bill McKechnie,3180.0,713,8,190,127.0,1.8229968680677093,7.622496868067704,2.32,1945,1985
andreed01,Ed Andrews,3436.0,830,12,194,205.0,-0.43794509440846136,7.616888238924882,2.13,1946,1988
zeidero01,Rollie Zeider,3688.0,769,5,334,223.0,-0.18914830100323138,7.595685032330098,5.71,1947,1843
bailobo01,Bob Bailor,3206.0,775,9,187,90.0,1.3523162197715897,7.589982886438254,8.89,1948,1662
richabo01,Bobby Richardson,5783.0,1432,34,262,73.0,-0.5229559996350936,7.579210667031572,8.129999999999999,1949,1706
bowerfr01,Frank Bowerman,3659.0,853,13,130,81.0,4.784499680643004,7.570666347309668,8.97,1950,1655
rawlijo01,Johnny Rawlings,4168.0,928,14,257,92.0,2.2988023075392268,7.5251356408725645,5.7299999999999995,1951,1840
nicolhu01,Hugh Nicol,3825.0,813,5,337,383.0,-2.904120219308192,7.338379780691804,4.06,1952,1915
barrysh01,John Barry,4465.0,1073,10,279,140.0,-5.891165998014557,7.28816733531877,3.65,1953,1933
kotchca01,Casey Kotchman,3412.0,799,71,267,14.0,-6.983501535462561,7.276831797870763,7.460000000000001,1954,1746
scottev01,Everett Scott,6373.0,1455,20,243,69.0,7.176255087723058,7.224088421056388,17.09,1955,1123
hatchmi01,Mickey Hatcher,3607.0,946,38,164,11.0,-4.263376382844042,7.116456950489285,2.95,1956,1960
fermife01,Felix Fermin,3072.0,718,4,166,27.0,4.33037392280623,6.953873922806229,1.8299999999999996,1957,1996
newsosk01,Skeeter Newsome,4087.0,910,9,246,67.0,5.174688054985763,6.834521388319106,1.0300000000000002,1958,2017
dolanco01,Cozy Dolan,3487.0,855,10,227,114.0,-4.208599334398448,6.6667339989348715,4.64,1959,1888
balbost01,Steve Balboni,3440.0,714,181,273,1.0,-9.249023375885603,6.666143290781055,0.8100000000000003,1960,2020
kopfla01,Larry Kopf,3382.0,750,5,242,72.0,2.6458313211750832,6.613164654508411,3.91,1961,1920
kraneed01,Ed Kranepool,5997.0,1418,118,454,15.0,-13.913626929746396,6.607873070253609,4.17,1962,1912
gleasbi01,Bill Gleason,3624.0,907,7,177,70.0,-1.360783792520038,6.542216207479965,10.32,1963,1571
asprobo01,Bob Aspromonte,4799.0,1103,60,333,19.0,-2.5608669076492605,6.537299759017405,1.21,1964,2010
todtph01,Phil Todt,3765.0,880,57,207,29.0,-6.174562368941347,6.4379376310586425,3.59,1965,1936
uhlaete01,Ted Uhlaender,3191.0,772,36,202,52.0,-1.6939408534913434,6.417725813175323,2.8,1966,1967
muelldo01,Don Mueller,4594.0,1292,65,167,11.0,-11.449713344476825,6.343119988856515,4.249999999999999,1967,1910
milleot01,Otto Miller,3049.0,695,5,104,40.0,6.927447429894819,6.299780763228155,0.7999999999999999,1968,2021
lummi01,Mike Lum,3999.0,877,90,366,13.0,-7.304057503038048,6.17744249696194,5.18,1969,1868
wasdeji01,Jimmy Wasdell,3161.0,782,29,243,29.0,-6.287510054856027,6.047656611810639,2.85,1970,1965
startjo01,Joe Start,4907.0,1417,15,164,18.0,-9.408218229080884,6.03644843758577,32.4,1971,528
bergmda01,Dave Bergman,3114.0,690,54,380,19.0,-8.891521189648353,6.015978810351646,6.67,1972,1788
sistisi01,Sibby Sisti,3368.0,732,27,283,30.0,-0.7572814891676718,6.005385177498996,2.3599999999999994,1973,1983
ordonre01,Rey Ordonez,3407.0,767,12,191,28.0,4.763649287090003,5.995315953756675,1.1799999999999997,1974,2015
paganjo01,Jose Pagan,4032.0,922,52,244,46.0,-0.9558332898183544,5.957166710181637,5.73,1975,1839
ripkebi01,Billy Ripken,3015.0,674,20,174,25.0,3.250236099153569,5.924736099153569,5.93,1976,1828
maxvida01,Dal Maxvill,3898.0,748,6,370,7.0,8.391032327670455,5.906865661003792,7.74,1977,1728
jacksso01,Sonny Jackson,3390.0,767,7,250,126.0,1.1926500232215234,5.902650023221514,1.64,1978,2000
kittrma01,Malachi Kittridge,4454.0,882,17,314,64.0,9.167222222222222,5.709888888888893,1.48,1979,2005
michage01,Gene Michael,3095.0,642,15,234,22.0,6.653844506788033,5.700511173454696,-0.029999999999999943,1980,2031
spencji01,Jim Spencer,5409.0,1227,146,407,11.0,-12.353972418865443,5.695527581134551,2.77,1981,1968
mccorba01,Barry McCormick,4029.0,867,15,280,130.0,0.5503887727508442,5.678388772750847,2.9699999999999998,1982,1959
isbelfr01,Frank Isbell,4652.0,1056,13,190,253.0,-3.6884590833571615,5.641707583309506,14.909999999999998,1983,1267
mackra01,Ray Mack,3016.0,629,34,261,35.0,0.7555783278471127,5.578411661180445,4.59,1984,1893
olivebo01,Bob Oliver,3123.0,745,94,156,17.0,-4.439075226132683,5.510424773867315,4.3,1985,1909
mccrato01,Tommy McCraw,4396.0,972,75,332,143.0,-7.614433960022366,5.43439937331096,8.64,1986,1676
gillepe01,Patrick Gillespie,3038.0,809,10,106,54.0,-1.7497596918403204,5.395906974826346,8.93,1987,1659
harrile01,Lenny Harris,4289.0,1055,37,279,131.0,-7.363236072734042,5.352930593932619,1.7300000000000002,1988,1998
hornujo01,Joe Hornung,4918.0,1230,31,120,159.0,-1.8185642601355156,5.329269073197814,7.91,1989,1717
dealch01,Charlie Deal,3249.0,752,11,135,65.0,1.3870676944029903,5.281567694402982,7.81,1990,1724
hershmi01,Mike Hershberger,3983.0,900,26,319,74.0,-3.892006758716826,5.271659907949828,2.3400000000000003,1991,1984
gardnbi02,Billy Gardner,3889.0,841,41,246,19.0,1.597230493563733,5.235063826897066,3.15,1992,1951
verbaem01,Emil Verban,3110.0,793,1,108,21.0,1.2892916968452686,5.1174583635119415,4.63,1993,1889
shelbjo01,John Shelby,3326.0,739,70,182,98.0,-1.0722805216646933,4.881386145001969,3.18,1994,1950
fergubo01,Bob Ferguson,3595.0,920,1,128,16.0,4.006499857923703,4.83383319125703,14.39,1995,1313
kuipedu01,Duane Kuiper,3754.0,917,1,248,52.0,-1.769315091188688,4.798018242144653,4.1499999999999995,1996,1913
lordbr01,Bris Lord,3073.0,707,13,175,74.0,-2.71166794664503,4.670665386688302,5.1,1997,1872
schofdi01,Dick Schofield,3545.0,699,21,390,12.0,-0.07813043758641776,4.670536229080254,8.49,1998,1686
comisch01,Charlie Comiskey,6040.0,1529,28,197,416.0,-11.230679609222058,4.574653724111279,7.64,1999,1736
killebi01,Bill Killefer,3400.0,751,4,113,39.0,7.902036411748513,4.378869745081834,10.36,2000,1569
metzgro01,Roger Metzger,4676.0,972,5,355,83.0,3.2268220158653635,4.356988682532014,3.48,2001,1940
bassech01,Charley Bassett,3759.0,806,15,239,116.0,1.4662790349597379,4.058279034959738,10.35,2002,1570
scottto01,Tony Scott,3047.0,699,17,186,125.0,-0.38524418547228373,3.845922481194383,4.32,2003,1907
farreja02,Jack Farrell,3815.0,877,23,197,87.0,-0.5370019421152058,3.7591647245514572,18.669999999999998,2004,1039
granted01,Eddie Grant,3758.0,844,5,233,153.0,-0.9895602025024844,3.7386064641641696,3.4399999999999995,2005,1942
sommejo01,Joe Sommer,3933.0,911,11,238,101.0,-0.8945640932004176,3.7249359067995735,2.8699999999999997,2006,1963
branski01,Kitty Bransfield,5386.0,1351,13,221,175.0,-11.473215947825878,3.633617385507452,10.03,2007,1590
donahji02,Jiggs Donahue,3210.0,731,4,215,143.0,-4.396159698186475,3.3433403018135293,13.719999999999999,2008,1352
brownla01,Larry Brown,3871.0,803,47,317,22.0,-0.6000966686921032,3.296236664641236,6.85,2009,1778
johnsdo01,Doc Johnston,4270.0,992,14,264,139.0,-9.923892988154186,3.2089403451791485,3.6999999999999997,2010,1932
sullibi03,Billy Sullivan,3981.0,777,21,170,98.0,8.587724893308893,3.1157248933088852,8.74,2011,1668
tannele01,Lee Tannehill,4184.0,833,3,229,63.0,7.686556881987448,3.030723548654106,20.85,2012,927
carpehi01,Hick Carpenter,4777.0,1202,18,112,158.0,-0.6782326101169265,3.0291007232164087,4.6,2013,1891
phillbi01,Bill Phillips,4458.0,1130,17,178,39.0,-8.695205105698033,3.0172948943019633,12.49,2014,1441
dorgami01,Mike Dorgan,3046.0,802,4,118,39.0,-3.035954191349566,2.616879141983768,8.52,2015,1684
kuehnbi01,Bill Kuehne,4432.0,993,25,136,150.0,1.3466891859823966,2.6090225193157273,7.1,2016,1763
mathije01,Jeff Mathis,3015.0,526,53,205,12.0,6.3789896611459955,2.5309896611459934,0.24999999999999992,2017,2028
forceda01,Davy Force,4406.0,1059,1,156,35.0,5.657055976828955,2.3022226434956155,17.1,2018,1121
farrasi01,Sid Farrar,3840.0,905,18,233,92.0,-7.294437490632783,2.048562509367224,10.68,2019,1540
mannija01,Jack Manning,3689.0,922,14,181,34.0,-4.5845385193342505,1.9291281473324005,5.32,2020,1862
wohlfji01,Jim Wohlford,3371.0,793,21,241,89.0,-6.118008546316409,1.7031581203502597,2.03,2021,1992
alomasa01,Sandy Alomar,5160.0,1168,13,302,227.0,0.5941254036399363,1.5556254036399486,10.530000000000001,2022,1553
doylede01,Denny Doyle,3572.0,823,16,205,38.0,-1.22004490573596,1.0026217609306918,3.81,2023,1924
snydepo01,Pop Snyder,3736.0,855,9,83,33.0,6.8823936045502165,0.5402269378835456,7.48,2024,1745
alouje01,Jesus Alou,4577.0,1216,32,138,31.0,-8.5783302906337,0.09483637603296273,0.7999999999999996,2025,2022
stovage01,George Stovall,5596.0,1382,15,172,142.0,-9.214675643762849,-0.21434231042952376,12.83,2026,1414
hankifr01,Frank Hankinson,3443.0,747,13,170,31.0,2.502984186541667,-0.2868491467916627,7.010000000000001,2027,1765
burdoja01,Jack Burdock,5065.0,1231,18,140,59.0,1.13632541788291,-0.6128412487837602,14.969999999999999,2028,1266
gerhajo01,Joe Gerhardt,4315.0,939,7,162,37.0,5.590872787094426,-1.6772938795722383,6.970000000000001,2029,1771
whitnar01,Art Whitney,4001.0,820,6,302,67.0,0.33887759733077694,-1.940955736002552,3.0399999999999996,2030,1956
jonesto01,Tom Jones,4289.0,964,4,193,149.0,-7.599440279650996,-2.6342736129843347,10.98,2031,1529
