rank_saa,playerID,name,role,team,IP,qualifying_IP,qualifying_seasons,W,L,SV,SO,G,GS,career_ERA,career_WHIP,ERA_plus,real_WAR,SAA_total,SAA_rate,z_era,z_whip,z_k9,z_wpct,z_sv,yr_min,yr_max,hof
1,johnswa01,Walter Johnson,SP,WS1,5914.666666666667,5914.666666666667,21.0,417,279,34,3509,802,666,2.1668169522091976,1.0610910730387737,161.99952049354658,155.38,35.00804144323042,1.1837705627783055,1.1619713687677584,1.3649002048444676,1.9225286999112094,0.6487524870663945,0.37796431979727907,1907,1927,True
2,youngcy01,Cy Young,SP,CL4,7356.0,7355.999999999999,22.0,511,315,18,2803,906,815,2.6268352365415986,1.1295541054921152,142.47683326270328,165.85,30.56241569809107,0.8309520309432047,0.8936288657759576,1.2948318302760011,0.38025909344195247,0.7771799917065216,0.5234903990052007,1890,1911,True
3,mathech01,Christy Mathewson,SP,NY1,4788.666666666667,4755.0,16.0,373,188,29,2507,636,552,2.1331616316302378,1.0581233467910343,147.64656967326712,100.6,23.18160549631066,0.9750412406439815,0.8780618053736517,1.1041999775704288,0.8608704374785959,1.0560424359943132,0.9609322021337927,1900,1916,True
4,grovele01,Lefty Grove,SP,PHA,3940.6666666666665,3940.6666666666665,17.0,300,141,55,2266,616,457,3.0581119945863646,1.2779563525630182,156.16531512120577,113.24,22.98387420544568,1.1664967453279824,1.0286388798216721,0.8208720397966802,1.8198949493151748,1.1440134551603016,1.1133733452829908,1925,1941,True
5,nichoki01,Kid Nichols,SP,BSN,5067.333333333333,5056.333333333333,14.0,362,208,16,1881,621,562,2.9554006051835287,1.2237205630838048,143.4139133622831,118.95,22.63730025773419,0.8954037942277352,0.8435111931210173,1.1349873690140997,0.5590100868267999,0.8749022677387107,1.139966827808537,1890,1906,True
6,alexape01,Pete Alexander,SP,PHI,5190.0,5142.333333333333,18.0,373,208,32,2198,696,599,2.559537572254335,1.121194605009634,143.59283220445317,116.89,22.352761053039554,0.8693625871409693,0.9653279557586057,1.2119858815478033,0.46677832518602114,0.9526824950600005,0.41141963765162565,1911,1930,True
7,clemero02,Roger Clemens,SP,BOS,4916.666666666667,4916.666666666667,24.0,354,184,0,4672,709,707,3.124677966101695,1.1725423728813558,151.6428998130124,138.67000000000002,21.673389784899513,0.8816294149789631,0.8539451374752203,0.9567908336342219,1.366135209228264,0.9791403643882073,-0.4010969252169181,1984,2007,False
8,johnsra05,Randy Johnson,SP,SEA,4135.333333333333,4109.333333333333,21.0,303,166,2,4875,618,603,3.292842173142028,1.1711268740931808,147.47953879624316,103.52,21.46259473808811,1.0445779398809918,0.7236693448592473,0.962356133774569,2.385782853330826,0.9129036834242656,-0.36665737128480796,1988,2009,True
9,ryanno01,Nolan Ryan,SP,CAL,5386.0,5383.0,26.0,324,292,3,5714,807,773,3.1932788711474194,1.24730783512811,114.41459455806582,83.6,20.703889201187206,0.7692323686118226,0.4989122960327266,0.4006793995315602,2.7868692644658553,0.17680867378734583,-0.4840114292988944,1966,1993,True
10,walshed01,Ed Walsh,SP,CHA,2964.3333333333335,2916.0,11.0,195,126,35,1736,430,315,1.8155852918025412,0.9995502080287866,150.89576055301117,65.05,19.230314804473327,1.3189516326799267,1.1871334338339687,1.4292876104686858,1.3428717240723969,0.6801543542014081,2.602411559495017,1904,1917,True
11,rusieam01,Amos Rusie,SP,NY1,3778.6666666666665,3756.6666666666665,9.0,246,174,5,1950,463,427,3.0677487649964714,1.3486238532110093,133.08704057288944,64.85000000000001,18.435943316354532,0.9815054116958934,0.8885094953988761,0.6962208526461281,2.213573117734776,0.5924524350500815,0.24117714127670478,1889,1901,True
12,vanceda01,Dazzy Vance,SP,BRO,2966.6666666666665,2933.666666666666,14.0,197,140,11,2045,442,347,3.24,1.23,133.04153183113525,62.940000000000005,18.024943622914165,1.2288337886318035,0.8627049738758911,1.1205813269730696,3.2520644055238086,0.6407468089124241,-0.4619841279560058,1915,1935,True
13,seaveto01,Tom Seaver,SP,NYN,4782.666666666667,4782.666666666667,20.0,311,205,1,3640,656,647,2.8622107610816836,1.1209227766936158,133.46040431743396,106.02,17.83861430419814,0.745969374304355,0.7694172011800484,1.029006260068591,1.0727739333177655,0.6667119085834107,-0.5153365938804031,1967,1986,True
14,martipe02,Pedro Martinez,SP,BOS,2827.3333333333335,2791.3333333333335,16.0,219,100,3,3154,476,409,2.925371374675784,1.054350389059184,170.24249627612164,86.08,17.646425674679584,1.264372510724594,1.126542880464956,1.631365996891435,1.93703886941363,1.1095522413188812,-0.3442293076100637,1992,2009,True
15,hubbeca01,Carl Hubbell,SP,NY1,3590.3333333333335,3590.3333333333335,16.0,253,154,33,1677,535,431,2.97799647200817,1.1659084578962027,136.3855041677681,68.83,17.165332629162315,0.9561971569489729,1.0258486030271625,1.3606994212947152,0.7674501824522045,0.802589609341271,0.45552192509808187,1928,1943,True
16,wadderu01,Rube Waddell,SP,PHA,2961.3333333333335,2914.3333333333335,11.0,193,143,5,2316,407,340,2.1608509680324177,1.1018685276902296,139.68661530588437,60.92,16.600109944637545,1.1392046170402064,0.8684655665132311,0.765518583867391,3.360233499059095,0.44651727274201386,-0.30641574915170844,1897,1910,True
17,fellebo01,Bob Feller,SP,CLE,3827.0,3827.0,18.0,266,162,21,2581,570,484,3.254768748366867,1.3156519466945389,125.8657168514998,65.19,16.131953872035936,0.8430600403467958,0.6245501108169922,0.474293136007257,2.063542030107663,0.7691986564372759,0.04673522839323977,1936,1956,True
18,keefeti01,Tim Keefe,SP,NY1,5049.666666666667,5049.666666666666,14.0,342,225,2,2564,600,594,2.6271040992804804,1.1230444253746121,133.51565867304276,89.14,14.533958666686225,0.5756403194938104,0.5885512689750694,0.6702833465990449,0.8309865849582723,0.594661957434503,-0.24198042878273224,1880,1893,True
19,maddugr01,Greg Maddux,SP,ATL,5008.333333333333,4977.333333333333,22.0,355,227,0,3371,744,740,3.1555407653910152,1.1430948419301166,144.54601289950813,104.79,14.198009591306713,0.5705066806043416,0.8401250384870644,1.1131049975046352,-0.10640327007073593,0.7097867317625908,-0.3847752073195436,1986,2008,True
20,brownmo01,Mordecai Brown,SP,CHN,3172.3333333333335,3172.3333333333335,14.0,239,130,49,1375,481,332,2.0568456446359145,1.0657770305768623,152.25655262468018,57.21,14.10861030516991,0.8894784263005096,0.8936958397242728,0.9766132725431087,0.05816575457817072,0.9390230179487533,2.224633937282789,1903,1916,True
21,clarkjo01,John Clarkson,SP,BSN,4536.333333333333,4512.333333333334,11.0,328,178,5,1978,531,518,2.8113013446983617,1.2093467558233524,136.17399790162827,84.98,14.094527397323006,0.6247112682569108,0.7389739317804189,0.7256811155476875,0.248842471209785,0.9168857479775684,0.2540186258741346,1882,1894,True
22,planked01,Eddie Plank,SP,PHA,4495.666666666667,4495.666666666666,17.0,326,194,23,2246,623,529,2.350263216430637,1.118855193890413,124.02860623549027,88.06,13.976630418803124,0.6217823275214558,0.5750178781271711,0.6898856266854568,0.688724027434705,0.7998846354387017,0.07834718743617386,1901,1917,True
23,koufasa01,Sandy Koufax,SP,LAN,2324.3333333333335,2324.3333333333335,12.0,165,87,9,2396,397,314,2.7607916248386632,1.1061236196758926,143.54575132625152,53.07,13.778454425233244,1.185583343631141,0.9099771099903846,1.0428869339139242,2.681501818445496,1.0048176316858046,-0.4130943503715852,1955,1966,True
24,carltst01,Steve Carlton,SP,PHI,5217.333333333333,5182.666666666667,22.0,329,244,2,4136,741,709,3.215435727063634,1.2468055200613342,122.2104141133592,84.11,13.266276380546897,0.5119478922258901,0.453323958475055,0.38415706591873516,1.2645278556680104,0.5054646219112771,-0.5142085938841509,1965,1988,True
25,spahnwa01,Warren Spahn,SP,ML1,5243.666666666667,5228.000000000001,20.0,363,245,29,2583,750,665,3.0860085182124464,1.1945839425338503,122.60999905500691,92.59,13.133600177148134,0.5024330595695536,0.7414541715310046,0.9153217135533221,-0.06296467336208257,0.6124351562282137,-0.21655008274754284,1942,1965,True
26,schilcu01,Curt Schilling,SP,PHI,3261.0,3237.666666666667,18.0,216,146,22,3116,569,436,3.4581416743330267,1.1373811714198099,131.53059202150376,80.52,13.12893402643979,0.8110120885271156,0.6821075008665163,1.2047914146036096,1.2161430063727443,0.6233039134152691,-0.30274275163103676,1988,2007,False
27,kershcl01,Clayton Kershaw,SP,LAN,2454.6666666666665,2454.666666666667,14.0,185,84,0,2670,379,376,2.4895437262357416,1.004209668658338,161.5241060059559,78.13,12.813371397691526,1.0440009286549312,1.2586497649611188,1.4094520885916668,0.9998478549592458,1.0472255482916777,-0.35190651845556997,2008,2021,False
28,suttodo01,Don Sutton,SP,LAN,5282.333333333333,5282.333333333333,23.0,324,256,5,3574,774,756,3.2610588754969396,1.1424875370732632,111.74858639269495,68.29,12.135731853388808,0.4594837579373565,0.3723070566406506,0.9271402070716013,0.5224679547228293,0.3935733305829362,-0.48586315051859685,1966,1988,True
29,deandi01,Dizzy Dean,SP,SLN,1967.3333333333333,1953.3333333333335,9.0,150,83,30,1163,317,230,3.02389020670959,1.2056929854286682,135.08102593261245,43.910000000000004,12.05868786473958,1.2346779383692403,0.9870338836262748,1.1322478607329547,1.7850937055414402,0.925664283902736,1.6270590439059738,1930,1947,True
30,smoltjo01,John Smoltz,SP,ATL,3473.0,3444.9999999999995,20.0,213,155,154,3084,723,481,3.3273826662827526,1.175928591995393,131.3229743611892,66.4,11.89103748573932,0.6903359933665789,0.6418194053576075,0.9084126480433526,0.9408824017707578,0.4994507637887798,-0.03429591688743631,1988,2009,True
31,blylebe01,Bert Blyleven,SP,MIN,4970.0,4949.666666666667,21.0,287,250,0,3701,692,685,3.3138832997987926,1.1979879275653924,122.40845786924186,96.13,11.476518484892344,0.46372894409963,0.3916096421568327,0.6815393463620051,0.961203518787341,0.26610048062101566,-0.5001910291175081,1970,1992,True
32,gibsobo01,Bob Gibson,SP,SLN,3884.333333333333,3884.3333333333335,17.0,251,174,6,3117,528,482,2.9147858920449674,1.1881060671071828,137.8397642480502,81.7,11.281599286395242,0.5808769906322101,0.6418298825948489,0.5129644293270805,1.118234732317229,0.593025042179586,-0.5007354224763525,1959,1975,True
33,bendech01,Charles Bender,SP,PHA,3017.0,3015.9999999999995,15.0,212,127,34,1711,459,334,2.4550878355982766,1.1126947298641034,118.95909482783641,42.81,11.17711888651278,0.7411882550737918,0.4030690286842694,0.6913643409981909,1.1719127871076371,0.7970813536436901,0.7378108450291128,1903,1925,True
34,wilheho01,Hoyt Wilhelm,RP,CHA,2254.3333333333335,2209.0,19.0,143,122,227,1610,1070,52,2.523140618068904,1.1245009611119325,159.14011099444406,49.69,11.096200691503665,1.004635644319028,1.2289819662824595,1.073579968954067,0.9413601978536066,0.2689060429309677,1.869419123529815,1952,1972,True
35,scherma01,Max Scherzer,SP,WAS,2536.6666666666665,2536.666666666667,14.0,190,97,0,3020,407,398,3.157687253613666,1.0837056504599212,135.2977525513901,73.85,10.82108856756313,0.8531738686646355,0.6523908597457532,0.9905350739237654,1.3930116655263296,0.9726621835278693,-0.3530558284728716,2008,2021,False
36,fordwh01,Whitey Ford,SP,NYA,3170.3333333333335,3170.3333333333335,16.0,236,106,10,1956,498,438,2.7451372095468405,1.2150141940910524,135.78783241798007,53.58,10.801888328308793,0.6814354954248003,1.034848833948502,0.6209765685643827,0.3473493328614117,1.2049926950473886,-0.42989260785180944,1950,1967,True
37,newhoha01,Hal Newhouser,SP,DET,2993.0,2964.0,14.0,207,150,26,1796,488,374,3.0551286334781156,1.3107250250584697,140.17560406867918,60.07,10.641860944535171,0.7180742877554097,0.7016793230596499,0.4153332917516782,1.6471180662041962,0.5573796235269971,-0.020784038936610558,1939,1955,True
38,jenkife01,Fergie Jenkins,SP,CHN,4500.666666666667,4488.333333333332,18.0,284,226,7,3192,664,594,3.337505554732632,1.1418308398755739,116.90404816592579,82.18,10.08543348619795,0.44940661654056974,0.22665341446061027,0.885686813855479,0.7454457106882965,0.35548472878637644,-0.48864528433387217,1965,1983,True
39,maricju01,Juan Marichal,SP,SFN,3507.3333333333335,3501.333333333333,15.0,243,142,2,2303,471,457,2.8893746436038774,1.1011214597985173,129.43324423541492,61.78,9.911117607734603,0.5661339075248251,0.6611713320107887,0.990857420717753,0.14613684481351755,0.8885084701619543,-0.5380234365240483,1960,1975,True
40,palmeji01,Jim Palmer,SP,BAL,3948.0,3930.333333333333,18.0,268,152,4,2212,558,521,2.856382978723404,1.1803444782168186,130.30969101039096,67.57,9.851685019100541,0.5013154958409233,0.8235727833258126,0.7545644260059808,-0.12463439928958815,0.9036834981740691,-0.48912388916864463,1965,1984,True
41,gomezle01,Lefty Gomez,SP,NYA,2503.0,2471.0000000000005,12.0,189,102,9,1468,368,320,3.34398721534159,1.3523771474230923,132.96863413020017,43.21,9.828870959067103,0.7955379165574343,0.7142036941027338,0.44184577344567455,1.7042551444189247,0.9927834689155302,-0.3288217299655889,1930,1943,True
42,perryga01,Gaylord Perry,SP,SFN,5350.333333333333,5350.333333333334,22.0,314,265,11,3534,777,690,3.1052270886549125,1.1806741013020996,121.32995558713567,93.03,9.730705499905401,0.3637420285305116,0.4790187528474331,0.6542858217038083,0.3917024877003331,0.2505536146366646,-0.46192456287226047,1962,1983,True
43,mussimi01,Mike Mussina,SP,BAL,3562.6666666666665,3562.6666666666665,18.0,270,153,0,2813,537,536,3.6831961077844313,1.1915232035928145,126.22278684615485,82.78,9.670446348029339,0.5428768533699104,0.4662115415489709,0.909486933847769,0.3565743089032672,0.8220768422650102,-0.3677799571293007,1991,2008,True
44,riverma01,Mariano Rivera,RP,NYA,1283.6666666666667,1275.3333333333333,18.0,82,60,652,1173,1115,10,2.208517268242015,1.0002596728122566,224.96937912431196,56.27,9.545528329637321,1.4969464186571857,1.6916898142912347,1.8120256899795903,0.8151849859968355,0.4066498798377469,3.451040732933391,1995,2013,True
45,rootch01,Charlie Root,SP,CHN,3197.3333333333335,3197.3333333333335,17.0,201,160,40,1459,632,341,3.5861134278565467,1.2951417848206839,113.29528416750715,37.519999999999996,9.542913538456942,0.5969295374347544,0.48040421889460194,0.7138744172918688,0.8588485889077374,0.40012150373492256,0.47773922108474515,1923,1941,False
46,verlaju01,Justin Verlander,SP,DET,2988.0,2970.6666666666665,14.0,226,129,0,3013,454,454,3.3283132530120483,1.1342034805890227,137.50754056327713,82.28,9.512288820837993,0.6404144179199726,0.5922423478560703,0.8521451618195764,0.7593836892762313,0.8161180696285133,-0.3578281127988823,2005,2020,False
47,eckerde01,Dennis Eckersley,RP,BOS,3285.6666666666665,3246.0000000000005,23.0,197,171,390,2401,1071,361,3.5006594298468094,1.1607994318758244,131.5077397329367,62.25,9.471030305596381,0.5835508506220812,0.31178941017128214,0.9678652716828876,0.8223160179197411,0.18685687110986182,0.5248482083453726,1975,1998,True
48,coneda01,David Cone,SP,NYN,2898.6666666666665,2857.9999999999995,15.0,194,126,1,2668,450,419,3.461936522539099,1.2560947562097518,126.12037490333378,61.58,9.042233769522305,0.6327665339063895,0.5724633724855831,0.5655176764798927,1.2699894864022339,0.6688698058864616,-0.39500586792718795,1986,2003,False
49,drysddo01,Don Drysdale,SP,LAN,3432.0,3432.0,14.0,209,166,6,2486,518,465,2.9475524475524475,1.1477272727272727,122.97478332530889,61.339999999999996,8.956747253463773,0.5219549681505695,0.6606317504554808,0.7759433607850448,0.7048619896752166,0.3527915356406683,-0.4871951472273884,1956,1969,True
50,jossad01,Addie Joss,SP,CLE,2327.0,2327.0000000000005,9.0,160,97,5,920,286,260,1.88740868070477,0.9677696605070907,147.8114514324676,47.68,8.944391643305849,0.768748744590103,1.0660119856210535,1.4820097797517324,-0.10672322500659207,0.788199420014925,-0.04551935754760221,1902,1910,True
51,marbefi01,Firpo Marberry,RP,WS1,2067.3333333333335,2034.0,12.0,148,88,101,822,551,187,3.6307642695904545,1.3229603353756851,118.62399273611572,31.71,8.921251669362606,0.8772125535263132,0.45829226332622663,0.581251874452634,0.5712673447530998,0.8807855165150981,3.241794173653033,1923,1936,False
52,bunniji01,Jim Bunning,SP,DET,3760.3333333333335,3760.3333333333335,17.0,224,184,16,2855,591,519,3.2693910114351565,1.178884850633809,120.06985399253111,60.38,8.681988327568053,0.4617669529776465,0.33309726395030237,0.6500266159111285,0.9252474657888915,0.3446346351083216,-0.37990437167153773,1955,1971,True
53,radboch01,Old Hoss Radbourn,SP,PRO,4527.333333333333,4527.333333333333,11.0,310,194,2,1830,527,502,2.677735237814755,1.1492416433514947,130.0377677853619,73.2,8.676931929865047,0.38331314665874167,0.5238346366655096,0.5045648302873991,-0.10213851089837604,0.5995648065535999,0.2672802078946967,1881,1891,True
54,woodjo02,Smoky Joe Wood,SP,BOS,1434.3333333333333,1393.3333333333333,7.0,117,57,11,989,225,158,2.033000232396003,1.0869161050429934,151.7036156528159,30.23,8.58029016701211,1.2316205981357096,1.0990757695278461,1.0996815621535898,2.1919938267695334,1.171193452926727,0.09293809276098268,1908,1920,False
55,santajo01,Johan Santana,SP,MIN,2025.6666666666667,2025.6666666666665,12.0,139,78,1,1988,360,284,3.2033898305084745,1.1319730129998353,,0.0,8.441350192939971,0.8334392160217184,0.8299549590842406,1.085046031085689,1.1190715189792901,0.8399282369989869,-0.34658399962215813,2000,2012,False
56,roberro01,Robin Roberts,SP,PHI,4688.666666666667,4688.666666666667,19.0,286,245,25,2357,676,609,3.405232475472771,1.169628892364567,117.85615807217908,83.02,8.411688817849265,0.3588094192172301,0.39388458878396804,0.9855835791215627,-0.08910204776542059,0.24194740526064223,-0.16626694258196908,1948,1966,True
57,shockur01,Urban Shocker,SP,SLA,2681.6666666666665,2679.6666666666665,12.0,187,117,25,983,412,317,3.1715351149782474,1.2551895587321318,125.35498639022295,55.1,8.38327920999328,0.6256956743371027,0.5490741873499234,0.6926670283511477,0.46147363286645254,0.7468239924605079,0.7360084534644266,1916,1928,False
58,warnelo01,Lon Warneke,SP,CHN,2782.3333333333335,2767.0,13.0,192,121,13,1140,445,343,3.182939978435366,1.2453576135138373,124.5918501626058,42.089999999999996,8.370431786980747,0.6050185606780447,0.7947633960472119,0.9064266356678287,0.2347944692915527,0.7418193327477589,-0.15601707658578004,1930,1945,False
59,fingero01,Rollie Fingers,RP,OAK,1701.3333333333333,1700.0,16.0,114,118,341,1299,944,37,2.9041927899686524,1.155564263322884,132.59229718157926,24.99,8.270503950644713,0.9730004647817311,0.783262921170084,0.9341645149529484,1.1609707546063825,-0.06153354490366071,3.142732697082049,1968,1985,True
60,guidrro01,Ron Guidry,SP,NYA,2392.0,2360.3333333333335,12.0,170,91,4,1778,368,323,3.2884615384615383,1.1835284280936456,127.07440538270457,47.85,8.26969021625191,0.7007222327003453,0.5374178111998443,0.8627061541774508,0.9888381981231885,0.9827102530373376,-0.43618448876083854,1975,1988,False
61,mcginjo01,Joe McGinnity,SP,NY1,3441.3333333333335,3441.3333333333335,10.0,246,142,24,1068,465,381,2.657109647423479,1.1879116621464547,125.08437681172725,62.36,8.268766462790666,0.48055597420325447,0.3699836715305002,0.41014270190472946,-0.49391892229356543,0.9307213436500261,1.9816389657315483,1899,1908,True
62,mullato01,Tony Mullane,SP,CN2,4531.333333333333,4531.333333333333,13.0,284,220,15,1803,555,504,3.0527438575842285,1.236501397675445,122.86517608903672,61.0,8.159192877262901,0.3601232695569914,0.3675479249621676,0.3461171714688227,0.011092191080113742,0.3511062749428991,1.0926730224464116,1881,1894,False
63,bridgto01,Tommy Bridges,SP,DET,2826.3333333333335,2756.333333333333,13.0,194,138,10,1674,424,362,3.572826984314188,1.3682037976176435,128.06318424342078,51.62,8.14131999321956,0.590735517708518,0.4224412611656886,0.24949618957161745,1.7502101377807897,0.5637692729979688,-0.40044727131560326,1930,1946,False
64,piercbi02,Billy Pierce,SP,CHA,3306.6666666666665,3296.6666666666665,17.0,211,169,32,1999,585,432,3.268850806451613,1.2601814516129033,124.50177984672715,53.32,8.05185667011457,0.4884847322617535,0.600115849368454,0.5940935961227966,0.7204147791075484,0.3281946278607427,-0.19084645964340047,1945,1964,False
65,ruffire01,Red Ruffing,SP,NYA,4344.0,4321.0,21.0,273,225,16,1987,624,536,3.7976519337016574,1.3409300184162063,113.61246854430107,55.34,7.906451843573209,0.3659547254604587,0.2538183013373006,0.4587423898163568,0.7656322152247541,0.33534870976239856,-0.32381632325386256,1924,1947,True
66,goodedw01,Dwight Gooden,SP,NYN,2800.6666666666665,2800.6666666666665,16.0,194,112,3,2293,430,410,3.5059509640561775,1.2561294929778626,120.88328546772715,48.15,7.84506167803171,0.5602281607735096,0.4681607058633464,0.5126208585533797,0.9260369655535533,0.8568101194428986,-0.4153664732996252,1984,2000,False
67,brownke01,Kevin Brown,SP,TEX,3256.3333333333335,3228.0000000000005,17.0,211,144,0,2397,486,476,3.275156106049749,1.2222335960691983,135.7985733887828,68.21,7.818555008535948,0.48442100424634116,0.7265329712585794,0.7413043325011819,0.20115052471609507,0.5784095712388115,-0.38450340884580536,1986,2005,False
68,cicoted01,Eddie Cicotte,SP,CHA,3226.0,3208.0,13.0,209,149,24,1374,502,361,2.379727216367018,1.1543707377557346,131.64114726790598,57.74,7.816856814807715,0.48733521289324916,0.5866851807507496,0.5565950340529101,0.24062399285939765,0.5180221583780081,0.49785928944852864,1905,1920,False
69,stiveja01,Jack Stivetts,SP,BSN,2887.6666666666665,2837.666666666667,9.0,203,132,5,1223,388,333,3.7369271614914004,1.4059794528454346,123.19437827774429,40.32,7.798306830755102,0.549628109767774,0.37067054625374934,0.4673621226104125,0.8763409501983259,0.7517975874548933,0.1449223502108967,1889,1899,False
70,phillde01,Deacon Phillippe,SP,PIT,2607.0,2588.9999999999995,11.0,189,109,12,929,372,289,2.5857307249712314,1.1051016494054469,122.38096191334152,35.79,7.746077287262634,0.5983837224613854,0.5702521508140561,0.9566196177913455,-0.08983329267934932,0.8899322988037541,0.5664597908515392,1899,1911,False
71,gossari01,Rich Gossage,RP,CHA,1809.3333333333333,1771.3333333333333,21.0,124,107,310,1502,1002,37,3.0093957258658808,1.231945467943994,151.47933198130698,41.62,7.738263228322357,0.8737218549103151,0.7229680960480602,0.5507854847341804,1.5341923884351527,0.24445573107078428,2.092833883798174,1972,1994,True
72,shawkbo01,Bob Shawkey,SP,NYA,2937.0,2920.9999999999995,14.0,196,150,28,1360,488,334,3.0888661899897856,1.2734082397003745,116.63124599156404,46.59,7.615975447801832,0.5214635705444596,0.32878668146783924,0.32270430729214,1.0730436553883669,0.43966354345373393,0.5604938358604455,1913,1927,False
73,messean01,Andy Messersmith,SP,CAL,2230.3333333333335,2208.0,11.0,130,99,15,1625,344,295,2.861007323270064,1.1433268569720518,124.24331833799573,37.55,7.59834495533106,0.6882558836350597,0.7758380873374467,0.9744084673680434,0.8975626527932524,0.5173823438325433,-0.32294754366472084,1968,1979,False
74,wardjo01,John Ward,SP,PRO,2469.6666666666665,2469.6666666666665,7.0,164,103,3,920,293,262,2.099068700229451,1.043460655958969,121.15603268624903,28.060000000000002,7.466102529522657,0.6046243106645423,0.5526808682737373,0.5883288250303166,0.3904040511349605,0.6000756657138071,1.2127594396877515,1878,1884,True
75,hallaro01,Roy Halladay,SP,TOR,2749.3333333333335,2735.3333333333335,15.0,203,105,1,2117,416,390,3.3848205625606207,1.1777400581959263,141.73253920395007,65.38,7.442932909252128,0.5442066470328146,0.654489354445947,0.8280407353053485,0.06620810108618085,0.9757437091338966,-0.348162374490248,1998,2013,True
76,reynoal01,Allie Reynolds,SP,NYA,2492.3333333333335,2487.3333333333335,12.0,182,107,49,1423,434,309,3.304132673532165,1.3858499398154338,111.61682168229406,25.67,7.286140446744581,0.5858595910006362,0.443675840128592,-0.02052268962182419,1.2533083566288856,0.824890067740476,0.6443161850007199,1942,1954,False
77,vaughhi01,Hippo Vaughn,SP,CHN,2730.0,2727.6666666666665,12.0,178,137,5,1416,390,331,2.4857142857142858,1.2007326007326007,130.47142305531122,47.04,7.2620879493339565,0.5324762030551599,0.6100606952563828,0.36139485610434385,1.2407092275453564,0.43839933635795464,-0.4620939756568412,1908,1921,False
78,salech01,Chris Sale,SP,CHA,1672.3333333333333,1649.0,10.0,114,74,12,2059,321,241,3.0298983456248756,1.0422563284831574,149.6645796994553,61.74,7.248279918483148,0.8791121793187566,0.7585574285084291,1.172038940130814,1.4925262413395377,0.6106060221483562,-0.32809099221286064,2010,2021,False
79,greinza01,Zack Greinke,SP,KCA,3110.0,3103.6666666666665,17.0,219,132,1,2809,530,488,3.4118971061093246,1.1588424437299036,130.16028339212187,72.37,7.210415253767656,0.4646385084588759,0.5139306528138053,0.6991288225203065,0.2540178142218595,0.7262393104296911,-0.3474928820638936,2004,2021,False
80,hoffmtr01,Trevor Hoffman,RP,SDN,1089.3333333333333,1080.3333333333333,17.0,61,75,601,1133,1035,0,2.8668910648714814,1.0584455324357407,155.00842811764062,28.11,7.17718717363482,1.3286986436843236,1.149764436802967,1.5827429569341487,1.5552455538619698,-0.23782184718259375,3.6066680423869992,1993,2010,True
81,covelst01,Stan Coveleski,SP,CLE,3082.0,3046.666666666667,12.0,215,142,21,981,450,385,2.890979883192732,1.2514600908500972,132.77646048108366,66.91,7.112286285780773,0.4668896905326546,0.6721552842668215,0.5496894492287627,-0.13306791494860606,0.6853936970022715,0.5096335074802542,1912,1928,True
82,maysca01,Carl Mays,SP,BOS,3021.3333333333335,3021.333333333333,15.0,207,126,31,862,490,325,2.91626213592233,1.2067519858781994,123.93056763108038,43.67,6.951958515657656,0.4601914286622455,0.6002764539993275,0.7528634156475013,-0.5171912500093122,0.8480054740180739,0.5574361644878594,1915,1929,False
83,luquedo01,Dolf Luque,SP,CIN,3220.3333333333335,3203.0000000000005,17.0,194,179,28,1130,550,365,3.24469516613187,1.288375944519201,122.92998860139059,43.85,6.880133679700254,0.4296055997315176,0.695632689966832,0.6938876447849517,0.2786110833258775,0.16154961187898845,-0.05806622997401541,1914,1935,False
84,leevesa01,Sam Leever,SP,PIT,2660.6666666666665,2627.666666666666,12.0,194,100,13,847,388,299,2.4726885492357806,1.141067401653721,123.67499753699573,40.76,6.868478528531107,0.5227815701025835,0.605714644476275,0.6515211756646135,-0.40157271510003795,1.0479774085642026,0.791916763745283,1898,1910,False
85,fernasi01,Sid Fernandez,SP,NYN,1866.6666666666667,1855.666666666667,13.0,114,96,1,1743,307,300,3.3557142857142854,1.1442857142857141,113.2191456849933,31.41,6.809459434910823,0.7339097648547679,0.5042555460811985,1.0561385861222587,1.558136576763929,0.35082790329109065,-0.41803161172400477,1983,1997,False
86,adamsba01,Babe Adams,SP,PIT,2995.3333333333335,2870.3333333333335,14.0,194,140,15,1036,482,355,2.7552860004451367,1.0920320498553304,131.87898618137632,50.11,6.77178510682495,0.47184659901230636,0.5649377282690929,1.2890400911499333,-0.40726445361196795,0.5663053080237564,-0.23456026724808055,1906,1926,False
87,corcola01,Larry Corcoran,SP,CHN,2392.3333333333335,2363.3333333333335,6.0,177,89,2,1103,277,268,2.355022990107287,1.1047791556360596,126.66711547944553,27.41,6.7417895308047875,0.5705322593064699,0.534775264512048,0.3590299868151724,0.7849894457119646,0.9055487454559163,0.08973308241088643,1880,1887,False
88,hoytwa01,Waite Hoyt,SP,NYA,3762.333333333333,3745.0,19.0,237,182,52,1206,674,423,3.5881988127934794,1.339594223442899,115.42992337207816,54.14,6.726842409054299,0.3592439203767316,0.4082747146664086,0.45258572380104195,-0.11109312464158169,0.4336842685332303,0.7951058198153916,1918,1938,True
89,tiantlu01,Luis Tiant,SP,BOS,3486.3333333333335,3456.666666666667,18.0,229,172,15,2416,573,484,3.304331198011282,1.1986805621952386,120.89386192837985,65.63,6.623947265829573,0.3832563509641025,0.2752560380213583,0.5551632654078794,0.6078431115055755,0.47631035265405436,-0.41179167725132954,1964,1982,False
90,coopemo01,Mort Cooper,SP,SLN,1840.6666666666667,1817.0,9.0,128,75,14,913,294,239,2.953277797899312,1.2136906917783412,134.4285415325636,31.93,6.622559012625475,0.7289553123418245,0.6649416796062243,0.8316002479777106,0.8855613146570802,0.8900483295681308,-0.0030209839920159135,1938,1947,False
91,brechha01,Harry Brecheen,SP,SLN,1907.6666666666667,1904.3333333333333,11.0,133,92,18,901,318,240,2.9156037043508647,1.188362746811113,136.06163805843087,41.29,6.621331022612273,0.6953962215241318,0.8317892795417234,1.052051528815431,0.45922564532879656,0.6582551463262329,0.009398611038370655,1940,1953,False
92,hahnno01,Noodles Hahn,SP,CIN,2029.3333333333333,2029.3333333333333,8.0,130,94,0,917,243,231,2.545663600525624,1.131898817345598,135.7025443303853,45.46,6.619505206811532,0.6523822477146713,0.7218724484447697,0.930010183845362,0.9690447060528387,0.48656104690975294,-0.5170956095038005,1899,1906,False
93,griffcl01,Clark Griffith,SP,CHN,3385.6666666666665,3349.6666666666665,14.0,237,146,8,955,452,372,3.309540218568475,1.3122969380722656,126.2248582023693,59.44,6.521543713614887,0.3893846380902509,0.5050056282442323,0.6190292444906588,-0.20371866344821798,0.7865581271590704,-0.06326606311280068,1891,1914,True
94,derripa01,Paul Derringer,SP,CIN,3645.0,3644.9999999999995,15.0,223,212,29,1507,579,445,3.4592592592592593,1.2820301783264747,109.12127846870689,38.97,6.483839411720665,0.3557662228653315,0.427067355116575,0.6400483091991135,0.26085183577522314,0.08463867143234706,0.19889205344895294,1931,1945,False
95,buffich01,Charlie Buffinton,SP,BSN,3404.0,3404.0,11.0,233,152,3,1700,414,396,2.9612220916568743,1.2338425381903644,119.69526177335732,60.73,6.481615677268751,0.38082348280074924,0.3480998011065531,0.24536122468534002,0.4980648526987663,0.6355784639095797,0.0572956303110662,1882,1892,False
96,saberbr01,Bret Saberhagen,SP,KCA,2562.6666666666665,2521.666666666667,14.0,167,117,1,1715,399,371,3.3433922996878254,1.1406087408949013,130.7336825515122,58.93,6.4429819685388345,0.511009805832558,0.5952132348550339,1.0930766283396083,0.09682046747299887,0.5575739743040093,-0.4194154832150427,1984,2001,False
97,willivi01,Vic Willis,SP,BSN,3996.0,3995.9999999999995,13.0,249,205,11,1651,513,471,2.6283783783783785,1.2094594594594594,120.83945775215409,67.7,6.439998720686299,0.32232225829260763,0.3380077234127693,0.23789362663590552,0.383088749256982,0.27414192832779766,0.46900785263483,1898,1910,True
98,candejo01,John Candelaria,SP,PIT,2525.6666666666665,2447.0,16.0,177,122,29,1673,600,356,3.3317935858519205,1.1842417843473672,119.10411916994782,39.91,6.430078943946167,0.5255479316670345,0.4869603706429227,0.8581421606837287,0.4363180883289953,0.6846232919538862,-0.3370515693154375,1975,1993,False
99,richajr01,J. R. Richard,SP,HOU,1606.0,1579.0,8.0,107,71,0,1493,238,221,3.149439601494396,1.2434620174346203,,0.0,6.408927056929643,0.8117703681988148,0.610155743029899,0.5491048065453785,2.2648850413191437,0.606114411371193,-0.5224465973307216,1971,1980,False
100,faberre01,Red Faber,SP,CHA,4086.666666666667,4086.666666666667,20.0,254,213,28,1471,669,483,3.1492659053833605,1.3015497553017943,123.2443458378163,67.39,6.36524016727626,0.3115125693609916,0.5468059407845154,0.3545239254929697,0.1478876376420063,0.30412900776340945,-0.04223226289462979,1914,1933,True
101,malonpa02,Pat Malone,SP,CHN,1915.0,1915.0000000000002,10.0,134,92,26,1024,357,220,3.7362924281984333,1.3780678851174935,113.07431555170622,19.849999999999998,6.310267294110788,0.659035748732197,0.4462392754563876,0.34224313807602563,1.5334925762712714,0.6324005944197028,0.28736511210898746,1928,1937,False
102,truckvi01,Virgil Trucks,SP,DET,2682.3333333333335,2674.9999999999995,15.0,177,135,30,1534,517,328,3.385485274015161,1.3063253386355163,120.53455680003961,42.31,6.289094119400323,0.47021264444114574,0.36572351489322247,0.34994396016818835,1.0483712145697985,0.4164983030754483,-0.021447907189414157,1941,1958,False
103,allenjo02,Johnny Allen,SP,CLE,1950.3333333333333,1950.3333333333333,13.0,142,75,18,1070,352,241,3.7516663818150744,1.3264399247991796,117.74359986379626,27.87,6.21789227939057,0.6376235459980074,0.21958241966481978,0.46651847307869904,1.3625502192252013,1.0206384124852783,-0.10539403529968304,1932,1944,False
104,reulbed01,Ed Reulbach,SP,CHN,2632.3333333333335,2610.0000000000005,12.0,182,106,13,1137,399,300,2.2839052804862603,1.143092313536786,131.82754773269562,37.97,6.2153689762606446,0.47627348477093046,0.6195185090769793,0.506229892395919,0.02761222339500526,0.8674454945293921,0.1582484081782641,1905,1917,False
105,whitedo01,Doc White,SP,CHA,3041.0,3040.9999999999995,13.0,189,156,5,1384,427,363,2.3913186451825057,1.1206839855310753,117.4026392938759,43.82,6.197789790168244,0.407615244338589,0.5418838350112782,0.6803626742376342,0.35907258444713386,0.2710335232966163,-0.2396760452238918,1901,1913,False
106,suttebr01,Bruce Sutter,RP,CHN,1042.0,1023.3333333333334,11.0,68,71,300,861,661,0,2.833013435700576,1.1401151631477926,159.60535393695665,24.42,6.177180089087795,1.207266466922696,0.9793184262253181,1.071202760871154,1.5838211782646967,-0.09475410333215195,3.9682275516206875,1976,1988,True
107,oswalro01,Roy Oswalt,SP,HOU,2245.3333333333335,2213.0,12.0,163,102,0,1852,365,341,3.35896674584323,1.2109560570071258,134.03161577377492,49.910000000000004,6.124718539421337,0.5535217839513185,0.7346958358550388,0.7159090968787225,0.3513169920096457,0.7787061677001621,-0.3513408117408372,2001,2013,False
108,tanneje01,Jesse Tannehill,SP,PIT,2759.3333333333335,2705.0,12.0,197,117,7,944,359,321,2.798502053636144,1.1857936699685914,117.3082817141236,38.94,6.108885013246283,0.451673568447045,0.4242102906830396,0.635613378771201,-0.05218419375943336,0.8573626710155654,0.25681955632258346,1894,1911,False
109,leonadu01,Dutch Leonard,SP,BOS,2192.0,2192.0,11.0,139,113,13,1160,331,272,2.759124087591241,1.2253649635036497,128.61680809648087,37.8,6.034773559417564,0.5506180254943033,0.4194909323212966,0.3216007400408034,1.4243814207375394,0.36706912469765396,0.07054998316739476,1913,1925,False
110,mungova01,Van Mungo,SP,BRO,2113.0,2021.6666666666667,10.0,120,115,16,1242,364,259,3.471367723615712,1.3369616658778987,113.23234360237552,30.75,5.981622983111868,0.591751655377926,0.4788922689903899,0.4508443962499206,1.7416584496652427,0.003262088501642988,0.10333381434470988,1931,1945,False
111,degroja01,Jacob deGrom,SP,NYN,1261.6666666666667,1261.6666666666667,8.0,77,53,0,1505,198,198,2.4966974900924703,1.0113606340819021,161.2471980022385,47.37,5.91477303878936,0.9376126349467941,1.2643745115361857,1.2855924876979168,1.134386868186309,0.5061845846309505,-0.3497814199334629,2014,2021,False
112,smithle02,Lee Smith,RP,CHN,1289.3333333333333,1207.6666666666665,15.0,71,92,478,1251,1022,6,3.0294725956566704,1.2556876938986556,139.1833883484386,29.33,5.88844598055363,0.9751773636025886,0.8539701637415319,0.48539391646559527,1.9480136255239728,-0.3933019573831009,3.2939400992263232,1980,1997,True
113,coopewi01,Wilbur Cooper,SP,PIT,3480.0,3441.9999999999995,14.0,216,178,14,1252,517,408,2.893965517241379,1.2264367816091954,119.90393352742984,48.67,5.827480027454131,0.33861011199617264,0.529817626315685,0.584654236043474,0.059472145088782645,0.29753264944297764,-0.11408812499969224,1912,1926,False
114,hamelco01,Cole Hamels,SP,PHI,2698.0,2694.6666666666665,14.0,163,122,0,2560,423,422,3.4258710155670866,1.1827279466271312,126.04527339346755,57.94,5.687648898430198,0.42214118494039077,0.4839165778667862,0.5920249963015394,0.5109304428105635,0.43324503708856354,-0.3567930458151622,2006,2020,False
115,kingsi01,Silver King,SP,SL4,3180.6666666666665,3141.6666666666665,9.0,203,152,6,1222,397,370,3.180465311255502,1.2780339551456719,132.51396588875232,50.12,5.68597132922981,0.36197164960614175,0.42041846795013693,0.451744414427107,0.09806046987185572,0.4602603223324137,0.32266770570976827,1886,1897,False
116,chesbja01,Jack Chesbro,SP,NYA,2896.6666666666665,2896.666666666666,11.0,198,132,5,1265,392,332,2.6844649021864213,1.1520138089758343,115.83645639312033,42.73,5.671111126487074,0.39156118249623073,0.2152051543600956,0.502362699630419,0.4187293688602213,0.6469703314202221,-0.009707210574867522,1899,1909,True
117,wiltsho01,Hooks Wiltse,SP,NY1,2112.3333333333335,2074.3333333333335,11.0,139,90,33,965,357,225,2.471200883698911,1.131450213034559,115.179648762526,28.240000000000002,5.6213594900502715,0.5419919161224752,0.24602853659801405,0.469982101700142,0.24782979857473814,0.688924955167808,1.7032954073943143,1904,1915,False
118,donovbi01,Bill Donovan,SP,DET,2964.6666666666665,2858.0,12.0,185,139,8,1552,378,327,2.6896784348999327,1.2446593208904881,109.11226814249063,44.82,5.593076885396924,0.391397962589008,0.2794731767865402,-0.03764471530744095,1.0372092852244459,0.5011103560987415,0.2327691895459556,1898,1918,False
119,lemonbo01,Bob Lemon,SP,CLE,2850.0,2824.666666666667,12.0,207,128,22,1277,460,350,3.2336842105263157,1.3368421052631578,121.72684681850237,37.53,5.582991827934741,0.3953027020015157,0.6681893869533646,0.31948790376600344,-0.0034492850744129774,0.736981313180629,0.016769737004304796,1946,1958,True
120,bluevi01,Vida Blue,SP,OAK,3343.3333333333335,3304.666666666667,16.0,209,161,2,2175,502,473,3.2653040877367894,1.2334995014955135,116.53379904680828,44.88,5.529677308172734,0.3346587033390801,0.3985699182923731,0.46062669569604814,0.4995287792307128,0.37261130168930884,-0.499664093669356,1969,1986,False
121,strasst01,Stephen Strasburg,SP,WAS,1465.3333333333333,1414.6666666666667,9.0,113,61,0,1718,246,246,3.212238398544131,1.092584167424932,131.43495769346805,30.98,5.5084428955931575,0.7787619550791456,0.6141666798782708,0.9091402507391366,1.277488636257391,0.8937408028963417,-0.36310665405952774,2010,2021,False
122,hutchbi01,Bill Hutchison,SP,CHN,3079.3333333333335,3062.333333333333,8.0,182,163,4,1235,376,346,3.5890885473046112,1.3821173414158907,115.65553075025605,41.160000000000004,5.508327317379539,0.35974707635002984,0.3141605284837547,0.3858763126391413,0.49291261421801424,0.19648638572479585,0.4685806608074376,1884,1897,False
123,ramseto01,Toad Ramsey,SP,LS2,2100.6666666666665,2100.6666666666665,6.0,113,124,0,1515,248,241,3.2946683592510317,1.243414788955887,122.26676476710894,21.04,5.501535845032668,0.5237895123801334,0.17775451130173156,0.3311753878356341,2.3645815941963693,-0.21300719364205972,-0.3375784251506993,1885,1890,False
124,marquru01,Rube Marquard,SP,NY1,3306.666666666667,3265.666666666667,16.0,201,177,19,1593,536,404,3.075604838709677,1.2371975806451612,109.22703482325093,34.7,5.450992853209775,0.3338364511509508,0.08116357679698699,0.36521477982839823,0.859581761800497,0.2316604382685396,0.03993421980797106,1908,1925,True
125,mcdowsa01,Sam McDowell,SP,CLE,2492.3333333333335,2451.3333333333335,13.0,141,134,14,2453,425,346,3.174134010966965,1.3080112344523203,120.96396296976688,43.13999999999999,5.4429788033043955,0.4440831223800159,0.27747825204608856,-0.21355710604386566,2.200352479540796,0.12122092632037156,-0.3621184529277348,1961,1975,False
126,sabatcc01,CC Sabathia,SP,NYA,3577.3333333333335,3577.333333333333,19.0,251,161,0,3093,561,560,3.736023108460678,1.2587588520313082,,0.0,5.3956684954316945,0.30165869337113466,0.2742253556525781,0.3026873011573003,0.3151992476069511,0.649637451805998,-0.3553681071392487,2001,2019,True
127,haddiha01,Harvey Haddix,SP,SLN,2235.0,2201.333333333333,13.0,136,113,21,1575,453,285,3.628187919463087,1.232662192393736,110.86137499631985,29.87,5.360277590314424,0.48700280953795505,0.1775417729934688,0.6650072813696327,1.1975593796071637,0.29898284408635617,-0.28168311219038766,1952,1965,False
128,niekrph01,Phil Niekro,SP,ATL,5404.333333333333,5389.333333333333,23.0,318,274,29,3342,864,716,3.350644544501326,1.268056497872078,119.65797934957814,96.96,5.327251126238736,0.19769610809891408,0.3129542372984742,0.25665721798931507,0.17626919882765826,0.2651877626602254,-0.3299814802061005,1964,1987,True
129,chandsp01,Spud Chandler,SP,NYA,1485.0,1429.0,8.0,109,43,6,614,211,184,2.8363636363636364,1.2053872053872055,143.65586664425092,22.89,5.31791333128035,0.7442845810049474,0.9171253290585233,0.980015184976224,0.12720584463448298,1.3419735986776702,-0.2383643616617025,1937,1947,False
130,priceda01,David Price,SP,TBA,2103.3333333333335,2089.3333333333335,12.0,155,82,1,2039,360,322,3.333280507131537,1.1624405705229792,127.10546602043462,40.35,5.297593783903606,0.5071085306863693,0.4871970640655445,0.5967032877355642,0.47317073781826813,0.885503200070559,-0.35601344841673377,2008,2021,False
131,hughste01,Tex Hughson,SP,BOS,1375.6666666666667,1356.3333333333335,7.0,96,54,17,693,225,156,2.94402713835716,1.1936031015265325,129.47107137681462,26.09,5.294603342123242,0.7807230290670794,0.5692647486422834,0.8964958602628632,0.9085560140493373,0.8575894661006738,0.6105378081079,1941,1949,False
132,hunteca01,Catfish Hunter,SP,OAK,3449.3333333333335,3449.3333333333335,15.0,224,166,1,2012,500,476,3.2562814070351758,1.1341321994588325,108.85300235946002,36.3,5.280419701995368,0.3061704504442617,0.257181203965884,0.8933511760221605,-0.1258419622555071,0.48348451829728156,-0.5299115576110428,1965,1979,True
133,hershor01,Orel Hershiser,SP,LAN,3130.3333333333335,3072.3333333333335,15.0,204,150,5,2014,510,466,3.4817378340964753,1.2605686295389202,118.84031630293289,51.35,5.275193637827674,0.3433998245303899,0.6003405204835232,0.547730267100629,-0.08591304919054553,0.5584768400047337,-0.3813063052848586,1983,2000,False
134,frencla01,Larry French,SP,PIT,3152.0,3152.0,14.0,197,171,17,1187,570,384,3.443527918781726,1.3305837563451777,117.15015358722144,45.03,5.227702505167078,0.3317070117491801,0.6260073576939411,0.5169571661263305,0.01909825322361067,0.2536609544494832,-0.0858596074050662,1929,1942,False
135,hernafe02,Felix Hernandez,SP,SEA,2729.6666666666665,2729.666666666666,15.0,169,136,0,2524,419,418,3.4190987910611796,1.2060080595921359,125.93298543339479,49.93,5.222672137461736,0.3826600662446016,0.49105429153191626,0.5013210994774464,0.4795920352655197,0.37116407604166196,-0.3558500376917549,2005,2019,False
136,sotoma01,Mario Soto,SP,CIN,1730.3333333333335,1643.3333333333335,9.0,100,92,4,1449,297,224,3.4692737430167595,1.1858986707763435,112.04979414202262,26.81,5.201581035134826,0.6330524586370985,0.3652031366170962,0.9351968563659877,1.6133109663537442,0.13930281423676671,-0.4257029572677474,1977,1988,False
137,carutbo01,Bob Caruthers,SP,SL4,2828.6666666666665,2828.6666666666665,9.0,218,99,3,900,340,310,2.834904548668395,1.1577893000235684,127.3632034370522,44.69,5.1544197810414865,0.3644416531492921,0.5171712101108168,0.7179010479112483,-0.8392130751788238,1.1222117613182963,-0.009261485841188308,1884,1892,False
138,newcodo01,Don Newcombe,SP,BRO,2154.6666666666665,2154.6666666666665,10.0,149,90,7,1129,344,294,3.5587871287128716,1.2029702970297032,117.08790116185516,30.35,5.149033013813581,0.4779424208366566,0.3283101305750543,0.9073638330835074,0.3180403758768612,0.7311618992770542,-0.40816525108766977,1949,1960,False
139,amesre01,Red Ames,SP,NY1,3198.0,3184.0,16.0,183,167,36,1702,533,368,2.628517823639775,1.2288930581613509,111.90734819221997,28.4,5.126039368003587,0.32198739748766253,0.14865509198985769,-0.0607826140473412,0.9138703909497274,0.1482119016082775,0.8760281949043237,1903,1919,False
140,overaor01,Orval Overall,SP,CHN,1535.3333333333333,1535.3333333333335,7.0,108,71,12,935,218,182,2.2333912288319584,1.1613113330438558,131.10701654163157,21.83,5.122541095211725,0.6672871596020483,0.44223510673242894,0.09699089798880967,1.536812343199566,0.6758155167476632,0.8995508643229266,1905,1913,False
141,roepr01,Preacher Roe,SP,BRO,1914.3333333333333,1911.6666666666667,11.0,127,84,10,956,333,261,3.4320041790005225,1.2594462824307853,121.89079686363523,34.56,5.0869028178499525,0.5321955868718345,0.41736614249175374,0.6931279417304779,0.686944383966071,0.7418014975434855,-0.31177110485634857,1938,1954,False
142,lolicmi01,Mickey Lolich,SP,DET,3638.3333333333335,3603.6666666666665,15.0,217,191,11,2832,586,496,3.4383875400824553,1.2272102611085662,106.89527226158512,47.89,5.086332650804569,0.28228652210551675,-0.009867883015198602,0.29787000702976585,1.0548893034968538,0.22671403271491328,-0.4330781671059446,1963,1979,False
143,ferguch01,Charlie Ferguson,SP,PHI,1514.6666666666667,1514.6666666666667,4.0,99,64,4,728,183,170,2.673855633802817,1.1170774647887323,126.04269968193391,25.619999999999997,5.072057683039411,0.6697259264576687,0.5338920274063885,0.5729823495835018,0.19986327358711564,0.6586807675375719,2.212985239852586,1884,1887,False
144,colege01,Gerrit Cole,SP,PIT,1449.3333333333333,1449.3333333333333,9.0,117,63,0,1673,234,234,3.1980220791168357,1.111545538178473,134.1078041447297,45.08,5.011529088704983,0.6915633517072194,0.641766280182067,0.7663371429758987,0.9727746337098425,0.8754204409616634,-0.3517905929082581,2013,2021,False
145,tesreje01,Jeff Tesreau,SP,NY1,1679.0,1679.0,7.0,115,72,9,880,247,206,2.428231089934485,1.1447290053603336,118.79298105805954,22.44,4.992930628260092,0.5947505215318751,0.46311660715413566,0.5809641849051421,0.8897027356584444,0.7460853452800001,0.06572707329366623,1912,1918,False
146,mccorji01,Jim McCormick,SP,CL2,4275.666666666667,4275.666666666666,10.0,265,214,1,1704,492,485,2.431199812894675,1.1322210961253605,123.14844666877173,75.99000000000001,4.982771168647746,0.23307575436100786,0.4198406870438638,0.26279645663967227,0.17919304376243134,0.22716104099386575,-0.18854348511135605,1878,1887,False
147,morried01,Ed Morris,SP,PT1,2678.0,2678.0000000000005,7.0,171,122,1,1217,311,307,2.8162808065720686,1.1075429424943988,120.71521419671384,42.339999999999996,4.938855734431031,0.36884658210836685,0.4133513281344847,0.6592706133500975,-0.09262971136844832,0.4460144754370584,0.30014143923499154,1884,1890,False
148,maglisa01,Sal Maglie,SP,NY1,1723.0,1722.9999999999998,10.0,119,62,14,862,303,232,3.1497388276262335,1.2495647127103888,130.82766942369082,34.15,4.9218972826269205,0.571317154106433,0.7032876851617966,0.6325146968775494,0.2794231759593651,0.9569633014268663,-0.09910736880649798,1945,1958,False
149,garcimi01,Mike Garcia,SP,CLE,2174.6666666666665,2128.0,10.0,142,97,23,1117,428,281,3.2653280196198655,1.3183629675045985,121.43613610553979,30.69,4.847102356322405,0.4555547327370681,0.6579322062576086,0.38402751372068206,0.3216761268095065,0.5862433111970468,0.1348091514118465,1948,1961,False
150,rijojo01,Jose Rijo,SP,CIN,1880.0,1863.0,13.0,116,91,3,1606,376,269,3.2361702127659573,1.2622340425531915,130.3295363094889,34.96,4.812888735816838,0.5166815604741641,0.592624028800661,0.4023671784981387,1.1317128951122744,0.40506873424762513,-0.3942256722251581,1984,2002,False
151,peavyja01,Jake Peavy,SP,SDN,2377.0,2377.0,15.0,152,126,0,2207,388,377,3.6348338241480858,1.1956247370635253,118.26119120740952,37.18,4.781610701336158,0.40232315535011837,0.33717917055628205,0.6250484890838672,0.7082084810392754,0.2777184373854278,-0.3541914324485958,2002,2016,False
152,woodke02,Kerry Wood,RP,CHN,1380.0,1327.3333333333333,11.0,86,75,63,1582,446,178,3.6717391304347826,1.267391304347826,127.75816441366749,26.76,4.761488629368306,0.7174518276295789,0.4958657581475753,0.5020168927311586,2.058016552124157,0.30166542502432997,-0.0395523051980205,1998,2012,False
153,pennohe01,Herb Pennock,SP,NYA,3571.6666666666665,3511.666666666667,20.0,240,162,32,1227,617,420,3.598320111992534,1.3483901073261784,110.89497659450205,44.18,4.752265783421593,0.27065585857170915,0.20201496927206852,0.2514574402745829,0.05307422907674663,0.6740025132524784,0.11554437738606585,1912,1934,True
154,malonji01,Jim Maloney,SP,CIN,1849.0,1802.0000000000002,10.0,134,84,4,1605,302,262,3.188209843158464,1.2590589507842076,120.77837239053102,34.11,4.744145485863689,0.5265422292856481,0.3566760733005428,0.12035356937856,1.4741096399264728,0.8336685399011758,-0.5427081734965737,1960,1971,False
155,leecl02,Cliff Lee,SP,CLE,2156.6666666666665,2146.3333333333335,12.0,143,91,0,1824,328,324,3.517928902627512,1.1962905718701702,126.2718264602536,42.519999999999996,4.742488893573997,0.44191541173231835,0.4522578216409795,0.657594314155607,0.32669031926997594,0.6710905222644988,-0.3510379052372325,2002,2014,False
156,grimebu01,Burleigh Grimes,SP,BRO,4180.0,4180.0,19.0,270,212,18,1512,616,497,3.5267942583732057,1.365311004784689,113.19330709496562,46.699999999999996,4.735933806168804,0.22659970364444038,0.2664942667111253,0.13755672448478845,0.3504291844796453,0.39200392299782444,-0.2289966565003204,1916,1934,True
157,hillejo01,John Hiller,RP,DET,1242.0,1203.3333333333333,12.0,87,76,125,1036,545,43,2.8333333333333335,1.2681159420289856,147.51304298424583,31.009999999999998,4.698742132415477,0.7809543710385833,0.7945336876077905,0.2662684927756865,1.5849382354306474,0.22739739054942712,1.4987281858373762,1965,1980,False
158,klubeco01,Corey Kluber,SP,CLE,1422.6666666666665,1381.6666666666665,8.0,103,61,0,1544,225,220,3.1947047797563264,1.1000468603561389,132.95965382223832,34.02,4.69709271475963,0.679916918903686,0.6534699837225458,0.9318271263351576,0.8360473116534359,0.7640772182853646,-0.364322645985001,2011,2021,False
159,hendrcl01,Claude Hendrix,SP,CHN,2371.3333333333335,2371.3333333333335,10.0,144,116,17,1092,360,257,2.649142535844813,1.189204385718302,117.12003314334994,25.490000000000002,4.687579697007491,0.3953539244032182,0.33658715098318226,0.40486516254110666,0.49973159789478727,0.3357036563227455,0.42903795178639365,1911,1920,False
160,kindeel01,Ellis Kinder,RP,BOS,1479.6666666666667,1478.6666666666667,11.0,102,71,102,749,484,122,3.430502365397612,1.3246226627618833,132.1321075839202,30.89,4.684016761488301,0.6335460002013029,0.4999232529972688,0.4244558445052835,0.5961719706774329,0.5480148100064522,1.7361386968888783,1946,1957,False
161,mcmahsa01,Sadie McMahon,SP,BLN,2634.0,2634.0,9.0,173,127,4,967,321,305,3.5056947608200457,1.3936977980258163,119.50212881742934,43.620000000000005,4.671642601194488,0.35471849667384114,0.4157439927915028,0.37157900864446797,0.15352269249832115,0.46230633109427677,0.3472194159632888,1889,1897,False
162,reardje01,Jeff Reardon,RP,MON,1132.3333333333333,1102.0000000000002,14.0,73,77,367,877,880,0,3.155431262879011,1.199293494259641,133.52842166899265,19.04,4.611993371499693,0.8370223904718131,0.6722726618558816,0.7434145652963042,1.0329998376471483,-0.17827517796101156,2.935219446628084,1979,1994,False
163,koosmje01,Jerry Koosman,SP,NYN,3839.3333333333335,3817.0000000000005,18.0,222,209,17,2556,612,527,3.3591769404410488,1.2588122938010071,114.1299534135198,56.96,4.609159793332787,0.24150693179632102,0.29404458248010185,0.31252998869687776,0.5425831125128137,0.10005239169605522,-0.3866381183969771,1967,1985,False
164,leonadu02,Dutch Leonard,SP,WS1,3218.3333333333335,3151.333333333333,18.0,191,181,44,1170,640,374,3.249508026929052,1.255618850336613,122.10564458937952,51.67,4.479366302527861,0.284283877884146,0.5831248491635109,0.7378881995607197,-0.29979252964023956,0.07710655153628608,-0.06882828264018642,1933,1953,False
165,lylesp01,Sparky Lyle,RP,NYA,1390.3333333333335,1390.3333333333335,16.0,99,76,238,873,899,0,2.8806041716614716,1.2752337568928314,139.04157210222877,22.82,4.474964571408287,0.6437254238419976,0.7503586238056323,0.16517319559315924,0.34908750213808176,0.5178533860063064,2.3416762429827522,1967,1982,False
166,laniema01,Max Lanier,SP,SLN,1619.3333333333333,1528.0,11.0,108,82,17,821,327,204,3.0067929188966653,1.2974475092630713,132.97931256197984,30.36,4.472143949050112,0.5853591556348314,0.735333953289491,0.4464463209981569,0.9128453301454614,0.5459129241816587,0.0342148850259841,1938,1953,False
167,appieke01,Kevin Appier,SP,KCA,2595.3333333333335,2554.6666666666665,13.0,169,137,0,1994,414,402,3.7382481376830206,1.2938607757513485,127.60891461427697,54.89,4.460527152825865,0.34920619672436304,0.47422321304961346,0.45975825146668803,0.3933865115879582,0.375917124542758,-0.38149896630855645,1989,2004,False
168,bondto01,Tommy Bond,SP,BSN,2779.6666666666665,2742.0,6.0,193,115,0,860,322,314,2.250269816524763,1.091857536874925,120.01958324794597,60.98,4.452102003606608,0.32473391711207944,0.32311451389849993,0.3860020161616246,0.23482978549118153,0.7091674871733712,-0.4134466993586226,1876,1884,False
169,hudsoti01,Tim Hudson,SP,ATL,3126.6666666666665,3126.6666666666665,17.0,222,133,0,2080,482,479,3.491577825159915,1.2390191897654586,123.28346297354696,56.54,4.3998590767947166,0.2814408791126685,0.5298481450317456,0.49623747988128053,-0.44854375833261606,0.7537988712513936,-0.3569706069978841,1999,2015,False
170,oroscje01,Jesse Orosco,RP,NYN,1295.3333333333333,1053.6666666666665,15.0,87,80,144,1179,1252,4,3.161348430262481,1.262995367987648,140.9985163267157,22.86,4.398453532251874,0.8348852006805202,1.0459718475012665,0.6946908981717114,1.4272413095106937,0.053146805101970854,0.9706568926117198,1979,2003,False
171,johnssy01,Syl Johnson,RP,SLN,2165.6666666666665,2149.6666666666665,17.0,112,117,43,920,542,210,4.060181622287209,1.2827458827150993,107.35993971110628,29.39,4.3544475505759115,0.4051276989216231,0.06126105517148956,0.8123919274086094,0.6417181477654825,0.013516022342643328,0.5613007671754372,1922,1940,False
172,jansela01,Larry Jansen,SP,NY1,1765.6666666666667,1731.0,8.0,122,89,10,842,291,237,3.5833490655087785,1.223900320936379,114.90960883681454,23.07,4.321021313748773,0.4992514516174203,0.39572913270888,0.9612955484813254,0.38714803563732336,0.5612137531750551,-0.22873176756248795,1947,1956,False
173,wainwad01,Adam Wainwright,SP,SLN,2375.6666666666665,2345.6666666666665,14.0,184,105,3,2004,425,358,3.352743089659043,1.2101866142837099,122.3075418234653,41.0,4.3201528491148435,0.36835181319722987,0.5471903238646084,0.43633973590289493,-0.039798408636357786,0.7886953862088862,-0.34086619184424694,2005,2021,False
174,cuppyni01,George Cuppy,SP,CL4,2283.0,2283.0,10.0,163,98,5,504,302,262,3.484888304862024,1.3705650459921157,128.6800940779766,39.27,4.30620189228579,0.3772406388336216,0.6222403020398484,0.6305716931848541,-0.6824707208145299,0.8053435401182921,0.3946307616669349,1892,1901,False
175,millest01,Stu Miller,RP,SFN,1694.0,1692.6666666666663,15.0,105,103,154,1164,704,93,3.240850059031877,1.2526564344746163,126.80365346165333,27.24,4.2879811940863135,0.5066539417983041,0.534121474020278,0.38450813363530206,0.7394497082052577,-0.0569906117126856,1.405047205858946,1952,1968,False
176,welchbo01,Bob Welch,SP,LAN,3092.0,3091.9999999999995,17.0,211,146,8,1969,506,462,3.4666882276843465,1.2703751617076326,111.58612927105844,43.41,4.2671766268844,0.2760140120882536,0.35582504629474293,0.33507812050535857,0.1759690976932295,0.5535954673101837,-0.42624692612454473,1978,1994,False
177,francjo01,John Franco,RP,NYN,1245.6666666666667,1127.0,17.0,90,87,424,975,1119,0,2.89001873160289,1.3334225314423334,149.78971113064634,23.56,4.248220734527614,0.7538989768460715,1.1374301829806548,0.2040995130805613,0.6288119094546023,0.11661426589634377,2.624099139367676,1984,2005,False
178,mcgratu01,Tug McGraw,RP,NYN,1514.6666666666667,1419.6666666666665,16.0,96,92,180,1109,824,39,3.1373239436619715,1.2544014084507042,134.1606678791961,20.97,4.202880896784447,0.5920940450975978,0.5996713824640271,0.36495958639982506,0.9145319283059898,0.08426634011040354,1.5220335618830216,1965,1984,False
179,foutzda01,Dave Foutz,SP,SL4,1997.3333333333333,1948.333333333333,8.0,147,66,4,790,251,216,2.843291054739653,1.1780707610146863,130.26642052723696,22.66,4.134380189293802,0.42440173029534334,0.42958812074423436,0.455807552971979,-0.289819147209079,1.0362860216138368,0.5668678072040311,1884,1894,False
180,fitzsfr01,Freddie Fitzsimmons,SP,NY1,3223.6666666666665,3220.666666666666,18.0,217,146,13,870,513,426,3.5093578740564575,1.29697032364802,114.93636069309494,33.59,4.112740794241217,0.2553968615757329,0.5517051011597569,0.7004565252470334,-0.7261596202703714,0.6240813172126498,-0.3722788441442035,1925,1943,False
181,blackew01,Ewell Blackwell,SP,CIN,1321.0,1294.3333333333333,7.0,82,78,10,839,236,169,3.2975018925056774,1.295987887963664,133.3485912099683,27.14,4.101424525657274,0.6337508924528366,0.5524553735638631,0.5648462325421623,1.7383615313522347,0.11934882143980247,-0.17116579632077328,1942,1955,False
182,rogerst01,Steve Rogers,SP,MON,2837.6666666666665,2799.666666666667,12.0,158,152,2,1621,399,393,3.174791495360038,1.2316457183131682,122.59297712247557,45.09,4.100991836509057,0.2929628648536056,0.5712118587720114,0.6049015011691438,0.10768347310650844,0.13140182068487982,-0.48882533889960844,1973,1985,False
183,troutdi01,Dizzy Trout,SP,DET,2725.6666666666665,2725.3333333333326,14.0,170,161,35,1256,521,322,3.2326036443683503,1.3526965879907058,128.39498467540827,45.24,4.100131029141242,0.30089024186457275,0.45489849860773823,0.12174716052642066,0.47287315595796825,0.14819465939068038,0.3251526401130316,1939,1957,False
184,nehfar01,Art Nehf,SP,NY1,2707.6666666666665,2688.9999999999995,14.0,184,120,13,844,451,319,3.20423488858796,1.2390742336575158,110.7867354363514,24.72,4.068740596151228,0.30262109305698975,0.3354849210970356,0.6427495226303388,-0.22656980258859036,0.7315438363533419,-0.4293232462780418,1915,1929,False
185,raschvi01,Vic Raschi,SP,NYA,1819.0,1803.0,9.0,132,66,3,944,269,255,3.7207256734469487,1.3155579989004949,107.6101295791626,16.18,4.059557469909764,0.450311422064311,0.24568924248360438,0.46296925204242106,0.6625686136049533,0.9582459321676363,-0.5101611072171338,1946,1955,False
186,ruckena01,Nap Rucker,SP,BRO,2375.3333333333335,2337.9999999999995,9.0,134,134,14,1217,336,274,2.4211338759472354,1.1745719898961549,119.72698465618411,48.21,4.031294781550431,0.34484985299832616,0.3865978786683441,0.2976571569723088,0.6883233917453389,0.0007660091403475144,0.3596821391102558,1907,1916,False
187,bumgama01,Madison Bumgarner,SP,SFN,2034.0,2024.0,12.0,127,106,0,1948,324,321,3.309734513274336,1.1224188790560472,115.18807611915938,32.41,4.008558549152095,0.39610262343400143,0.5176599955311483,0.7587530340267332,0.3235816889229656,0.2552800804122804,-0.35706765691047126,2009,2021,False
188,aguilri01,Rick Aguilera,RP,MIN,1291.3333333333333,1266.6666666666667,15.0,86,81,318,1030,732,89,3.5684047496128035,1.2266391326794013,126.8700222880294,20.63,4.008233250003149,0.6328789342110234,0.5072386927059761,0.7104328252122889,0.6690265488575322,0.19099012699948698,1.5274990255873333,1985,2000,False
189,rowesc01,Schoolboy Rowe,SP,DET,2219.3333333333335,2167.0000000000005,13.0,158,101,12,913,382,278,3.8727846200060076,1.3021928507059175,113.27274381539594,34.32,3.9761140703415303,0.3669694573457802,0.1053049420006218,0.617676911123289,0.21434448077746848,0.8048543068615137,-0.15332146025425994,1933,1949,False
190,toneyfr01,Fred Toney,SP,CIN,2206.0,2143.0,10.0,139,102,12,718,336,271,2.688576609247507,1.1876699909338169,121.44727007058935,28.46,3.9669648284353927,0.3702253689627058,0.6439663273843841,0.684084541356876,-0.3979902092813952,0.5423496216667171,0.08688688772813073,1911,1923,False
191,wynnea01,Early Wynn,SP,CLE,4564.0,4543.666666666666,22.0,300,244,15,2334,691,612,3.541630148992112,1.3290972830850132,111.80372808002681,51.519999999999996,3.9449139017400054,0.17364451185122176,0.21794830267391826,0.1575987340096832,0.248720384205307,0.3294658661337536,-0.38408038930175714,1939,1963,True
192,keyji01,Jimmy Key,SP,TOR,2591.6666666666665,2561.333333333334,14.0,186,117,10,1538,470,389,3.5073954983922833,1.2293247588424439,124.89922798607368,49.0,3.937978761224636,0.3074944373678788,0.43351824574377307,0.6364464764364566,-0.347768359605135,0.7441154384149244,-0.3926615893913652,1984,1998,False
193,welchmi01,Mickey Welch,SP,NY1,4802.0,4797.0,12.0,307,210,4,1850,565,549,2.7119950020824657,1.2255310287380259,117.32548107369779,63.11,3.9344234781115737,0.16403683460961324,0.37398094402542204,0.06283386063312935,-0.28359866873900536,0.5137055651167405,0.08811754169428322,1880,1892,True
194,vandejo01,Johnny Vander Meer,SP,CIN,2104.6666666666665,2101.666666666667,12.0,119,121,2,1294,346,285,3.442350332594235,1.3926195755464048,111.07973644459935,26.73,3.926746141771831,0.3736792521908165,0.3422203364121589,0.03029422907596758,1.7792765708267906,-0.07514521118196522,-0.6325114411547947,1937,1951,False
195,powelja01,Jack Powell,SP,SLA,4389.0,4389.0,16.0,245,255,15,1621,578,516,2.9733424470266576,1.216678058783322,108.11068870171607,55.28,3.9264256220740266,0.178921194899705,0.1309034911207663,0.40868299274018266,0.011760766464695696,-0.05536555858932358,0.5274553235939333,1897,1912,False
196,gulledo01,Don Gullett,SP,CIN,1390.0,1390.0,9.0,109,50,11,921,266,186,3.114388489208633,1.227338129496403,116.57353911411134,16.66,3.885037786084079,0.5589982426020257,0.48332348405732406,0.4874178512242378,0.5463035094683177,1.2225631610047032,-0.3746042531296911,1970,1978,False
197,clarkwa02,Watson Clark,SP,BRO,1747.3333333333335,1719.3333333333333,10.0,111,97,16,643,355,206,3.6621518504387636,1.3048454788248758,116.98271067926576,26.68,3.879171382758682,0.4512413395996917,0.5837908919323225,0.7873790475051413,0.2119893515256612,0.28873174974380905,0.0830463448643157,1924,1937,False
198,tekulke01,Kent Tekulve,RP,PIT,1436.6666666666667,1427.6666666666667,15.0,94,90,184,779,1050,0,2.850348027842227,1.2501160092807424,140.25691468075874,26.14,3.8695043289029423,0.5420739195287801,0.9784546732797711,0.47342877931637867,-0.20905824366945774,0.24999352968732633,1.7147424859992852,1974,1989,False
199,fordru01,Russ Ford,SP,NYA,1487.3333333333333,1484.3333333333333,6.0,99,71,9,710,199,170,2.589870013446885,1.1537427162707308,136.13582197221334,33.32,3.866977216568022,0.5210389243073912,0.5447089092833288,0.7694379194025674,0.23989098090743013,0.5910993796265765,0.2630414502911574,1909,1915,False
200,passecl01,Claude Passeau,SP,CHN,2719.6666666666665,2716.666666666667,12.0,162,150,21,1104,444,331,3.3191567594067903,1.3178085549699718,117.49971658191487,43.46,3.8392302934973523,0.28264272099367005,0.4788149179889915,0.40147532443216977,0.11316022829530807,0.1508322344205783,0.0977166784520243,1935,1947,False
201,rixeyep01,Eppa Rixey,SP,CIN,4494.666666666667,4494.666666666667,21.0,266,251,14,1350,692,552,3.147730643725897,1.2715069712251557,118.49960759312708,57.33,3.815022035500406,0.16975772925691512,0.5103972808182416,0.5409885442787904,-0.4162094778777092,0.11978570114306357,-0.3380397167041374,1912,1933,True
202,shantbo01,Bobby Shantz,RP,PHA,1935.6666666666667,1927.6666666666665,15.0,119,99,48,1072,537,171,3.375581195109351,1.2595143791975203,126.72651343079367,32.14,3.807294852487202,0.39501589339310417,0.5277252901183634,0.6192459170414426,0.3367234969677178,0.2340389735326306,-0.0587940249691714,1949,1964,False
203,baldwma01,Mark Baldwin,SP,PIT,2802.3333333333335,2802.333333333333,7.0,154,165,5,1349,346,328,3.3721898417985012,1.4280956345902223,113.0523591686366,24.57,3.776302334980329,0.26951128832974874,0.2866032992773591,-0.10689862342013759,0.9994281292145952,-0.14079760141560127,0.5285901380564454,1887,1893,False
204,jonesdo01,Doug Jones,RP,CLE,1128.3333333333333,1107.6666666666667,14.0,69,79,303,909,846,4,3.3022156573116694,1.2425406203840474,144.67606605783737,21.37,3.752149944744862,0.6774872003752384,0.6940420900768055,0.6347629229484337,0.672980189447378,-0.0929949848178992,2.283232563557031,1982,2000,False
205,schmija01,Jason Schmidt,SP,SFN,1996.3333333333333,1928.0,11.0,130,96,0,1758,323,314,3.9582568041409254,1.3214226081148772,115.73247466667937,31.7,3.746783379638002,0.3886704750661828,0.3437408403719916,0.335695998481239,0.761681610179002,0.5154322880750559,-0.36611514297936437,1995,2009,False
206,mcmahdo02,Don McMahon,RP,ML1,1310.6666666666667,1268.6666666666665,16.0,90,68,153,1003,874,2,2.959562563580875,1.2459308240081384,136.30174945598435,22.58,3.699073221926337,0.5831434401355235,0.5831676864639864,0.1725387570573807,0.9485172731580737,0.38849329660206705,1.2681471530315351,1957,1974,False
207,scottmi03,Mike Scott,SP,HOU,2068.6666666666665,2032.3333333333335,11.0,124,108,3,1469,347,319,3.5370609087979377,1.2012568482114083,106.79333858458337,24.04,3.694103731948677,0.36353325228295985,0.27272631396485847,0.7395580499657408,0.5316171490613195,0.266586130241399,-0.4423160326208584,1979,1991,False
208,vazquja01,Javier Vazquez,SP,MON,2840.0,2840.0000000000005,14.0,165,160,0,2536,450,443,4.217957746478874,1.248943661971831,109.12488427103538,43.39,3.6896813050285138,0.2598367116217263,0.006460164806197308,0.5527618209960976,0.7252051715320589,0.053707945478926544,-0.35751408231044524,1998,2011,False
209,pfeffje01,Jeff Pfeffer,SP,BRO,2407.3333333333335,2364.0,10.0,158,112,10,836,347,280,2.7740238161174187,1.209637219606757,119.42853297733267,38.81,3.688340007083422,0.3120423017837075,0.5197727898825623,0.5146430992393892,-0.2713122992421958,0.5509514395853802,-0.024894985654172752,1911,1924,False
210,tudorjo01,John Tudor,SP,SLN,1797.0,1754.6666666666665,10.0,117,72,1,988,281,263,3.1202003338898163,1.1975514746800222,132.19610657536694,34.129999999999995,3.6841010521172604,0.4199203326881376,0.702357529826575,0.7750760740324574,-0.270532307148537,0.7605291292786499,-0.4743743270264314,1979,1990,False
211,beckejo02,Josh Beckett,SP,BOS,2051.0,2027.0,13.0,138,106,0,1901,335,332,3.87908337396392,1.2315943442223305,117.2536259002672,35.29,3.6509000056162777,0.36022693691329827,0.14976885747034008,0.4930110891542234,0.7727395004476504,0.4012330573310558,-0.3526256129858387,2001,2014,False
212,glavito02,Tom Glavine,SP,ATL,4413.333333333333,4413.333333333334,22.0,305,203,0,2607,682,682,3.536102719033233,1.3137462235649549,122.08045996197089,73.95,3.633801770159976,0.1646737962308146,0.5089654559881461,0.2417515677746927,-0.5297443751167089,0.6059938280081024,-0.3825535028817386,1987,2008,True
213,cuellmi01,Mike Cuellar,SP,BAL,2808.0,2800.666666666667,13.0,185,130,11,1632,453,379,3.1378205128205128,1.1965811965811965,114.07176115996323,29.21,3.6281175183690832,0.25908956332081046,0.3963433279922953,0.539227305248943,-0.24000364837688973,0.5944057157567345,-0.4568350846546812,1959,1977,False
214,wyattwh01,Whit Wyatt,SP,BRO,1761.0,1674.6666666666665,12.0,106,95,13,872,360,210,3.787052810902896,1.3208404315729698,118.10042375091719,22.06,3.623150851855423,0.43270113676617306,0.2594373584236832,0.5401526367087296,1.0105493716375662,0.3192731966180247,-0.3316087566804843,1929,1945,False
215,weyhigu01,Gus Weyhing,SP,PH4,4337.0,4316.666666666667,13.0,264,232,4,1667,540,505,3.8847129352086696,1.4171086004150335,107.66298549816183,47.29,3.619203345218319,0.1676850970757523,-0.019163486753100655,0.05724313890337833,0.4991387904341399,0.2490688541450097,0.08523655122352859,1887,1901,False
216,carpech01,Chris Carpenter,SP,SLN,2219.3333333333335,2181.0000000000005,12.0,144,94,0,1697,350,332,3.7592370081105435,1.2760588765395013,122.76596028509195,35.24,3.5873236007136646,0.32896135724105124,0.3917875210465206,0.4105364119401325,0.09713789334126521,0.7250478233651156,-0.36056769346888307,1997,2012,False
217,matlajo01,Jon Matlack,SP,NYN,2363.0,2326.0,12.0,125,126,3,1516,361,318,3.180279305966991,1.2331781633516716,119.37766470711138,38.92,3.5726914318672858,0.3071961678303772,0.488579630547463,0.48297799716324796,0.5257719596593405,0.034505791033498885,-0.4774878923586858,1971,1983,False
218,whitnji01,Jim Whitney,SP,BSN,3496.3333333333335,3496.3333333333335,10.0,191,204,2,1571,413,396,2.97054056630756,1.1466298026503956,109.2935386477626,47.48,3.5652699717710425,0.2039433676291949,0.13803549269355722,0.38493132760162324,0.3519096372194404,-0.11672158619032948,0.29083114636709945,1881,1890,False
219,swiftbi01,Bill Swift,RP,PIT,1637.6666666666667,1606.3333333333333,9.0,95,82,20,636,336,163,3.5776511296560143,1.2414003663749236,109.53661271014037,19.27,3.5644094197445106,0.4437944909414207,0.46633788968137463,1.0199846626321134,0.07196947220675402,0.23124313696675733,0.13730631670058036,1932,1943,False
220,antonjo02,Johnny Antonelli,SP,NY1,1992.3333333333333,1988.3333333333333,11.0,126,110,21,1162,377,268,3.338296804416932,1.2834197758072612,122.69882615708124,31.22,3.5555247857657655,0.357638704351963,0.4971126302867921,0.4091567242380118,0.5295672901999148,0.21832878926718174,-0.1850785017265732,1948,1961,False
221,chancde01,Dean Chance,SP,LAA,2147.3333333333335,2129.0,10.0,128,115,23,1534,406,294,2.9212977336230983,1.2122011797578391,125.69401753474685,34.93,3.550595263267156,0.33354582087995827,0.5683900234091609,0.2982434884736322,0.42472360286676525,0.21544313178022462,-0.1114590402013797,1961,1971,False
222,harenda01,Dan Haren,SP,OAK,2419.6666666666665,2419.6666666666665,13.0,153,131,1,2013,391,380,3.752996280479405,1.180741148918584,112.65533949474684,32.9,3.5383124894439213,0.2924628039215254,0.21534715495283005,0.6879292752623788,0.2332703487078238,0.2730050766605208,-0.34611388705945817,2003,2015,False
223,chambel01,Ice Box Chamberlain,SP,CIN,2521.6666666666665,2479.333333333333,8.0,157,120,1,1133,321,301,3.565499008592201,1.3923331130204892,118.13510430205295,30.39,3.5339262977267283,0.2850706881737076,0.17779013718948714,0.10303289047930875,0.7668081421102225,0.4667221386727863,-0.3184112490009319,1886,1896,False
224,jonessa02,Sam Jones,SP,SFN,1643.3333333333333,1577.3333333333335,8.0,102,101,9,1376,322,222,3.587221095334686,1.3539553752535498,112.97563738558854,19.81,3.533871297025019,0.44808173673182816,0.35656152090507837,0.017676884020126148,1.9789743619199305,0.00017786365500994928,-0.41308309614461164,1951,1964,False
225,gordoto01,Tom Gordon,RP,KCA,2108.0,2043.3333333333335,17.0,138,126,158,1928,890,203,3.957779886148008,1.3595825426944972,118.7927574022954,35.01,3.4903471768735232,0.34163267636608713,0.16345654970638532,0.022856339810716896,1.1177016631141472,0.2025137276898271,0.1985327413396523,1988,2009,False
226,righeda01,Dave Righetti,RP,NYA,1403.6666666666667,1365.9999999999998,14.0,82,79,252,1112,718,89,3.4623604844454996,1.3379244834956068,122.8599575754146,21.34,3.490146140469141,0.5110023631726416,0.4652488454100938,0.004339603922308022,1.0821463975053915,0.08761137220183207,1.609345038690346,1979,1995,False
227,nolanga01,Gary Nolan,SP,CIN,1674.6666666666667,1664.3333333333333,9.0,110,70,0,1039,250,247,3.079418789808917,1.1453025477707006,121.70055441641273,25.61,3.4686089061507355,0.41681661199488107,0.40884441142666506,0.7889831015122807,0.08507916582849553,0.777757530955369,-0.5520760559662837,1967,1977,False
228,pipgrge01,George Pipgras,SP,NYA,1488.3333333333335,1431.3333333333333,7.0,102,73,12,714,276,189,4.087793952967525,1.4291153415453526,101.07872577132525,12.47,3.461157336568959,0.4836270148908652,0.19361740591183205,0.13868517162816876,1.2758048611870072,0.6640243288392337,0.1258553250061677,1923,1935,False
229,marshmi01,Mike Marshall,RP,MON,1386.6666666666667,1323.3333333333335,12.0,97,112,188,880,724,24,3.1413461538461536,1.2944711538461537,130.77272414564902,17.15,3.4593097294105,0.522817591346675,0.5177957133610726,0.14979770479268245,0.44598946079780827,-0.14614758956443935,2.8958544325870665,1967,1981,False
230,pettian01,Andy Pettitte,SP,NYA,3316.0,3316.0,18.0,256,153,0,2448,531,521,3.848612786489747,1.350723763570567,120.07918755527308,60.67,3.4495199559428444,0.2080530733379279,0.32388083360536646,0.07701534029258413,-0.03594190552941762,0.756754172939731,-0.36333423618622446,1995,2013,False
231,pfiesja01,Jack Pfiester,SP,CHN,1067.3333333333333,994.6666666666666,5.0,71,44,0,503,149,128,2.023735165521549,1.088694565896315,146.49210410166768,10.96,3.4280193961297862,0.689280039436284,1.0326479398011614,0.8882102233298491,0.46971146800143077,0.9206370897486275,-0.6900421289648034,1903,1911,False
232,quiseda01,Dan Quisenberry,RP,KCA,1043.3333333333333,1036.6666666666667,11.0,56,46,244,379,674,0,2.76038338658147,1.1750798722044729,158.04787739781858,24.59,3.4173984758717593,0.6593051721939085,1.1054562721057482,0.9367758443816165,-1.294251611965887,0.2857062423043444,3.601925012513486,1979,1990,False
233,mcjamdo01,James McJames,SP,WAS,1361.3333333333333,1344.3333333333333,5.0,79,80,4,593,178,162,3.4311949069539667,1.4522526934378062,122.98919538885809,15.090000000000002,3.407429345568512,0.5069322110937533,0.39947551295173245,-0.037071436297822016,1.7358524488398288,-0.030295208012467614,0.7521974376480342,1895,1901,False
234,garbege01,Gene Garber,RP,ATL,1510.0,1443.6666666666667,15.0,96,113,218,940,931,9,3.337748344370861,1.2642384105960265,126.74649012649864,16.53,3.3806836659618287,0.4683468482052868,0.496728434482594,0.41020886519549055,0.32620561196018966,-0.06464317919112005,1.8930003673195162,1969,1988,False
235,quinnja01,Jack Quinn,SP,NYA,3920.3333333333335,3904.6666666666674,22.0,247,218,57,1329,756,444,3.2897712779525548,1.3003996258821529,116.17400545610344,59.39,3.372597579230236,0.17274701618047986,0.24724291180040375,0.2887635942467998,-0.18641613168686985,0.18610260224731556,0.3880809555658985,1909,1933,False
236,darviyu01,Yu Darvish,SP,TEX,1293.3333333333333,1293.3333333333333,9.0,79,67,0,1591,212,212,3.5628865979381446,1.1512886597938146,120.48716230925766,33.52,3.3387703808803963,0.5163046980742882,0.3132866146568625,0.5747708543337041,1.4061832667786829,0.21569521340776887,-0.3476967998284727,2012,2021,False
237,morrijo04,Johnny Morrison,SP,PIT,1535.0,1493.3333333333335,8.0,103,80,23,546,297,164,3.6469055374592836,1.3550488599348534,113.39059148069693,21.39,3.328159162705478,0.44573560214805497,0.414450264037637,0.480926794441485,0.42809287450409295,0.41593871310792163,0.5308502000587144,1920,1930,False
238,carlete01,Tex Carleton,SP,CHN,1607.3333333333335,1607.3333333333333,8.0,100,76,9,808,293,202,3.9083367897138115,1.3631273330568228,102.14050328609268,15.53,3.3101961835820544,0.4118867088654568,0.18892717883031318,0.3472296881373392,1.0230334808009027,0.4430486027399224,-0.1536892458462142,1932,1940,False
239,stiebda01,Dave Stieb,SP,TOR,2895.3333333333335,2873.0,15.0,176,137,3,1669,443,412,3.4379461201934145,1.2454524522219663,126.81117302649083,56.51,3.3024497691108747,0.22989556346055515,0.378210803092662,0.5028384713641851,-0.12030335079236038,0.4118779296258261,-0.46582730887041585,1979,1998,False
240,sainjo01,Johnny Sain,SP,BSN,2125.6666666666665,2125.666666666667,11.0,139,116,51,910,412,245,3.488787831268622,1.3002979457425123,112.99266741745106,24.79,3.2875972349334743,0.3093238734452069,0.3549321809672169,0.5109408396931238,0.006102532357447042,0.2723989656095712,0.3715531868671803,1942,1955,False
241,martira02,Ramon Martinez,SP,LAN,1895.6666666666667,1823.6666666666667,11.0,135,88,0,1427,301,297,3.6652013363812204,1.311411992263056,108.21198193759969,25.86,3.279164943771128,0.35962328025272844,0.4128173517976276,0.28467481821303786,0.3999457362910079,0.7222874701787848,-0.3919640354389654,1988,2001,False
242,linceti01,Tim Lincecum,SP,SFN,1682.0,1643.6666666666665,9.0,110,89,1,1736,278,270,3.740190249702735,1.293103448275862,114.95509122067412,19.9,3.2628194149853975,0.3970171666986897,0.27344870541555455,0.19187035827816554,1.1072404270153997,0.46696345985001503,-0.3415337659782344,2007,2016,False
243,lestejo01,Jon Lester,SP,BOS,2740.0,2740.0,16.0,200,117,0,2488,452,451,3.6591240875912407,1.2781021897810219,121.88683743984136,43.51,3.256399697232,0.2376934085570803,0.2699567736264795,0.07541644450905845,0.2304973695523731,0.714741347626047,-0.3516990560996562,2006,2021,False
244,lavelga01,Gary Lavelle,RP,SFN,1085.0,1036.3333333333333,11.0,80,77,136,769,745,3,2.928110599078341,1.3308755760368665,131.60014539855646,19.72,3.2547527173394766,0.628128539853228,0.9105931758592986,0.12247735165624146,0.9063795825688449,0.16224713056700166,1.561355653471737,1974,1987,False
245,murphjo04,Johnny Murphy,RP,NYA,1045.0,1041.6666666666667,12.0,93,53,107,378,415,40,3.4966507177033495,1.367464114832536,122.72635088618254,15.58,3.252819684358276,0.6245413793967888,0.5048250625938423,0.3067064549996519,-0.29137076402150514,0.9009004620766061,2.9922280447692744,1932,1947,False
246,facero01,Roy Face,RP,PIT,1375.0,1354.6666666666665,15.0,104,95,193,877,848,27,3.475636363636364,1.242909090909091,118.63503584240412,21.05,3.244639783402449,0.47903146408500724,0.23382175505975344,0.4256876200385537,0.38860220284401803,0.06849885229679983,2.2273390928226675,1953,1969,False
247,gromest01,Steve Gromek,SP,CLE,2064.6666666666665,2013.6666666666667,14.0,123,108,23,904,447,225,3.4087826929286407,1.244752986761382,113.02442011279723,22.57,3.2139953890330633,0.31921821443798015,0.37549079658033047,0.7488979934209692,0.017558621281502,0.23135684729845063,-0.08604190356755022,1941,1957,False
248,schumha02,Hal Schumacher,SP,NY1,2482.3333333333335,2464.0,12.0,158,121,7,906,391,329,3.3573250973546394,1.339868403383913,115.18359418535694,26.93,3.2055902836385317,0.2601940165291017,0.6227915549431549,0.43173412802185124,-0.19533184283635155,0.4287271191162987,-0.501164594681394,1931,1946,False
249,hernawi01,Willie Hernandez,RP,DET,1044.6666666666667,999.6666666666665,11.0,70,63,147,788,744,11,3.3771537970644543,1.2453733248245054,127.96876408899631,16.57,3.1911349271761895,0.6384397987014718,0.5382359308773451,0.60475313672496,0.9439721860280864,0.1557619699448572,1.327457006063066,1977,1989,False
250,higuete01,Teddy Higuera,SP,ML4,1380.0,1313.6666666666667,7.0,94,64,0,1081,213,205,3.6130434782608694,1.2355072463768115,124.14149129225527,30.34,3.1910173251073832,0.4858184204680106,0.36863902587045505,0.6470782619441142,0.739088426866549,0.650143552495909,-0.4595729735812341,1985,1994,False
251,penaal01,Alejandro Peña,RP,LAN,1057.6666666666667,959.6666666666667,10.0,56,52,74,839,503,72,3.1058934762054835,1.219665931295304,131.69879000392172,15.72,3.1780640215882623,0.6623266456939761,0.8880822416750008,0.717563097756113,0.9495897352644856,0.28340776703530485,0.1777237365617513,1981,1996,False
252,webbbr01,Brandon Webb,SP,ARI,1319.6666666666667,1315.6666666666667,6.0,87,62,0,1065,199,198,3.2667340237433695,1.2389492296034352,143.8022585097054,32.98,3.1766722507389225,0.48289925270923567,0.8260689758810708,0.5831534236470511,0.359158905846172,0.46938890891087903,-0.3511591012420514,2003,2009,False
253,kremera01,Ray Kremer,SP,PIT,1954.6666666666667,1934.6666666666667,9.0,143,85,10,516,308,247,3.7571623465211457,1.3255457025920874,119.4310996479065,26.61,3.1735158683529727,0.32806849087039686,0.4624753704420564,0.6958954646316647,-0.5242691820946146,0.8221064611675832,-0.21091673712627168,1924,1933,False
254,earnsge01,George Earnshaw,SP,PHA,1915.3333333333333,1915.3333333333335,9.0,127,93,12,1002,319,249,4.384093282283327,1.4566655064392622,103.3687335735837,20.75,3.1664240814986333,0.33063947944642874,-0.1443743160612675,-0.03861280776290762,1.404363707667219,0.5008959809685428,-0.04665677324679917,1928,1936,False
255,tananfr01,Frank Tanana,SP,CAL,4188.333333333333,4162.0,20.0,240,236,1,2773,638,616,3.6615996816553924,1.269717469160366,109.85807384760477,57.1,3.160411385219116,0.1518698407121152,0.09619290116935877,0.31209089492471215,0.44235108045883675,0.04543348727380282,-0.47758021857930494,1973,1993,False
256,uhlege01,George Uhle,SP,CLE,3119.6666666666665,3090.6666666666665,15.0,200,166,25,1135,513,368,3.992734266481462,1.404957794636179,109.03397797568513,45.05,3.146565881745351,0.20361729174365953,0.03787211178264048,0.13304258640162836,0.29358104248378203,0.35250336920558323,0.31671734859719175,1919,1936,False
257,jacksmi02,Michael Jackson,RP,SEA,1188.3333333333333,1175.0,16.0,62,67,142,1006,1005,7,3.415708274894811,1.217671809256662,138.06771966806443,18.84,3.1269339631378474,0.532244078831974,0.5390396709379013,0.678672066218777,0.898195098728164,-0.19552494610415994,0.5823994444862902,1986,2004,False
258,bedrost01,Steve Bedrosian,RP,ATL,1191.0,1138.6666666666667,12.0,76,79,184,921,732,46,3.3778337531486144,1.2963895885810244,122.95325972331975,15.44,3.123729130970553,0.5486643672664905,0.5456844025056281,0.2725077745511809,0.943705206992559,-0.0012478121354448808,1.4994716794080483,1981,1995,False
259,daviscu01,Curt Davis,SP,BRO,2325.0,2322.9999999999995,12.0,158,131,33,684,429,281,3.4219354838709677,1.2636559139784946,119.18259185256578,37.92,3.094921451936614,0.26645901437250225,0.4582353540369406,0.7513424393707638,-0.7695818113806069,0.28059784704565816,0.6186135888756585,1934,1946,False
260,breweji01,Jim Brewer,RP,LAN,1040.6666666666667,932.0,12.0,69,65,132,810,584,35,3.0701473414477896,1.2088404868673925,129.82781190877313,15.68,3.0803155315154203,0.6610119166342103,0.5462358251969183,0.42105985682826236,1.1431469642487049,0.2600378097350129,1.3855104133117158,1960,1976,False
261,baldwla01,Lady Baldwin,SP,DTN,1017.0,1000.0,5.0,73,41,1,582,118,116,2.849557522123894,1.134709931170108,127.95388582440776,14.049999999999999,3.077402348850316,0.6154804697700632,0.4965984357283745,0.6757460589961297,0.7542138631934733,0.8081374971389543,0.0992407402245137,1884,1890,False
262,hernaro01,Roberto Hernandez,RP,CHA,1071.3333333333333,1056.3333333333333,16.0,67,71,326,945,1010,3,3.4527069072806476,1.3665214685749845,148.62467534430934,18.47,3.0759718890464045,0.582386599377672,0.7252004281297677,0.08839617444789308,0.8862330660493152,-0.06529341575278858,2.1112481949604436,1991,2007,False
263,haineje01,Jesse Haines,SP,SLN,3208.6666666666665,3203.6666666666665,18.0,210,158,10,981,555,388,3.6407645958861417,1.3497818408477043,112.36631017839557,35.74,3.0740385410941244,0.19190751479101806,0.35749262546739957,0.39291199936040644,-0.19437220915852288,0.44749926525824985,-0.4631905263587887,1918,1937,True
264,valenfe01,Fernando Valenzuela,SP,LAN,2930.0,2905.6666666666665,15.0,173,153,2,2074,453,424,3.5447098976109217,1.3204778156996586,107.5824637983048,37.36,3.0703132300710956,0.21133279087331158,0.33355129354432006,0.10206242748760926,0.5015919841544275,0.23072058175309695,-0.4521543089454523,1980,1997,False
265,ruthba01,Babe Ruth,SP,BOS,1221.3333333333333,1167.3333333333333,5.0,94,46,4,488,163,148,2.277019650655022,1.1585698689956332,128.12837680402956,20.36,3.0682926890506934,0.525692636616338,0.7324529951747689,0.4861389590504655,0.19020316326698447,1.021936626134477,-0.21383309820262897,1914,1933,True
266,vealebo01,Bob Veale,SP,PIT,1926.0,1859.6666666666667,10.0,120,95,21,1703,397,255,3.074766355140187,1.3198338525441329,122.96800586757328,24.650000000000002,3.045052087713055,0.32748364449324846,0.4091677286261831,-0.3667066916873977,1.454520424786168,0.3896838263628646,-0.5384570017654166,1962,1974,False
267,lopated01,Eddie Lopat,SP,NYA,2439.3333333333335,2439.333333333333,12.0,166,112,3,859,340,318,3.20620388084176,1.2765783000819895,118.1530188407163,28.23,3.040341289349416,0.24927641071462828,0.5905795512083377,0.6026244714522079,-0.5742997667167112,0.5983953678163644,-0.5384371517043883,1944,1955,False
268,newsobo01,Bobo Newsom,SP,WS1,3759.3333333333335,3681.666666666667,15.0,211,222,21,2082,600,483,3.983685050540876,1.463291363716971,110.72533452193865,51.24,3.03012057855854,0.16460591644500894,-0.11092009177162877,-0.28074340295782696,1.3532622413639646,-0.014947586213558114,-0.051411409027084576,1929,1953,False
269,wellsda01,David Wells,SP,TOR,3439.0,3409.666666666667,20.0,239,157,13,2201,660,489,4.129688863041582,1.2660657167781333,110.71939508363431,53.61,3.0222964816386457,0.17727811995143095,0.05617583384124841,0.5381628554191576,-0.32569223225690846,0.6340070862238744,-0.32969523157063796,1987,2007,False
270,erskica01,Carl Erskine,SP,BRO,1718.6666666666665,1695.333333333333,11.0,122,78,13,981,335,216,3.9955391776570988,1.328355314197052,104.78090260383964,16.439999999999998,3.021346193259462,0.3564309311749266,-0.06756363869113745,0.31257908047382793,0.8108041044780632,0.7482813410284099,-0.16640018372040632,1948,1959,False
271,nomohi01,Hideo Nomo,SP,LAN,1976.3333333333335,1972.0,11.0,123,109,0,1918,323,318,4.244223309158373,1.3540226007758474,105.27892435401989,21.790000000000003,3.0083689371634526,0.30510841147702356,0.07551618662407408,0.15112397248802098,1.2060105557500018,0.22113405890537877,-0.36980551232076403,1995,2008,False
272,russere01,Reb Russell,SP,CHA,1291.6666666666667,1291.6666666666667,6.0,81,59,13,495,241,148,2.3341935483870966,1.0784516129032258,124.10411752034486,22.58,2.9933377946162283,0.4634845617470288,0.5317371851338034,0.9106317289503701,-0.29813160005464495,0.5016643728878795,0.6218577865933842,1913,1918,False
273,waltebu01,Bucky Walters,SP,CIN,3104.6666666666665,3058.666666666667,13.0,198,160,4,1107,428,398,3.30180373631093,1.3241357096843462,123.63538974598808,46.46,2.981043376242553,0.19492437072205007,0.5186832516365002,0.4105906835311183,-0.3119191466861509,0.3794526948990598,-0.5090082271243634,1934,1950,False
274,rommeed01,Eddie Rommel,RP,PHA,2556.3333333333335,2556.3333333333335,13.0,171,119,29,599,500,249,3.5417916286347633,1.3507628113182943,123.66825487081663,50.25,2.9660071791945772,0.2320516765571452,0.46016223580990223,0.41951478655094815,-0.7986776434561198,0.5932301078577799,0.580021410118061,1920,1932,False
275,chenela01,Larry Cheney,SP,CHN,1881.3333333333333,1871.3333333333335,8.0,116,100,19,926,313,225,2.6980864635010633,1.242735648476258,111.90096443944431,16.51,2.9539036716021085,0.3157004280301505,0.1649468273044926,0.017541481381525743,0.7445909335151765,0.16339378526920184,0.8848140710177028,1911,1919,False
276,leiteal01,Al Leiter,SP,NYN,2391.0,2326.0,14.0,162,132,2,1974,419,382,3.8017565872020076,1.3864491844416562,118.38267310775652,42.51,2.949932428682102,0.2536485321308772,0.45859147307018333,0.009104466327210039,0.5340843051677018,0.32870495693240165,-0.35833305138491894,1987,2005,False
277,scottji01,Jim Scott,SP,CHA,1892.0,1854.3333333333333,8.0,107,113,9,945,317,226,2.2975687103594082,1.180232558139535,124.03563208110029,27.74,2.9440260264533156,0.31752932156605956,0.5934373158683478,0.34464990109542515,0.5286515403334615,-0.0670815843753697,-0.09306473866502081,1909,1917,False
278,zambrca01,Carlos Zambrano,SP,CHN,1959.0,1951.3333333333333,11.0,132,91,0,1637,354,302,3.66156202143951,1.330781010719755,123.823332453657,38.32,2.942146156822071,0.30155239051814875,0.4373911797566803,0.08612992666886986,0.4148505310740934,0.6144813847332857,-0.35194269249714605,2001,2012,False
279,mossido01,Don Mossi,RP,DET,1548.0,1548.0,12.0,101,80,50,932,460,165,3.4302325581395348,1.2131782945736433,119.45015745226182,22.57,2.9301675315949747,0.3785746164851387,0.31542197719111015,0.6365505508554943,0.21074868313066722,0.4324844245937529,0.07239807248288774,1954,1965,False
280,weaveje02,Jered Weaver,SP,LAA,2067.3333333333335,2067.333333333333,12.0,150,98,0,1621,331,331,3.626410835214447,1.191389874234118,117.98731885089613,34.88,2.921111061710526,0.2825970069374905,0.2952210127694795,0.5837247238587142,-0.12465753810534601,0.6159292338480922,-0.3539376636810721,2006,2017,False
281,meltocl01,Cliff Melton,SP,NY1,1453.6666666666667,1453.6666666666667,8.0,86,80,16,660,272,179,3.4175647787204766,1.2912176106397615,113.39924883463011,16.14,2.905129400096019,0.39969677598202497,0.4651249674453474,0.5842830655201466,0.4713942487149715,0.10360778695687042,0.3041727894547602,1937,1944,False
282,mcdanli01,Lindy McDaniel,RP,SLN,2139.3333333333335,2120.3333333333335,20.0,141,119,172,1361,987,74,3.4538797133063257,1.2723589903396695,118.44182015396062,28.950000000000003,2.8913038915008906,0.2727216373055391,0.14694844795376755,0.16791287697217572,0.23405011154849703,0.1509475879981832,1.1373671664007226,1955,1975,False
283,blantcy01,Cy Blanton,SP,PIT,1218.3333333333333,1188.0,7.0,68,71,4,611,202,167,3.553214774281806,1.2968536251709988,114.94730815800698,14.94,2.8642239230573434,0.48219257963928336,0.5602750626526015,0.7685704910338077,0.8495253529293207,0.06491106957175255,-0.3290609328253374,1934,1942,False
284,mayru01,Rudy May,SP,CAL,2622.0,2603.6666666666665,15.0,152,156,12,1760,535,360,3.4565217391304346,1.24790236460717,107.08995430611401,20.650000000000002,2.8313015552785914,0.21748571670300285,0.18244857810415507,0.40447847434613143,0.565413234293787,-0.010115452316890356,-0.40305602804948154,1965,1983,False
285,siebeso01,Sonny Siebert,SP,CLE,2152.0,2152.0,12.0,140,114,16,1512,399,307,3.20771375464684,1.213289962825279,113.22974025237524,29.32,2.8287437999505864,0.2628944051998686,0.22649641174067126,0.32302510564786213,0.42850702742201097,0.35984650579445426,-0.3215668079055784,1964,1975,False
286,halldi01,Dick Hall,RP,BAL,1259.6666666666667,1241.0,14.0,93,75,68,741,495,74,3.315162741465996,1.1018788039163798,122.07560383554598,16.87,2.814450003141326,0.4535777603773289,0.3605405844292155,1.1800243941543407,-0.1556966821891901,0.3145384278563684,0.366681665980042,1955,1971,False
287,dobsojo01,Joe Dobson,SP,BOS,2170.0,2167.3333333333335,13.0,137,103,18,992,414,273,3.624884792626728,1.3359447004608296,114.91615598768152,27.66,2.78439632309578,0.2569421399350151,0.19480885369073167,0.32436081687123375,0.3234253803503637,0.3881829122114876,-0.15171936217846516,1939,1954,False
288,douglph01,Phil Douglas,SP,NY1,1708.3333333333333,1696.0,8.0,94,93,8,683,299,200,2.8027317073170734,1.192390243902439,116.2845802622961,14.23,2.7680051557023537,0.3264157023233908,0.4384903831827982,0.616912656576407,0.3210610993399028,0.06469030515064193,-0.14585338514519533,1912,1922,False
289,terryad01,Adonis Terry,SP,BR3,3514.3333333333335,3506.333333333333,13.0,197,196,6,1553,440,406,3.73897372664327,1.372379778051788,105.9240451640289,29.56,2.74226459837956,0.15641779247340395,-0.022499793897490707,0.020888395454381068,0.5351981632335813,0.03417698159350137,0.42945613118764747,1884,1897,False
290,bonhati01,Tiny Bonham,SP,NYA,1551.0,1551.0,10.0,103,72,9,478,231,193,3.0638297872340425,1.1528046421663443,126.63581392678897,24.21,2.7413870521671924,0.35349929750705256,0.5218114332134169,1.1580686199847867,-0.7243275388240987,0.5381584192368895,-0.29236891875056636,1940,1949,False
291,benesan01,Andy Benes,SP,SDN,2505.3333333333335,2505.3333333333335,14.0,155,139,1,2000,403,387,3.9731240021287917,1.3116019159127195,107.38228810880211,31.23,2.7328582305283,0.21816324352274874,0.15439402825585527,0.294685581884927,0.5501041825799463,0.16728567852892406,-0.37584631234220933,1989,2002,False
292,meekijo01,Jouett Meekin,SP,NY1,2605.333333333333,2592.3333333333335,9.0,152,133,2,901,324,308,4.065890481064484,1.494242579324463,104.15873299258982,25.630000000000003,2.7231434165594703,0.21009207277043612,0.06266145013981045,-0.0028007892707980204,0.8408933843746449,0.24566710799174787,-0.22185190920095538,1891,1900,False
293,cuetojo01,Johnny Cueto,SP,CIN,2034.3333333333333,2018.3333333333333,13.0,135,97,0,1710,330,329,3.4507619203670328,1.206291987547108,124.07214650350623,38.38,2.7229418073691027,0.2698208231909929,0.43626651348499085,0.42756072477454793,-0.06071963845532094,0.5159583318340514,-0.347014895742045,2008,2021,False
294,devliji01,Jim Devlin,SP,LS1,1181.0,1181.0,2.0,65,60,0,263,129,129,1.8899237933954276,1.0677392040643523,151.43838722250464,30.19,2.7219238128118715,0.46095238150920775,0.6457093127263445,0.5999583709904319,0.8170825016671381,0.1411810129093918,-0.42117242335292443,1876,1877,False
295,bushgu01,Guy Bush,SP,CHN,2722.0,2710.666666666667,14.0,176,136,34,850,542,308,3.855253490080823,1.399338721528288,107.45871296569898,22.0,2.707563523713522,0.19977104208412605,0.28622896528716435,0.21225621647620171,-0.28371881669699595,0.41018368901762003,0.49856772179159686,1923,1945,False
296,finlech01,Chuck Finley,SP,CAL,3197.3333333333335,3197.3333333333335,17.0,200,173,0,2610,524,467,3.8450792326939114,1.3764595496246872,118.36393418176145,58.32,2.6863161659907253,0.16803478936555832,0.2341892605503457,-0.09127907139021496,0.659720381723418,0.19533346673642296,-0.39518990765462403,1986,2002,False
297,kilroma01,Matt Kilroy,SP,BL2,2435.6666666666665,2337.333333333334,7.0,141,133,1,1170,303,292,3.4696866018886,1.3133981114000275,111.26037186287277,23.24,2.686206530459619,0.2298522416251813,0.198313360371026,0.2600736760284431,0.5559208023938919,0.14229386902648586,-0.2438745175876159,1886,1898,False
298,steined01,Ed Stein,SP,BRO,1656.0,1632.9999999999998,7.0,109,78,3,535,215,183,3.972826086956522,1.4619565217391304,103.6771048332088,18.05,2.682331015558252,0.32851573981117593,0.266213283059244,0.31996255230399556,0.24434951344928615,0.5694194033396399,0.19217997612580792,1890,1898,False
299,brancra01,Ralph Branca,SP,BRO,1484.0,1482.0,11.0,88,68,19,829,322,188,3.7904312668463613,1.3712938005390836,111.33066891351913,16.47,2.6619267271670934,0.3592343761359101,0.07393967346744972,0.18066034435536682,1.1434981884281674,0.37348039459017607,0.04575055344251531,1944,1956,False
300,greggve01,Vean Gregg,SP,CLE,1393.0,1393.0,8.0,92,63,12,720,239,161,2.7006460875807607,1.2864321608040201,125.46436560244511,24.45,2.6546440888461205,0.38114057269865337,0.33701126951625177,-0.013578167705718522,0.8740103697064506,0.5557918989122094,0.18917104723619058,1911,1925,False
301,plesada01,Dan Plesac,RP,ML4,1072.0,1002.3333333333333,16.0,65,71,158,1041,1064,14,3.6352611940298507,1.2863805970149254,124.96587903969039,17.06,2.631055366862882,0.5249861057923942,0.38423277684255547,0.3479930302977332,1.4430782347978859,-0.23898525201976165,0.8870648397257906,1986,2003,False
302,langsma01,Mark Langston,SP,CAL,2962.6666666666665,2962.6666666666665,16.0,179,158,0,2464,457,428,3.9673717371737176,1.3541854185418543,112.0121500528871,49.95,2.622030443370914,0.17700475540307697,-0.014242241663141109,-0.0664464047718463,0.9657244766230435,0.24267108579905264,-0.4261298218363454,1984,1999,False
303,doakbi01,Bill Doak,SP,SLN,2782.6666666666665,2771.666666666667,14.0,169,157,16,1014,453,368,2.9755630091039773,1.2674892189746048,112.38391665233482,29.080000000000002,2.6131678165092374,0.18856292121533888,0.3546899658505129,0.2541415732856458,0.05589632975563262,0.19170639996101452,-0.131655095120303,1912,1929,False
304,rhodear01,Arthur Rhodes,RP,BAL,1187.6666666666667,1044.6666666666667,16.0,87,70,33,1152,900,61,4.076901487510525,1.304238001683974,131.17807957111515,15.16,2.601340648305229,0.4980230979525007,0.2098479609391085,0.5134589435942547,1.353557165496796,0.2457005602851968,-0.23462846841370952,1991,2011,False
305,isrinja01,Jason Isringhausen,RP,SLN,1007.6666666666666,969.9999999999999,14.0,51,55,300,830,724,52,3.644062189877605,1.327820046311611,130.20369908648198,12.26,2.586335658280652,0.5332650841815777,0.635920303606375,0.34335268076068787,0.42426256853424854,-0.07750367415759782,1.7227366941435738,1995,2012,False
306,walkebi01,Bill Walker,SP,NY1,1489.6666666666667,1485.6666666666667,9.0,97,77,8,626,272,192,3.5887223092414406,1.4191094204520027,120.22474388485351,18.06,2.5808015444809094,0.3474267279983275,0.5910246255600652,0.16689879910737024,0.5205706474325704,0.41320139540353595,-0.28808536735752727,1927,1936,False
307,leonade01,Dennis Leonard,SP,KCA,2187.0,2163.0,10.0,144,106,1,1323,312,302,3.6954732510288064,1.2615454961133974,108.45641481859468,25.72,2.5613536228940785,0.23683343716080246,0.04500905398629778,0.40437394695865114,0.3168728204863013,0.5519634034243704,-0.49279557857569134,1974,1986,False
308,campbbi02,Bill Campbell,RP,MIN,1229.3333333333333,1219.3333333333333,14.0,83,68,126,864,700,9,3.5433839479392626,1.3291757049891542,114.59674817196945,12.39,2.5481823251372764,0.41796320259222686,0.2107733072209903,0.02862382347565546,0.8590596456984738,0.13928273658359422,1.6139940038236618,1973,1987,False
309,larocda01,Dave LaRoche,RP,CAL,1049.3333333333333,1048.3333333333333,13.0,65,58,126,819,647,15,3.525095298602287,1.3132147395171538,115.30321616029019,14.39,2.5383771287086607,0.48426908655809114,0.14280315036931474,0.030453861515209287,1.3359156507672534,0.16657418331454418,1.404568667706005,1970,1983,False
310,morrija02,Jack Morris,SP,DET,3824.0,3824.0,18.0,254,186,0,2478,549,527,3.8998430962343096,1.296286610878661,107.84323301624879,43.61,2.5118352697694073,0.131372137540241,-0.07245997689050922,0.2051421625272254,0.23389496639192506,0.48939393380204177,-0.466305104234526,1977,1994,True
311,wilsodo01,Don Wilson,SP,HOU,1748.3333333333333,1742.3333333333335,8.0,104,92,2,1283,266,245,3.1452812202097236,1.2120114394661583,111.52314445168793,27.54,2.50834272065687,0.28792914336983394,0.26326112726617945,0.3434889285805717,0.7239388679824363,0.209840518575303,-0.5051424790340173,1966,1974,False
312,brazlal01,Al Brazle,RP,SLN,1376.6666666666667,1376.6666666666667,10.0,97,64,60,554,441,117,3.3079903147699756,1.3648910411622275,125.66419275742207,21.42,2.50361831778731,0.36372178950905226,0.5428223466480258,0.19080097616279493,-0.19814632295529946,0.6223310958930865,0.9547900421878968,1943,1954,False
313,crowdal01,General Crowder,SP,WS1,2344.3333333333335,2344.3333333333335,11.0,167,115,22,799,402,292,4.115455708801365,1.387601308118868,107.98245026566947,28.99,2.4940385719457465,0.21277166830192637,0.040111939579337084,0.2371203588838,-0.07363325414091995,0.6326962495295201,0.31650994608422006,1926,1936,False
314,seymocy01,Cy Seymour,SP,NY1,1038.0,1035.0,5.0,61,56,1,591,141,124,3.7283236994219653,1.5539499036608864,107.28921483499387,10.08,2.4919039599437065,0.4815273352548225,0.11356904048103887,-0.6411608640459099,3.1265036135233117,0.09463680976216625,-0.09588018495010377,1896,1902,False
315,whitewi01,Will White,SP,CN2,3542.6666666666665,3471.666666666667,7.0,229,166,0,1041,403,402,2.2762514113662027,1.1110274745954083,126.74157573701677,39.54,2.4801478105526678,0.1428793745877677,0.5051360946628483,0.23668939840801234,-0.524991072296404,0.4946903193249861,-0.3651684808566391,1877,1886,False
316,weimeja01,Jake Weimer,SP,CHN,1472.6666666666667,1469.6666666666667,6.0,97,69,2,657,191,180,2.2306473517428698,1.167949298325034,126.17264392931746,25.89,2.4603993668855675,0.3348241370223044,0.5989727705867168,0.16195384180655664,0.2412584853424413,0.5815790864742968,-0.19975030439361607,1903,1909,False
317,sallesl01,Slim Sallee,SP,SLN,2821.6666666666665,2821.6666666666665,14.0,174,143,36,836,476,307,2.564441819255759,1.170230360307147,116.90536074999217,35.550000000000004,2.43616120712083,0.17267533659450657,0.3964591983991495,0.476747257206808,-1.0598532669001726,0.27956571088190435,1.1043123389667073,1908,1921,False
318,pascuca02,Camilo Pascual,SP,MIN,2930.6666666666665,2893.3333333333335,16.0,174,170,10,2167,529,404,3.6329617834394905,1.2870791628753413,110.60486403968613,37.49,2.434393748600519,0.16827606557146443,-0.014151874543979606,0.08096428963826154,0.9426608337396805,0.05282610468641138,-0.47524425887324456,1954,1971,False
319,higbeki01,Kirby Higbe,SP,BRO,1952.3333333333333,1902.6666666666667,9.0,118,101,24,971,418,238,3.6878948267030904,1.4044732798360937,105.21943404947773,19.49,2.404416781865228,0.25274177805170583,0.09521494882434524,-0.03966851934539607,0.7869986070041932,0.2889705865887376,0.2857220382290354,1937,1950,False
320,turlebo01,Bob Turley,SP,NYA,1712.6666666666667,1705.3333333333333,11.0,101,85,12,1265,310,237,3.6416893732970026,1.421175554690541,105.87457391868611,14.040000000000001,2.3991117139993006,0.2813657209537882,0.17719141645326011,-0.41867792213501226,1.437130018076293,0.4201908192820252,-0.29726820097437484,1951,1963,False
321,reuscri01,Rick Reuschel,SP,CHN,3548.3333333333335,3517.0,17.0,214,191,5,2015,557,529,3.3734147487083135,1.2746829497416627,117.33659035684077,68.08,2.3780320205794894,0.13523070916005056,0.3204845789382586,0.28650352797597833,-0.04087982580065586,0.18330401889466924,-0.4500115618731137,1972,1991,False
322,benoijo01,Joaquin Benoit,RP,TEX,1068.6666666666667,1063.6666666666667,15.0,58,49,53,1058,764,55,3.831877729257642,1.2351840299438552,156.2274320025748,17.97,2.3600158378915306,0.4437510193465742,0.2491580249148531,0.4656739560119923,0.965717326169682,0.19987860279708142,-0.019474629136479647,2001,2017,False
323,sheetbe01,Ben Sheets,SP,MIL,1596.6666666666667,1596.6666666666665,10.0,94,96,0,1325,250,250,3.776617954070981,1.2187891440501044,117.4161683279093,26.080000000000002,2.349231543139367,0.2942669991406305,0.3424425694129067,0.6560692400258081,0.43368067628005574,-0.03469806719686047,-0.35157475035687247,2001,2012,False
324,hernaor01,Orlando Hernandez,SP,NYA,1314.6666666666667,1314.6666666666667,9.0,90,65,2,1086,219,211,4.134888438133874,1.2626774847870181,112.5641704778801,23.11,2.3488790187129087,0.3573345363153513,0.17994613345511953,0.5967820516347111,0.4679311956173859,0.5195771558520765,-0.3434918025099893,1998,2007,False
325,mclaide01,Denny McLain,SP,DET,1886.0,1865.0,9.0,131,91,2,1282,280,264,3.3928950159066806,1.1633085896076352,110.18664782752762,20.51,2.344045184997377,0.2513721378013273,-0.010062005097794178,0.5374877716468713,0.17268486373149483,0.6989061946088907,-0.548025155040192,1963,1972,False
326,willist02,Stan Williams,RP,LAN,1764.3333333333333,1755.6666666666665,12.0,109,94,43,1305,482,208,3.4789344417154733,1.2894388815416589,113.51521457484483,23.78,2.3404323721874394,0.26661466172630793,0.1430441685463905,0.04529690704695748,0.8336390393551748,0.21673788110387263,0.09454008736161418,1958,1972,False
327,covelha01,Harry Coveleski,SP,DET,1248.0,1174.6666666666665,6.0,81,55,9,511,198,151,2.394230769230769,1.1586538461538463,122.05533191980402,17.41,2.3401845167136863,0.398442312720832,0.5123876282182659,0.4874813183790645,-0.23880276976471482,0.7127859327427389,0.5367844347589454,1907,1918,False
328,mortogu01,Guy Morton,SP,CLE,1629.6666666666667,1617.3333333333335,10.0,98,88,6,830,317,185,3.1313151973818774,1.2904479443649008,111.8583438082525,19.42,2.3110382251511843,0.28578378711679936,0.0180508615791878,-0.019043747096136737,1.4644615962683944,0.19384315257391913,-0.4562894127242616,1914,1924,False
329,walberu01,Rube Walberg,SP,PHA,2644.0,2637.0,14.0,155,141,32,1085,544,307,4.163010590015128,1.4470499243570347,109.47919662371122,38.92,2.2990696868795046,0.17437009380959462,-0.015131120046442601,-0.04364464654599668,0.5646679773762394,0.1403641282786508,0.4805761432672628,1923,1937,False
330,breitte01,Theodore Breitenstein,SP,SLN,2973.3333333333335,2929.666666666667,9.0,160,170,3,893,380,342,4.028811659192825,1.448878923766816,111.80504396297218,51.75,2.2981062216611043,0.15688516702658575,0.12565482306113696,0.2909514899390252,0.4294548851660016,-0.09005175969136658,-0.15147036318381782,1891,1901,False
331,lillyte01,Ted Lilly,SP,CHN,1982.6666666666667,1928.0000000000002,12.0,130,113,0,1681,356,331,4.144418291862811,1.2548755884330867,109.02376812865118,29.17,2.2931946374881536,0.23788326115022335,0.05379441090884062,0.4928386332937316,0.42859844972760874,0.2534799256331518,-0.35190674972571856,1999,2013,False
332,pizarju01,Juan Pizarro,SP,CHA,2034.3333333333333,1967.3333333333333,15.0,131,105,28,1522,488,245,3.4330657053907916,1.3247583155825005,109.82052589705307,16.2,2.2749713433678718,0.23127461979341296,0.16066657383231242,-0.20128838879573382,0.9058556292807872,0.437868377106258,-0.2731472774314082,1957,1974,False
333,smithfr03,Frank Smith,SP,CHA,2274.0,2251.333333333333,10.0,139,111,6,1051,354,255,2.5923482849604222,1.165787159190853,107.25388770449956,17.12,2.2736152575708957,0.20197944248482938,0.10827495106383872,0.2603747910347198,0.32279119530453876,0.35127940471233277,-0.2499711304318454,1904,1915,False
334,hugheja01,Jay Hughes,SP,BRO,1088.0,1088.0,4.0,83,40,0,363,134,128,3.0193014705882355,1.2674632352941178,115.44033124404326,14.129999999999999,2.2700289331613934,0.41728473036055025,0.40633421190561103,0.4069771799969363,0.309731902704057,1.0103853257462683,-0.500665633051517,1898,1902,False
335,reynosh01,Shane Reynolds,SP,HOU,1791.6666666666667,1753.3333333333333,10.0,114,96,0,1403,305,278,4.088930232558139,1.313860465116279,107.48187179711088,18.04,2.256586557778806,0.2574053107732478,0.2316689748391982,0.4346383249772504,0.32870423962581125,0.3114499678475019,-0.37202355675527027,1992,2004,False
336,downial01,Al Downing,SP,NYA,2268.3333333333335,2238.333333333333,14.0,123,107,3,1639,405,317,3.2177810433504774,1.2692138133725201,108.06152613929166,22.529999999999998,2.2558101255106413,0.2015615897701244,0.28566660841487523,0.06460034651707348,0.5398168378038065,0.26773495546325493,-0.5064124662073983,1961,1977,False
337,odellbi01,Billy O'Dell,RP,SFN,1817.0,1792.6666666666667,11.0,105,100,48,1133,479,199,3.29389102916896,1.239955971381398,,0.0,2.2355781034373714,0.24941369692495777,0.37944621092352593,0.3805919598919134,0.1491378573858157,0.05208506820684346,0.19159569102565996,1954,1967,False
338,kennebr01,Brickyard Kennedy,SP,BRO,3030.0,2991.3333333333335,11.0,187,159,9,799,406,354,3.9564356435643564,1.4801980198019802,103.75635675564907,32.41,2.2299518025344094,0.14909416999338598,0.11004769561330341,-0.004689858632421246,-0.04681515087069311,0.2917753401178591,0.7376267289873218,1892,1903,False
339,killefr01,Frank Killen,SP,PIT,2511.3333333333335,2511.3333333333335,10.0,164,131,0,725,321,300,3.777276347225909,1.4143881072471463,112.38214261950424,30.349999999999998,2.2284508337332785,0.17747152910007533,0.22757221272681613,0.3332699940566275,0.08948031231921721,0.38518873390930164,-0.5767283184148944,1891,1900,False
340,sherdbi01,Bill Sherdel,SP,SLN,2709.3333333333335,2701.9999999999995,14.0,165,146,26,839,514,272,3.7204724409448815,1.357898622047244,106.68553138312116,27.61,2.2184491974127245,0.16420793467155625,0.16154860468984614,0.25375094547128596,-0.09090117461216343,0.1831736019971964,0.41928561654266555,1918,1932,False
341,sandesc01,Scott Sanderson,SP,MON,2561.6666666666665,2489.0,16.0,163,143,5,1611,472,407,3.8400780741704623,1.255042290175667,104.1145209949703,29.36,2.2155732398336823,0.1780291876121882,0.04634406285758857,0.48142779287971466,0.17707724622949986,0.26252426183319466,-0.41834077934676517,1978,1996,False
342,fernaal01,Alex Fernandez,SP,CHA,1760.3333333333333,1760.3333333333333,10.0,107,87,0,1252,263,261,3.7373603484188602,1.2753266426813104,116.36947627332292,27.68,2.210743450594897,0.2511732759623061,0.3367658518085893,0.48088165680413886,0.12018913979208005,0.3052293651298437,-0.38322302175260803,1990,2000,False
343,brownma01,Mace Brown,RP,PIT,1075.3333333333333,1049.0,9.0,76,57,48,435,387,55,3.4649721016739,1.40700557966522,113.35184912082522,12.08,2.194853428912274,0.4184658587058673,0.49485139936914,0.10927183009363915,0.1020550768070846,0.41565331605578176,1.6389337276759912,1935,1946,False
344,nolaaa01,Aaron Nola,SP,PHI,1023.3333333333334,1023.3333333333334,7.0,67,49,0,1145,171,171,3.6762214983713353,1.1579804560260585,113.7873858753094,37.08,2.1940395873565546,0.4288025252162648,0.320743646943032,0.561520322672302,0.7040857044397655,0.49173911638848905,-0.3500634236235123,2015,2021,False
345,richepe01,Pete Richert,RP,WS2,1165.6666666666667,1063.0,10.0,80,73,51,925,429,122,3.188733199885616,1.1864455247354875,113.02625525839927,13.21,2.1825540263034306,0.4106404565011158,0.25394086804852906,0.5274569957161009,0.9689851304111933,0.1583762747646476,-0.10181290475209939,1962,1974,False
346,mamaual01,Al Mamaux,SP,PIT,1293.0,1231.0,8.0,76,67,10,625,254,140,2.8955916473317864,1.2753286929621037,111.74536934001517,14.76,2.139671951086136,0.34763151114315777,0.2681744944103472,0.03736498090281918,1.0581707910444413,0.26187875797216087,0.07236732511545652,1913,1924,False
347,pearsmo01,Monte Pearson,SP,NYA,1429.6666666666667,1397.3333333333333,8.0,100,61,4,703,224,191,3.997435299603637,1.4912567031942177,117.62457998981279,18.830000000000002,2.1391564602112556,0.3061769742668782,0.19575697506242015,-0.2041110004500086,0.898805149303172,0.8666124345005394,-0.44818036146967044,1932,1941,False
348,rignejo01,Johnny Rigney,SP,CHA,1186.3333333333333,1186.3333333333335,8.0,63,64,5,605,197,132,3.588367518966002,1.3073897162124193,125.064108765581,21.009999999999998,2.130203493538374,0.35912393821945043,0.3093804767062465,0.5482923566717434,0.9023793815797928,-0.052418682592856085,-0.25286409922434466,1937,1947,False
349,drabedo01,Doug Drabek,SP,PIT,2535.0,2535.0000000000005,13.0,155,134,0,1594,398,387,3.7349112426035505,1.2433925049309664,107.29170409955879,27.57,2.123244717989887,0.16751437617277215,0.24309452221503391,0.5476824403386499,-0.19135815888519145,0.24690200479244143,-0.41288633647098777,1986,1998,False
350,camniho01,Howie Camnitz,SP,PIT,2085.3333333333335,2056.3333333333335,9.0,133,106,15,915,326,236,2.749200767263427,1.2026854219948848,114.22166728702166,19.23,2.1023393274452067,0.20447456580760642,0.07937539154913309,0.2087011063155861,0.05028208847551541,0.3267997517740858,0.5703907329150634,1904,1915,False
351,reedro01,Ron Reed,RP,ATL,2477.3333333333335,2447.6666666666665,17.0,146,140,103,1481,751,236,3.4621905274488696,1.213805166846071,110.88806675008875,24.8,2.1000970474265843,0.17159992216477604,0.06721631373510191,0.5064799834797272,0.027457353394425083,0.026733227603901028,0.1733773166140354,1966,1984,False
352,dierkla01,Larry Dierker,SP,HOU,2333.6666666666665,2258.3333333333335,11.0,139,123,1,1493,356,329,3.3050992715326384,1.2173975146407656,106.72371417439857,34.3,2.099990565313706,0.1859770242344242,0.17578818519842418,0.39445345801814363,0.2057317648692842,0.2773426946575048,-0.5319827847507559,1964,1977,False
353,labincl01,Clem Labine,RP,BRO,1079.6666666666667,1073.6666666666667,11.0,77,56,96,551,513,38,3.6261191725841306,1.332818771225687,120.48492252483014,14.25,2.0965914651636632,0.39054792893455387,0.22880138808388722,0.11446932112676077,-0.0018718914680361824,0.5740441554509444,1.9029579883531011,1950,1962,False
354,smilejo01,John Smiley,SP,PIT,1907.6666666666667,1896.0,11.0,126,103,4,1284,361,280,3.802551109557924,1.2255809889917875,106.14063388136405,19.84,2.077103904973801,0.21910378744449371,0.1317375278435078,0.6055200881555676,0.027379911711784326,0.3389465663875237,-0.38475912175136723,1986,1997,False
355,rudoldi01,Dick Rudolph,SP,BSN,2049.0,1998.3333333333333,8.0,121,108,8,786,279,241,2.657393850658858,1.158125915080527,108.85071353390275,21.29,2.076764767248668,0.20784968479552976,0.2626810885055853,0.5491871828734527,-0.15115119325186324,0.28231017165803446,-0.2134917873046404,1910,1927,False
356,neaglde01,Denny Neagle,SP,PIT,1890.3333333333333,1835.0,11.0,124,92,3,1415,392,286,4.242108975489332,1.3124669370481397,110.68860572481755,22.52,2.058900558158337,0.2244033305894646,0.08211269670644161,0.40412875172913126,0.1808178169938115,0.5119457712161612,-0.3570974916142324,1991,2003,False
357,hillri01,Rich Hill,SP,LAN,1134.6666666666665,948.0,8.0,74,52,0,1185,324,195,3.799353701527615,1.2206227967097534,119.20774065354348,16.939999999999998,2.0410106197436506,0.430592957751825,0.30216104107713965,0.573054931673066,0.7278628880001603,0.5163652084160958,-0.37056654718977783,2005,2021,False
358,harnipe01,Pete Harnisch,SP,HOU,1959.0,1870.9999999999998,11.0,111,103,0,1368,321,318,3.886676875957121,1.2955589586523737,107.57623627670391,19.03,2.0380041654025387,0.2178518616143815,0.30166451973310954,0.4755337953570796,0.14488411463903234,0.16903148768426973,-0.3923083762282625,1988,2001,False
359,perraro01,Ron Perranoski,RP,LAN,1174.6666666666667,1128.3333333333333,11.0,79,74,179,687,737,1,2.788876276958002,1.3322928490351873,134.95772924163973,18.87,2.0278543257024912,0.35944242109940755,0.8587924033582142,-0.24677999734069284,-0.3172852202083004,0.04478958101103943,2.6093844743447927,1961,1973,False
360,lewiste01,Ted Lewis,SP,BSN,1405.0,1404.9999999999998,6.0,94,64,4,378,183,153,3.5295373665480425,1.3451957295373667,114.35086461557935,19.17,2.0201584811487416,0.28756704357989216,0.1632232319407991,0.3352286622468788,-0.14847168729683194,0.572035571675081,0.7824129315732279,1896,1901,False
361,hootobu01,Burt Hooton,SP,LAN,2652.0,2630.6666666666665,14.0,151,136,7,1491,480,377,3.3800904977375565,1.2428355957767723,113.20915638917428,36.42,2.0118262822222475,0.15295182074674968,0.2782274502005471,0.4293959904164719,-0.019942020476471284,0.12642634353530027,-0.45250904019270893,1971,1985,False
362,farretu01,Turk Farrell,RP,HOU,1705.0,1700.6666666666665,13.0,106,111,83,1177,590,134,3.4469208211143694,1.2293255131964809,109.20729822532851,27.78,2.0081489988791867,0.23616021154988479,0.1453508399327413,0.3217525926980438,0.4361359599358055,-0.10745362836922624,0.5364788707887262,1956,1969,False
363,forstte01,Terry Forster,RP,CHA,1105.6666666666667,983.3333333333334,11.0,54,65,127,791,614,39,3.2315345191438043,1.348507687669581,124.4398395776639,18.57,1.9721778509725887,0.40112091884188245,0.3936393023245078,-0.019640509001981513,1.0011878728090684,-0.30899830611036727,1.6918330717151053,1971,1986,False
364,tanakma01,Masahiro Tanaka,SP,NYA,1054.3333333333333,1054.3333333333335,7.0,78,46,0,991,174,173,3.738855516914322,1.1296237748972495,116.69734033539615,17.41,1.95463232117215,0.37078071220464415,0.20316479363422812,0.7214736413127161,0.0705063304657874,0.8019152916634467,-0.34948676686417757,2014,2020,False
365,smithbr01,Bryn Smith,SP,MON,1791.3333333333333,1727.3333333333333,10.0,108,94,6,1028,365,255,3.5269817640491254,1.2041310011164867,108.0809706712121,16.48,1.9330169464095817,0.22381516168385746,0.3464683399565091,0.7340022245102568,-0.23607965230583836,0.20763071967429636,-0.40612692906525655,1981,1993,False
366,garvine01,Ned Garvin,SP,BRO,1400.6666666666667,1387.6666666666667,6.0,58,97,3,612,181,158,2.7179914326511185,1.2372679676344598,130.9727924358609,18.51,1.9254236428904605,0.27750520916028737,0.6138356345401516,0.4014350281886565,0.8683292480305065,-0.8785305283156141,0.25727799535106866,1896,1904,False
367,polleho01,Howie Pollet,SP,SLN,2107.3333333333335,2107.3333333333335,14.0,131,116,20,934,403,278,3.506327111673521,1.348149319835495,124.19815443425755,33.84,1.9247208865975582,0.18266885984791761,0.2808114166801832,0.1840349475859077,0.10182884869603019,0.22945830384536275,0.0019983827311621464,1941,1956,False
368,ferrewe01,Wes Ferrell,SP,CLE,2623.0,2568.666666666667,10.0,193,128,13,985,374,323,4.03850552802135,1.4811284788410217,121.29342920380293,48.84,1.901430338744158,0.14804804090922583,0.1945244466777683,-0.15432859274922237,0.05971877793088983,0.6841242910514905,-0.10769536369386701,1927,1941,False
369,deleojo01,Jose DeLeon,SP,SLN,1897.3333333333333,1897.3333333333333,13.0,86,119,6,1594,415,264,3.7615952213633173,1.2633520730850316,107.1108885971725,17.45,1.8955004476352513,0.19980679349633712,0.06353227482743709,0.35423619280504065,1.1393035117308388,-0.48150056431483873,-0.3896495553102698,1983,1995,False
370,wickmbo01,Bob Wickman,RP,NYA,1059.0,995.0,13.0,63,61,267,785,835,28,3.5694050991501416,1.400377714825307,138.52516176579903,16.88,1.8729809043017795,0.37647857372900095,0.6119240790778854,-0.08610323618317708,0.0711581325639172,0.3933031868400079,1.3943268587621624,1992,2007,False
371,hutchfr01,Fred Hutchinson,SP,DET,1464.0,1417.0,8.0,95,71,7,591,242,169,3.7254098360655736,1.2807377049180328,115.94321055760558,20.7,1.8712012437502406,0.26410744442487516,0.19640930781696217,0.7086169648442894,-0.12936936929354045,0.43326133848440795,-0.22927517578611273,1939,1953,False
372,schupfe01,Ferdie Schupp,SP,NY1,1054.0,991.6666666666666,7.0,61,39,6,553,216,120,3.321631878557875,1.3301707779886147,119.50752034057682,5.61,1.869971113318614,0.3771370312575357,-0.023196786003627266,-0.11553839862728016,1.6432446527749651,0.7460443707919308,-0.5190379923256745,1913,1922,False
373,mcdowja01,Jack McDowell,SP,CHA,1889.0,1842.0,10.0,127,87,0,1311,277,275,3.8544203282159875,1.3022763366860772,114.11139697239153,27.84,1.8675632456008415,0.20277559669933132,0.1493758280039817,0.23078634008692978,0.1629416185801096,0.5731074533976251,-0.3947475971894353,1987,1999,False
374,rushbo01,Bob Rush,SP,CHN,2410.6666666666665,2381.333333333334,12.0,127,152,8,1244,417,321,3.6475387168141595,1.2925884955752214,111.97425683371974,36.47,1.8666730795999993,0.15677545461366169,0.24839495504179004,0.4954305083907568,0.3229564756987202,-0.26314404652092066,-0.41143397080034916,1948,1960,False
375,guzmaju01,Juan Guzman,SP,TOR,1483.3333333333333,1481.6666666666667,9.0,91,79,0,1243,240,240,4.077303370786517,1.3665168539325843,121.1857799603952,24.490000000000002,1.862259829550516,0.25137365528240935,0.1393116091146426,0.07449061003709054,0.7674345153761195,0.4116753472317948,-0.3789887202710686,1991,2000,False
376,timlimi01,Mike Timlin,RP,BOS,1204.3333333333333,1204.333333333333,18.0,75,73,141,872,1058,4,3.6318848602269584,1.2828674231940216,132.73284231008577,19.1,1.8505875251615924,0.30732148217463484,0.48715732145765234,0.3986968458076764,0.07478402425028428,0.10304714550629304,0.4875479234913463,1991,2008,False
377,montejo01,John Montefusco,SP,SFN,1652.3333333333333,1593.6666666666665,10.0,90,83,5,1081,298,244,3.5404478515230986,1.2812184789187009,106.36062783459734,21.54,1.8421307238618192,0.23118143365762217,0.22785031294563363,0.3329549947650051,0.6354054443061425,0.04919333129768045,-0.4593964839080224,1974,1986,False
378,lyonste01,Ted Lyons,SP,CHA,4161.0,4138.333333333334,20.0,260,230,23,1073,594,484,3.668348954578226,1.3482335976928623,122.42730025009133,66.77,1.8258572660105112,0.08824118885270292,0.42243075330830154,0.44780886059421265,-0.8186975268328782,0.17785473214865313,-0.011501556860806263,1923,1946,True
379,lucasre01,Red Lucas,SP,CIN,2542.0,2536.666666666667,14.0,157,135,7,602,396,301,3.7210857592446893,1.2553107789142408,109.40524468603412,32.69,1.8257174099268347,0.14394618212300925,0.38876652006579765,0.9665193712174435,-0.9332217299053678,0.2271935686103927,-0.5366965843880601,1923,1938,False
380,carraca01,Carlos Carrasco,SP,CLE,1296.0,1273.6666666666667,11.0,89,78,2,1355,254,207,3.861111111111111,1.2060185185185186,109.39345984159958,18.259999999999998,1.8224251232461515,0.28616987017735956,0.11711231297177231,0.42024428202700104,0.6619559127167846,0.2525568066508432,-0.32543322071982483,2009,2021,False
381,hawlepi01,Pink Hawley,SP,PIT,3012.6666666666665,3012.666666666667,10.0,167,179,3,868,393,344,3.9612746182783805,1.4299623810577562,108.62796504546438,38.81,1.8166845118609976,0.12060308775355151,0.12715597818593946,0.2728897809793149,0.3216716400584579,-0.16555308234563437,-0.1063206358032681,1892,1901,False
382,collira01,Ray Collins,SP,BOS,1336.0,1336.0,7.0,84,62,4,511,199,151,2.5127245508982035,1.1339820359281436,121.23377275509496,24.55,1.8073460984551324,0.270560793181906,0.5028245101822864,0.7713966972189608,-0.4872347481224897,0.4593727768713882,-0.4242211441818549,1909,1915,False
383,tayloja01,Jack Taylor,SP,PHI,2091.0,2057.0,7.0,120,117,9,529,271,235,4.222381635581062,1.462936394069823,104.8381902019441,21.98,1.8004255022220377,0.17505352476636243,0.0033583636641675964,0.22666908415864223,-0.028306622633356288,0.024247817656911842,1.1835842380594888,1891,1899,False
384,mcnalda01,Dave McNally,SP,BAL,2730.0,2721.0000000000005,13.0,184,119,2,1512,424,396,3.2373626373626374,1.2139194139194138,109.25470912607636,24.79,1.781547536535088,0.13094799974532068,0.20805917797467452,0.3152830396544441,-0.4721361542184796,0.7340565714517837,-0.5227163810861982,1962,1975,False
385,hoffebi01,Bill Hoffer,SP,BLN,1254.3333333333333,1254.3333333333333,6.0,92,46,3,314,161,142,3.752591017804943,1.4238639383470637,117.92073957736396,19.080000000000002,1.7526989535786759,0.2794630274108972,0.29802523365960343,0.2687808084457043,-0.14134735652681268,0.9597890966832363,-0.25926831146714635,1895,1901,False
386,violafr01,Frank Viola,SP,MIN,2836.3333333333335,2760.6666666666665,12.0,176,150,0,1844,421,420,3.7284052180044656,1.3013280056410859,118.56299460086042,47.13,1.74962521360936,0.12675381890432458,0.1388622569077005,0.21539222978252093,0.16234599299833985,0.2565198789107841,-0.4558297715005553,1982,1996,False
387,burneaj01,A. J. Burnett,SP,FLO,2731.3333333333335,2708.3333333333335,16.0,164,157,0,2513,435,430,3.9870637051501094,1.3249938979741274,,0.0,1.7433139590149398,0.12873703081956478,0.037641617438922845,0.0035669942786222164,0.6769209432025112,0.09227471843502348,-0.35404254437328464,1999,2015,False
388,lynnla01,Lance Lynn,SP,SLN,1583.6666666666667,1549.0,9.0,115,77,1,1591,288,264,3.4836876447063774,1.2685750368343507,116.16615147367088,30.7,1.7356450377837231,0.22409877828066144,0.3392207162221141,-0.06760622442467805,0.38722135190283047,0.5537797259813408,-0.3486134486618014,2011,2021,False
389,ewingbo01,Bob Ewing,SP,CIN,2301.0,2275.666666666667,9.0,124,118,4,998,291,264,2.4915254237288136,1.1781833985223815,119.42686170319713,29.69,1.7228458092331742,0.15141460166103768,0.27907305086051204,0.19120840695384989,0.16575194443830601,0.09918804061595253,-0.19143759803404523,1902,1912,False
390,donohpe01,Pete Donohue,SP,CIN,2112.3333333333335,2083.0,10.0,134,118,12,571,344,270,3.8729682815212243,1.354426384724633,106.97459118208586,16.45,1.7203963845126935,0.16518448243040745,0.2508901194483269,0.5358399938940386,-0.4217657804064254,0.28539788233234714,-0.042244662903683096,1921,1932,False
391,lackejo01,John Lackey,SP,LAA,2840.3333333333335,2840.3333333333335,15.0,188,147,0,2294,448,446,3.9196103743692055,1.2945663654500645,113.84789138103407,38.0,1.6811119623606379,0.11837427266944993,0.0957056721433656,0.12411931251675791,0.07966948843342875,0.41418838664423274,-0.35353548511113286,2002,2017,False
392,bushjo01,Bullet Joe Bush,SP,PHA,3087.3333333333335,3016.333333333333,13.0,195,183,20,1319,489,366,3.512740228892248,1.3782120492334269,103.82251513091659,31.04,1.674056656288101,0.11099944676459943,-0.06559772871948039,-0.23452416062834275,0.7519500375284641,0.1396090075346189,0.0771811008893865,1912,1928,False
393,lundgca01,Carl Lundgren,SP,CHN,1322.0,1317.6666666666667,7.0,91,55,6,535,179,149,2.4167927382753405,1.214069591527988,125.53080418534492,13.3,1.6711149545780728,0.25364760251627705,0.3124838343720208,-0.08846217130421072,0.0032323001759404306,0.7987378636481848,0.37248153984499516,1902,1909,False
394,bentoru01,Rube Benton,SP,CIN,2517.3333333333335,2455.333333333333,13.0,150,144,21,950,437,305,3.0854078389830506,1.2648305084745761,102.96140503588657,18.1,1.667497479674113,0.1358265663595531,0.12745479179652852,0.24965949784535663,-0.11788105390645505,0.09682929033002688,0.45758346664367383,1910,1925,False
395,bauertr01,Trevor Bauer,SP,CLE,1297.6666666666667,1264.3333333333335,8.0,83,69,1,1416,222,212,3.793732340097611,1.2430002568713074,130.13059395744241,21.46,1.6631100356966915,0.26308094421777345,0.17557340222882903,0.18252735392652703,0.7146819315899157,0.2791382350533074,-0.3313675733501812,2012,2021,False
396,rhinebi01,Billy Rhines,SP,CIN,1891.0,1860.0000000000002,8.0,113,103,1,553,248,222,3.479111581173982,1.3416181914331042,126.82912367010287,28.39,1.6494443405157826,0.17735960650707336,0.3822370423541752,0.5605609050029052,-0.284975534944622,0.1429354344240587,-0.2993186022808405,1890,1899,False
397,sweench01,Charlie Sweeney,SP,SL5,1030.6666666666665,1006.6666666666666,4.0,64,52,1,505,129,123,2.872897800776197,1.0672703751617079,123.5622093213987,7.98,1.6475001066987616,0.3273179019931314,0.23934768559195604,0.6084769838085907,-0.09429260054809396,0.2766152188611052,0.7889721098039236,1883,1887,False
398,sewared01,Ed Seward,SP,PH4,1485.6666666666667,1463.3333333333333,4.0,89,72,0,589,176,169,3.398474310074041,1.225039264078977,113.88525021899689,20.91,1.643001794250251,0.2245560538838612,0.15907377536952097,0.49337102595790255,0.08764091971181666,0.394257362552246,-0.34934802900807255,1885,1891,False
399,falkecy01,Cy Falkenberg,SP,CLE,2275.0,2274.9999999999995,12.0,130,123,8,1164,330,266,2.6821978021978023,1.221978021978022,111.98978989338835,22.77,1.6393016265021052,0.14411442870348182,0.020934808462902618,-0.049719960217961656,0.7279469697755274,0.04439306791176397,-0.03157290895211729,1903,1917,False
400,ruethdu01,Dutch Ruether,SP,BRO,2124.6666666666665,2114.6666666666665,10.0,137,95,8,708,309,272,3.498901788515846,1.4039849388139316,109.76169369391444,23.42,1.6390520145063125,0.15501752974523764,0.2599206627365847,-0.12222950282756023,0.10488564037528371,0.6224521563489207,-0.24872819576859373,1917,1927,False
401,parkch01,Chan Ho Park,SP,LAN,1993.0,1951.3333333333333,13.0,124,98,2,1715,476,287,4.357752132463623,1.395885599598595,101.71566304567013,18.07,1.635342262427311,0.1676128044852044,0.024828721472225188,-0.016072153214185453,0.6216732886836158,0.38326504888973506,-0.35564005093975726,1994,2010,False
402,martide01,Dennis Martinez,SP,BAL,3999.6666666666665,3971.9999999999995,22.0,245,193,8,2149,692,562,3.6970580881740145,1.2656054671222603,111.5596226511292,49.26,1.6301728540047293,0.08208322527717672,0.14230940932557049,0.3752358239922621,-0.43133119822484484,0.39927811427542675,-0.4089246626239786,1976,1998,False
403,niggejo01,Johnny Niggeling,SP,SLA,1250.6666666666667,1248.6666666666667,8.0,64,69,0,620,184,161,3.216684434968017,1.3009061833688698,125.77635128532408,19.75,1.6250157307232884,0.26028014907473923,0.3707839653024181,0.31278979304079857,0.9572117296503944,-0.16458419355426598,-0.6574542217571061,1938,1946,False
404,parneme01,Mel Parnell,SP,BOS,1752.6666666666665,1752.6666666666665,10.0,123,75,10,732,289,232,3.5020920502092054,1.4109927729174592,130.4096246693945,27.37,1.6191414736563816,0.1847631959288377,0.45331150397644665,-0.05857095410288156,-0.193305694887781,0.7158068950911176,-0.18422181580220898,1947,1956,False
405,hendrky01,Kyle Hendricks,SP,CHN,1228.3333333333333,1228.3333333333333,8.0,83,55,0,1013,207,206,3.3630936227951156,1.1405698778833109,119.39400454433901,23.5,1.6091720901217246,0.26200902417178695,0.5090566640201367,0.6193707899988694,-0.5047516145474149,0.5678177497977897,-0.34819012012411094,2014,2021,False
406,bolinbo01,Bobby Bolin,RP,SFN,1576.0,1545.3333333333333,12.0,88,75,50,1175,495,164,3.4035532994923856,1.244289340101523,109.99537698884417,16.759999999999998,1.5918268811678364,0.20601728401654482,0.04286131970562602,0.0882593405946086,0.6167769486872833,0.28006729652878704,-0.10298974063908649,1961,1973,False
407,hevinjo02,Joe Heving,RP,CLE,1038.6666666666667,1033.3333333333335,12.0,76,48,63,429,430,40,3.899229781771502,1.459563543003851,120.52166104468323,9.57,1.586559424680311,0.3070760176800601,0.06812043756469673,-0.2684168113371215,0.2524524042565647,0.6213841734181897,1.71722882258789,1930,1945,False
408,gonzagi01,Gio Gonzalez,SP,WAS,1933.0,1867.3333333333333,11.0,131,101,0,1860,344,328,3.701500258665287,1.3238489394723227,116.3682603037601,29.77,1.5766617856487737,0.16886773855574155,0.2519004804850259,-0.13347191047061696,0.4454715862972637,0.43036555759503986,-0.3590683272632139,2008,2020,False
409,mooreea01,Earl Moore,SP,CLE,2776.0,2720.3333333333335,12.0,163,154,6,1403,388,326,2.7752161383285303,1.2903458213256485,115.3849749345562,31.19,1.5735380331600701,0.11568714862100751,0.1351906764961429,-0.23235220041572574,0.7415951279262133,0.08344982741201047,-0.25031461466741506,1901,1914,False
410,gumbeha01,Harry Gumbert,RP,NY1,2156.0,2130.666666666667,13.0,143,113,48,709,508,235,3.6818181818181817,1.348330241187384,104.87511427989624,17.49,1.5718485703191105,0.1475452350111806,0.20927954689386902,0.31980243666161046,-0.5743651628149633,0.4484809589594311,0.40451579893417167,1935,1950,False
411,perezpa01,Pascual Perez,SP,ATL,1244.3333333333333,1218.3333333333333,9.0,67,68,0,822,207,193,3.4355746048754354,1.2143048486472008,118.23510457782054,19.07,1.5583677575724613,0.25581960452625907,0.28682303665317854,0.5936011170103574,0.2955771523380764,0.12039966989549378,-0.47481798336338993,1980,1991,False
412,podrejo01,Johnny Podres,SP,LAN,2265.0,2262.3333333333335,14.0,148,116,11,1435,440,340,3.6754966887417218,1.3165562913907285,107.11379348594306,28.23,1.5578518058654647,0.13772080205087356,0.07059846428502004,0.030130129770737587,0.4264845182141079,0.36010963909320864,-0.43596566114176194,1953,1969,False
413,hurstbr01,Bruce Hurst,SP,BOS,2417.3333333333335,2312.666666666667,11.0,145,113,0,1689,379,359,3.916712630998345,1.3250137892995035,108.51913985417976,34.53,1.5574653474969269,0.13468999834219605,0.004322606625320178,0.06613778600232015,0.44766766970493305,0.36930668988305193,-0.4631997173231106,1980,1994,False
414,harshja01,Jack Harshman,SP,CHA,1169.3333333333333,1163.0,7.0,69,65,7,741,217,155,3.5019954389965795,1.3375142531356898,115.99545477198589,11.33,1.5513572601076717,0.26678542736159444,0.35182521827403307,0.10212296051539871,0.7915804721798563,0.12874441460661207,-0.3076659469305714,1952,1960,False
415,robindo01,Don Robinson,RP,PIT,1958.3333333333333,1883.6666666666667,13.0,109,106,57,1251,524,229,3.786893617021277,1.2954893617021277,100.48867753975452,12.92,1.5471244109445195,0.16426732375981448,0.03734089558102612,0.2805852994473476,0.2924521789789329,0.1491760659437517,-0.03539873981815852,1978,1992,False
416,branded01,Ed Brandt,SP,BSN,2268.3333333333335,2268.3333333333335,11.0,121,146,17,877,378,278,3.8645113886847904,1.375459221160911,104.46170894762912,27.5,1.5355742927091414,0.13539229619772,0.2317930055085654,0.3230228326116373,0.1795170345285419,-0.25116608543907376,0.11018146849775698,1928,1938,False
417,hallabi01,Bill Hallahan,SP,SLN,1740.3333333333333,1725.0,11.0,102,94,8,856,324,224,4.028538594139054,1.503734916682628,105.34003730473935,15.879999999999999,1.5266862433362756,0.17700710067666958,0.15864192725094256,-0.3053645201349237,1.0666319951201364,0.1295450418008988,-0.25547658486542235,1925,1938,False
418,worthal01,Al Worthington,RP,MIN,1246.6666666666665,1211.6666666666667,12.0,75,82,110,834,602,69,3.385828877005348,1.3291443850267382,121.07818399866964,17.19,1.5235389763997518,0.25147823544425063,0.26760699586608194,-0.08210459707902344,0.5618852710250885,-0.04592248011711929,1.0191007756589208,1953,1969,False
419,willile01,Lefty Williams,SP,CHA,1186.0,1156.0,5.0,82,48,5,515,189,152,3.1340640809443507,1.2377740303541316,100.68701669250252,12.94,1.520862021983457,0.26312491729817594,-0.2630557771289921,0.0689450349375339,0.7543480391489054,0.9607468434487685,-0.31366373673494335,1913,1920,False
420,mcquige01,George McQuillan,SP,PHI,1576.3333333333333,1553.3333333333335,9.0,85,89,14,590,273,173,2.3808416155635443,1.131105942059632,128.77151628639976,19.93,1.520340165143325,0.19575195259356118,0.4289118084478678,0.5076475096121251,-0.43901543569418394,-0.09296983674131533,0.5616294399311308,1907,1918,False
421,escobke01,Kelvim Escobar,RP,TOR,1507.0,1471.0,10.0,101,91,59,1310,411,202,4.150630391506304,1.3749170537491706,115.44274875128262,24.63,1.5197096111431712,0.2066226527726949,0.1490216890527058,0.056637800111625905,0.6450304110003584,0.16727824695182616,-0.07253951108824938,1997,2009,False
422,swindgr01,Greg Swindell,RP,CLE,2233.3333333333335,2200.3333333333335,16.0,123,122,7,1542,664,269,3.856567164179104,1.26,112.19691317416134,30.18,1.5137597226483757,0.13759367271459255,0.12503034921046613,0.449840045243979,0.12654844522483166,0.00562484575447924,-0.3826802008404724,1986,2002,False
423,carrocl02,Clay Carroll,RP,CIN,1353.3333333333333,1294.3333333333333,12.0,96,73,143,681,731,28,2.939408866995074,1.2842364532019706,131.05199208565622,18.330000000000002,1.502479236012657,0.2321626427008999,0.5743398870821066,-0.03705977889769166,-0.7380940218181,0.4227870054301116,1.6090401893239383,1964,1978,False
424,daussho01,Hooks Dauss,SP,DET,3390.6666666666665,3373.666666666667,14.0,222,182,40,1201,538,388,3.304659850570193,1.319504522217853,103.6493557295413,36.71,1.5011511876710306,0.08899226485551016,-0.053276728592899586,-0.05518918170455604,-0.08489989862885325,0.3181639549642066,0.6945593116280342,1912,1926,False
425,woodwi01,Wilbur Wood,RP,CHA,2684.0,2640.3333333333335,14.0,164,156,57,1411,651,297,3.2358420268256336,1.2317436661698957,123.80738762145296,52.15,1.4958181723234083,0.11330525229062553,0.3230544228860011,0.38953614562540134,-0.4532891086343969,0.1281545131998439,0.0005217957353571218,1961,1978,False
426,bentoal01,Al Benton,RP,DET,1688.3333333333333,1650.6666666666667,13.0,98,88,66,697,455,167,3.6568608094768016,1.424481737413623,127.3069869871767,24.75,1.4909405361668169,0.18064707627223145,0.1996944317061386,-0.0966646352740706,0.12884105698403175,0.1372771488684314,1.0766157310375772,1934,1952,False
427,houghch01,Charlie Hough,SP,TEX,3801.3333333333335,3777.3333333333335,22.0,216,216,61,2362,858,440,3.745527884952648,1.3016485443703962,108.8856473010383,39.03,1.473154657372223,0.07799971712172024,0.0706775662628609,0.17860834378393206,0.10743458336537542,0.043046193480299054,-0.14417915759112887,1970,1994,False
428,berenju01,Juan Berenguer,RP,DET,1205.3333333333333,1145.6666666666667,11.0,67,62,32,975,490,95,3.8976769911504427,1.3589601769911506,110.69863478918317,10.07,1.458772410665641,0.2546591348267049,-0.06700739968362006,-0.10565247643107388,1.0770594430064555,0.4203543100710572,-0.18349346248878828,1978,1992,False
429,leeth01,Thornton Lee,SP,CHA,2331.3333333333335,2281.333333333333,14.0,117,124,10,937,374,272,3.5554761223906204,1.3575922219044896,123.93313249547111,34.98,1.4447726527941416,0.12666037283408613,0.3733828257852355,0.29146743674234027,0.09521827714912919,-0.10369176267459765,-0.33180761312920054,1933,1948,False
430,leebi02,Bill Lee,SP,CHN,2864.0,2840.0,13.0,169,157,13,998,462,378,3.5415502793296088,1.342877094972067,109.44520236458415,32.53,1.4421620121580416,0.1015607050815522,0.31149676257952263,0.336289043503581,-0.3522865808188453,0.16984350458234931,-0.23897131191924548,1934,1947,False
431,burnsbr01,Britt Burns,SP,CHA,1094.3333333333333,1081.6666666666665,6.0,70,60,3,734,193,161,3.659762412427658,1.2857142857142858,116.67599971817002,17.82,1.4418455335691922,0.2665970169927628,0.1547695258611439,0.29290564449356116,0.6522878772315923,0.3500815353712642,-0.4579565811648481,1978,1985,False
432,coombja01,Jack Coombs,SP,PHA,2320.0,2301.0,11.0,158,110,8,1052,354,270,2.7814655172413794,1.2392241379310345,108.82129026437026,23.3,1.4351004560423284,0.12473711047738618,-0.027922621223829346,-0.07519979241081236,0.23261133651206456,0.5776598811504343,-0.11536529646453125,1906,1920,False
433,garcifr02,Freddy Garcia,SP,SEA,2264.0,2249.0000000000005,14.0,156,108,0,1621,376,357,4.154151943462898,1.3034452296819787,,0.0,1.4217551166730464,0.12643442567123572,0.037698470999898204,0.2523168819267621,-0.13231662099250452,0.5809728244324239,-0.3580065324841321,1999,2013,False
434,cainma01,Matt Cain,SP,SFN,2085.6666666666665,2085.6666666666665,13.0,104,118,0,1694,342,331,3.6808374620425126,1.2279047466837143,113.61789379602092,29.23,1.3926613367604084,0.13354591690206896,0.2959315075657955,0.4560941634293571,0.053198554255441684,-0.1708568167064929,-0.35316439659198534,2005,2017,False
435,benzjo01,Joe Benz,SP,CHA,1359.6666666666665,1357.6666666666665,8.0,76,75,3,539,251,163,2.429271880362834,1.1466045599411623,120.75887390653624,18.91,1.3904631983065474,0.2048313083682614,0.5547440900135575,0.6328022496165989,-0.2896089078675831,0.06192897792833186,-0.4651929055142748,1911,1919,False
436,rayro02,Robbie Ray,SP,ARI,1035.6666666666667,1007.0,7.0,62,58,0,1290,193,189,3.997425168973286,1.3208883167042162,115.61028777040111,23.22,1.3807907534917772,0.2742384813290521,0.10870250606353599,-0.17260247380984206,1.37768340935408,0.2885607026632864,-0.3557022742426666,2014,2021,False
437,callani01,Jimmy Callahan,SP,CHN,1603.0,1541.333333333333,6.0,99,73,2,445,195,177,3.3855271366188395,1.363069245165315,114.57623027500831,15.52,1.3766010141877452,0.17862469907280432,0.35704411101725886,0.259997877363675,-0.1275523273270572,0.4861546922506853,-0.47356271007154765,1894,1903,False
438,singebi01,Bill Singer,SP,LAN,2174.0,2154.9999999999995,11.0,118,127,2,1515,322,308,3.390524379024839,1.2571297148114076,103.92174024955995,19.38,1.3765757649657648,0.12775645150494347,0.043088735968731064,0.19201110627241297,0.5987954142937136,0.003148905694679545,-0.5140737305302129,1964,1977,False
439,latosma01,Mat Latos,SP,CIN,1153.3333333333333,1138.3333333333333,8.0,71,59,0,1011,197,189,3.6364161849710985,1.2095375722543353,108.36733452136092,12.34,1.3631813566896647,0.23950477716363072,0.20935103877125344,0.4134188370884512,0.23571477430776672,0.36086439126956343,-0.355035249167615,2009,2017,False
440,darwida01,Danny Darwin,SP,TEX,3016.6666666666665,3007.9999999999995,20.0,171,182,32,1942,716,371,3.836685082872928,1.2679558011049725,112.75493106527486,40.28,1.3630725511733455,0.09062982388120647,0.10343474303976039,0.41398666084586005,0.06436261125838683,-0.12784546375771058,-0.2602895659033388,1978,1998,False
441,turneji01,Jim Turner,SP,BSN,1132.0,1121.6666666666667,8.0,69,60,20,329,231,119,3.219964664310954,1.2420494699646643,116.49353330829,10.23,1.3582465881990473,0.24218364128363398,0.7451715236393663,0.9067640855812912,-0.8507220700109467,0.1235080253585216,-0.2358170394745273,1937,1945,False
442,draveda01,Dave Dravecky,SP,SDN,1062.6666666666667,1012.6666666666666,6.0,64,57,10,558,226,146,3.133626097867001,1.2073400250941029,116.62957060106088,14.23,1.3563832980902633,0.2678834690105853,0.7532766816472158,0.7067108132701837,-0.5038593271180988,0.16520085002926396,-0.2938170930099769,1982,1989,False
443,howelha01,Harry Howell,SP,SLA,2567.6666666666665,2509.0000000000005,10.0,131,146,6,986,340,282,2.737504868233156,1.2119953264961705,112.91176683081702,33.08,1.3463627917384065,0.10732266175674818,0.28388453670037317,0.25298421457001635,0.016399934454216506,-0.18221562661867108,0.06268612372041692,1898,1910,False
444,stantmi02,Mike Stanton,RP,NYA,1114.0,1083.0000000000002,17.0,68,63,84,895,1178,1,3.9183123877917416,1.3518850987432676,123.91083572384096,13.81,1.3388654459428377,0.24725123655454068,0.3023658178479743,0.11652164036421546,0.41666169515969914,0.27707372306852107,0.10750638439868046,1989,2007,False
445,pettyje01,Jesse Petty,SP,BRO,1208.3333333333335,1199.3333333333335,6.0,67,78,4,407,207,154,3.6794482758620686,1.3092413793103446,118.93666671276327,17.330000000000002,1.3357472406487978,0.222748289157665,0.4020521586813492,0.6934442155717684,0.15522084036682537,-0.21608683750806398,-0.3895260497736673,1921,1930,False
446,morrima01,Matt Morris,SP,SLN,1806.0,1783.6666666666667,10.0,121,92,4,1214,307,276,3.9817275747508307,1.3156146179401993,112.82727581974486,18.25,1.3266143915263942,0.14875138010013764,0.2906468471007213,0.2981405742891863,-0.2643301248915193,0.44700468575781843,-0.349803874205991,1997,2008,False
447,reedri01,Rick Reed,SP,NYN,1545.6666666666667,1488.0,10.0,93,76,1,970,273,245,4.029329307742074,1.2201854647401336,109.92130690172732,20.14,1.3219295838288336,0.17767870750387546,0.2001146491295269,0.79527892745105,-0.44569952842867155,0.2785898152095445,-0.3774774399744333,1988,2003,False
448,jacksgr01,Grant Jackson,RP,PHI,1358.6666666666667,1304.3333333333333,15.0,86,75,79,889,692,83,3.4644259077526987,1.312315996074583,114.73137808629085,14.14,1.3149074348365282,0.20162138024582593,0.202985845020575,0.015568443496476665,0.40653620788178496,0.19370827651361336,0.23346811723179814,1965,1982,False
449,hamlilu01,Luke Hamlin,SP,BRO,1405.0,1388.3333333333335,8.0,73,76,9,563,261,181,3.7665480427046263,1.2775800711743772,104.88459424574945,15.540000000000001,1.2911382839070584,0.18599831220749943,0.16106272709108443,0.6956962997369078,0.024060170593347547,-0.14290300098472578,-0.0442287842122301,1933,1944,False
450,fisheed02,Eddie Fisher,RP,CHA,1538.6666666666667,1492.3333333333335,13.0,85,70,81,812,690,63,3.410095320623917,1.1932409012131715,107.67708042313858,10.66,1.290258780317894,0.17291830873145772,0.13202444431369328,0.4825588920753924,-0.6748060852024393,0.42735076040127634,0.6876353959441889,1959,1973,False
451,plunker01,Eric Plunk,RP,CLE,1151.0,1150.9999999999998,14.0,72,58,35,1081,714,41,3.8158123370981754,1.4387489139878367,121.91552457396097,13.47,1.2825956894390165,0.22286632309974233,0.15307490073365876,-0.47908748465842127,1.393679451928666,0.19713352642552245,-0.137931265899049,1986,1999,False
452,dinnebi01,Bill Dinneen,SP,BOS,3074.6666666666665,3074.6666666666665,12.0,170,177,7,1127,391,352,3.012033824804857,1.2313529921942759,110.05771441344662,41.0,1.2773013702045546,0.08308551844348791,0.03377945084094875,0.2337924143510926,0.08601017568058167,-0.0217639494502558,0.0334330689941241,1898,1909,False
453,scottja01,Jack Scott,SP,NY1,1814.6666666666667,1770.0,10.0,103,109,19,657,356,195,3.848640705363703,1.3567229977957385,97.87940169527586,11.68,1.2623768474158343,0.142641451685405,-0.059330408057244585,0.2324210193201863,0.369311685245293,-0.04592719421561031,0.34691900663733016,1916,1929,False
454,tayloja02,Jack Taylor,SP,CHN,2626.0,2626.0000000000005,10.0,152,139,5,662,311,287,2.652703731911653,1.175932977913176,124.24369367500195,30.650000000000002,1.2616880534376502,0.09609200711634804,0.44145286777745674,0.5019954836824698,-0.9604833621626943,0.13988695440286397,0.24349200803332374,1898,1907,False
455,mitchwi01,Willie Mitchell,SP,CLE,1632.0,1591.3333333333335,8.0,84,92,4,921,276,190,2.8786764705882355,1.2677696078431373,109.51365181798815,16.7,1.2607520999982735,0.15845229576853043,-0.004942825369946879,-0.0694414748359533,1.21571134591981,-0.10296535651815399,-0.4550082706032576,1909,1919,False
456,forscke01,Ken Forsch,RP,HOU,2127.3333333333335,2070.0,13.0,114,113,51,1047,521,241,3.367596364775932,1.2489815104982762,110.65702453205586,26.95,1.2373553190614979,0.11955123855666644,0.3700473735838674,0.4368825303469481,-0.4472254603323654,0.05035987016749974,-0.028081193930643216,1970,1986,False
457,loesbi01,Billy Loes,RP,BRO,1190.3333333333333,1177.6666666666667,10.0,80,63,32,645,316,139,3.886306356762812,1.3071968636236349,103.76855112323543,10.11,1.2248721674798924,0.20801678474042887,-0.01549518348155421,0.2950700435209829,0.29630792256290506,0.3951221615512428,-0.0016294709225789352,1950,1961,False
458,sullifr01,Frank Sullivan,SP,BOS,1732.0,1695.3333333333333,9.0,97,100,18,959,351,219,3.595842956120092,1.3054272517321017,121.04963809289396,22.939999999999998,1.2237646646050893,0.1443686194972579,0.2642552244796483,0.2528559869588343,0.15377519338144094,0.06497463890884846,-0.2865914982042064,1953,1963,False
459,cranddo01,Doc Crandall,RP,NY1,1546.6666666666667,1511.3333333333335,8.0,102,62,25,606,302,135,2.9211206896551722,1.2394396551724138,106.73388831300802,12.66,1.2143701125795612,0.16070182345561024,-0.16035566006816437,0.004357146316009731,-0.30451046590710573,0.816668668448413,0.9726981138538737,1908,1918,False
460,liebejo01,Jon Lieber,SP,CHN,2198.0,2198.0,14.0,131,124,2,1553,401,327,4.270700636942675,1.278434940855323,104.07516069509099,25.5,1.2115789549496512,0.11024376296175167,0.04623968047857905,0.5229319719573864,-0.09896427806627695,0.1136992449422378,-0.3499614352243183,1994,2008,False
461,borowha01,Hank Borowy,SP,NYA,1717.0,1717.0,10.0,108,82,7,690,314,214,3.501456027955737,1.3296447291788003,111.07169934321846,15.690000000000001,1.203835355726521,0.14022543456336878,0.10038999786389236,0.2213746712747318,0.04876848513271372,0.4643120419166133,-0.3239028408918102,1942,1951,False
462,vuckope01,Pete Vuckovich,SP,SLN,1455.3333333333333,1398.0,8.0,93,69,10,882,286,186,3.6610169491525424,1.3735684837379754,108.60125810017216,16.740000000000002,1.2023819761176155,0.17201458885802792,0.1679319808080981,-0.16498731039868433,0.3840156925832469,0.6330713436504751,-0.32138985991069935,1975,1986,False
463,raffeke01,Ken Raffensberger,SP,CIN,2151.6666666666665,2090.0,10.0,119,154,16,806,396,282,3.59721146398141,1.2576297443841984,111.99854705684679,33.99,1.182723312838679,0.11317926438647648,0.26149108041901087,0.7385206342639392,-0.36786267973573494,-0.34477088717410675,0.05703049097707274,1939,1954,False
464,mungere01,Red Munger,SP,SLN,1228.6666666666667,1198.0,9.0,77,56,12,564,273,161,3.8309820944112856,1.4186109603906674,116.88827823184918,15.61,1.1800647677930647,0.19700580430602083,0.09678737900587925,-0.058544023284868754,0.3829852828006662,0.6020992845334763,-0.13255518287982662,1943,1956,False
465,fasseje01,Jeff Fassero,RP,MON,2033.6666666666667,2018.6666666666667,15.0,121,124,25,1643,720,242,4.111293230617932,1.3802655302409441,115.92500463328447,25.18,1.1778621439452466,0.11669704200250124,0.17427337359840878,0.042039771388200566,0.5014052947626092,-0.0515863513270608,-0.27345032931260743,1991,2006,False
466,mcdonbe01,Ben McDonald,SP,BAL,1291.3333333333333,1284.0,8.0,78,70,0,894,211,198,3.9099122354155913,1.2568404749612805,118.6895766793468,20.81,1.164060063648205,0.1813177669233964,0.1573386796304679,0.5461743386336891,0.09380900039097706,0.12665142374100785,-0.38652572469039864,1989,1997,False
467,staleha01,Harry Staley,SP,BSN,2278.0,2278.0,8.0,136,119,2,751,284,258,3.8125548726953467,1.353819139596137,109.02621302615758,25.92,1.1459208723732928,0.10060762707403798,0.0899554671065134,0.44415100763391485,-0.3312708238956568,0.28439076943524066,-0.2354298071898588,1888,1895,False
468,peterga01,SAPA USAFL,SP,CHA,2081.0,2060.0,10.0,124,103,5,1420,359,286,3.2479577126381547,1.249399327246516,114.83307675576059,22.29,1.1438936726046445,0.11105763811695576,0.14914838327418942,0.08346028951198782,0.219912768301288,0.29379160036556484,-0.4983540381295913,1959,1972,False
469,tylerle01,Lefty Tyler,SP,BSN,2230.0,2188.6666666666665,10.0,127,116,7,1003,323,265,2.9461883408071747,1.2641255605381165,106.75024793002703,21.99,1.1349891370281473,0.10371512065441492,0.030491188088862864,0.012340256441337162,0.40783964714701754,0.19402425527728653,-0.2736552096299588,1910,1921,False
470,larkite01,Terry Larkin,SP,CHN,1567.3333333333335,1520.3333333333335,3.0,89,80,0,406,176,176,2.434708634623564,1.1171841769459803,108.31438078028496,8.969999999999999,1.1330372205606645,0.149051158153124,0.22051133764104186,0.5032081705320682,-0.2601283918576939,0.2602352027284656,-0.31900081064307884,1876,1880,False
471,russeal01,Allen Russell,RP,NYA,1394.3333333333335,1367.3333333333335,10.0,71,76,42,603,345,110,3.5178101840784124,1.4286397322495814,102.52147688808417,8.94,1.1262238855442788,0.16473289403378039,-0.2250578011637315,-0.6214978269308123,0.8772536336602026,-0.045077060718654284,2.0993648646910668,1915,1925,False
472,raudo01,Doug Rau,SP,LAN,1261.0,1218.0,7.0,81,60,3,697,222,187,3.3473433782712134,1.3013481363996828,108.7433446314891,12.389999999999999,1.1240557119766943,0.1845740085347609,0.338584615732598,0.14534059094273208,0.028519783458372534,0.5396194394796615,-0.5003513772167849,1972,1981,False
473,knowlda01,Darold Knowles,RP,WS2,1092.0,1075.6666666666667,14.0,66,74,143,681,765,8,3.1153846153846154,1.3608058608058609,126.65026646751267,12.23,1.1224391417463955,0.20869646267364023,0.5369249904604845,-0.3572551327437405,0.11382407820682929,-0.08895551700935478,1.5362559397599755,1965,1980,False
474,billich01,Chad Billingsley,SP,LAN,1212.3333333333333,1163.3333333333333,7.0,83,64,0,1052,226,197,3.7192741270277705,1.3700852350838604,110.32579062030187,16.96,1.1217260955902826,0.19284689322469042,0.33131587780433,-0.147753835540558,0.5102127594981706,0.39976635441746705,-0.35039440124380167,2006,2015,False
475,leffecr01,Craig Lefferts,RP,SDN,1145.6666666666667,1111.0,11.0,58,72,101,719,696,45,3.425080011638056,1.2481815536805352,115.06229444232763,9.43,1.119189034353891,0.20147417360106054,0.43165674124189657,0.5362371538361064,-0.028326898965386815,-0.4395921916176619,0.5308451794816951,1983,1994,False
476,mathebo01,Bobby Mathews,SP,NY2,2734.3333333333335,2734.3333333333335,10.0,166,136,3,1199,323,315,2.9952456418383515,1.2229672071193465,106.77102906737285,62.64,1.1177005830014755,0.08175305983187675,-0.1639609407734734,-0.1379957075901015,0.4674935932384935,0.27774877245243196,0.08193748784585321,1876,1887,False
477,jonesto02,Todd Jones,RP,DET,1072.0,1034.6666666666667,15.0,58,63,319,868,982,1,3.971082089552239,1.4132462686567164,118.76615264636823,10.25,1.1037631804601173,0.21335628488275468,0.2433408675971579,-0.23736576727262687,0.45612333059800225,-0.3436597436982352,1.893697924216685,1993,2008,False
478,alvarwi01,Wilson Alvarez,SP,CHA,1747.6666666666667,1723.6666666666667,12.0,102,91,4,1330,354,262,3.944688155636086,1.38699218004959,117.38246963466672,24.99,1.0981761820152753,0.12742326613985017,0.2632496847246432,-0.04511569561460978,0.2798598828394751,0.2578385710462416,-0.3464992191480155,1991,2005,False
479,barneje01,Jesse Barnes,SP,BSN,2569.666666666667,2569.6666666666665,13.0,152,150,13,653,422,314,3.215203009469451,1.2456868595148527,110.19456847503443,21.349999999999998,1.096126492181607,0.0853127377492495,0.32539124294562477,0.6119139534250165,-0.8038773007603337,0.06304399225328047,-0.024518909328081116,1915,1927,False
480,bosweda01,Dave Boswell,SP,MIN,1065.3333333333333,1012.9999999999999,6.0,68,56,0,882,205,151,3.522841051314143,1.2568836045056322,103.38419045236796,10.69,1.0888553089724606,0.21497636899752431,-0.1474466658788111,0.081863677176817,1.1234893753477748,0.32513682330127297,-0.5835312355678676,1964,1971,False
481,heckegu01,Guy Hecker,SP,LS2,2924.0,2923.9999999999995,9.0,175,146,1,1110,336,322,2.927154582763338,1.1675786593707251,126.3037781620251,27.64,1.0715613277426843,0.07329420846393188,0.28661239704430563,0.3115790289592762,-0.515815075830055,0.18512981148685287,-0.10116595168323202,1882,1890,False
482,grayso01,Sonny Gray,SP,OAK,1267.3333333333335,1267.3333333333333,9.0,82,72,0,1221,223,214,3.60757496054708,1.219884271436086,123.98849566853701,36.75,1.053857266922115,0.166310983733106,0.2677104914229476,0.21345815810990626,0.1750421281771015,0.2225078158029448,-0.35296372858703845,2013,2021,False
483,wilsocj01,C. J. Wilson,RP,LAA,1430.3333333333333,1430.3333333333335,11.0,94,70,52,1259,444,192,3.7375903052901425,1.3206711722209277,115.79406137073347,17.3,1.0517146572175482,0.1470586796389021,0.12750304960410624,-0.14318012488427767,0.3243409778890269,0.4636879978603535,-0.11812387182000436,2005,2015,False
484,kazmisc01,Scott Kazmir,SP,TBA,1701.0,1654.6666666666667,10.0,108,97,0,1618,303,301,4.021164021164021,1.3509700176366843,112.1092311522869,22.78,1.049664949453873,0.12687328156170904,0.034002034036121814,-0.11854364971774588,0.715341631016726,0.20141609028649904,-0.35342858778530006,2004,2021,False
485,kurodhi01,Hiroki Kuroda,SP,LAN,1319.0,1319.0,7.0,79,79,0,986,212,211,3.44579226686884,1.1721000758150113,115.50917155362127,21.55,1.0434454645401572,0.15821765952087294,0.3762804182996614,0.6293228773425381,-0.2941927631128948,0.004062465263954953,-0.35157104819889023,2008,2014,False
486,wheelza01,Zack Wheeler,SP,NYN,1033.6666666666667,1033.6666666666667,7.0,62,50,0,1026,169,169,3.508868107062238,1.2267010641728473,127.93158578369787,43.730000000000004,1.0399495517198336,0.20121565012315384,0.3471842204981387,0.16523625225874178,0.21682757770137231,0.3175018057308318,-0.3506344735236403,2013,2021,False
487,marcush01,Shaun Marcum,SP,TOR,1030.0,987.0,7.0,61,48,1,836,195,167,3.9320388349514563,1.2339805825242718,107.60498850087662,13.049999999999999,1.0279779452156759,0.20830353499811063,0.0867394455531184,0.43492791110954404,0.13178300542849186,0.4244153578590433,-0.33352976825062025,2005,2015,False
488,aguirha01,Hank Aguirre,RP,DET,1375.6666666666667,1286.6666666666665,11.0,75,72,33,856,447,149,3.2449721347225586,1.2321298764235522,130.18695058865924,20.96,1.0271940670727466,0.15966747156571195,0.30845834130203753,0.3954885101857078,-0.02297640771243474,-0.014844230887923375,-0.11288650140939827,1955,1970,False
489,chrisla01,Larry Christenson,SP,PHI,1402.6666666666667,1345.3333333333333,9.0,83,71,4,781,243,220,3.7920627376425853,1.2804182509505704,99.86328758691691,9.0,1.0117126269180663,0.1504032646558077,0.0032226459172079256,0.454862946935879,0.052307427674312235,0.3655574892184744,-0.476911169360214,1973,1983,False
490,burgmto01,Tom Burgmeier,RP,BOS,1258.6666666666667,1225.6666666666665,15.0,79,55,102,584,745,3,3.231991525423729,1.283103813559322,132.831948052437,17.48,1.0029118396592571,0.16365164639530982,0.36749257379345496,0.16571054145706965,-0.6754590777774686,0.592120614008839,0.6696423946709312,1968,1984,False
491,shouncl01,Clyde Shoun,RP,CIN,1287.0,1245.6666666666665,11.0,73,59,29,483,454,85,3.909090909090909,1.3434343434343434,100.68914049670326,8.059999999999999,0.9998259703607937,0.1605286545936517,-0.0997876252860866,0.32581056242440315,-0.17156194715976597,0.3030172519172861,0.5470060337825093,1935,1949,False
492,millwke01,Kevin Millwood,SP,ATL,2720.3333333333335,2720.333333333333,16.0,169,152,0,2083,451,443,4.112363680921455,1.3281460605317974,110.0660959583376,30.709999999999997,0.9940211871250993,0.07308083718601392,0.08833507359273575,0.16171782150233316,0.11145056646528616,0.12109045873588681,-0.3594059162798791,1997,2012,False
493,smithel01,Elmer Smith,SP,CN2,1210.3333333333333,1205.3333333333333,5.0,75,57,0,525,149,136,3.346185623795098,1.3128614706692372,116.86625648553884,12.45,0.9847047619957472,0.16339127687982535,0.12270794775835367,0.00907711794844952,0.43421108012813914,0.40094721866749317,-0.36586649306001956,1886,1898,False
494,dailyhu01,Hugh Daily,SP,CHU,1415.0,1415.0,6.0,73,87,1,846,165,163,2.919434628975265,1.2459363957597174,114.4387090342151,11.799999999999999,0.9598406833264486,0.1356665276786499,0.16741503381652262,-0.23240108546254662,0.8908232843013819,-0.24746302464121572,0.23240988658122655,1882,1887,False
495,aldrivi01,Vic Aldridge,SP,CHN,1600.6666666666667,1588.3333333333335,8.0,97,80,6,526,248,205,3.755935027072053,1.3638067471886712,107.66569030904088,16.56,0.9566437696387846,0.12045881674360351,0.09178957248750051,0.24294508473799212,0.06190805938477202,0.3431328673148511,-0.44233032902694275,1917,1928,False
496,mayja01,Jakie May,RP,CIN,1562.3333333333333,1512.0,12.0,72,95,19,765,410,161,3.8768935353104332,1.4478344356731385,98.51808816409348,8.48,0.9551553738979844,0.12634330342565933,-0.08554955055698518,-0.28305849577794195,1.5020024076746994,-0.4262714087231894,0.048530341803227815,1917,1932,False
497,donovdi01,Dick Donovan,SP,CHA,2017.3333333333333,1932.3333333333333,10.0,122,99,5,880,345,273,3.6672174487772637,1.2308327825512229,110.21461748795421,20.88,0.9535790524261138,0.09869715912638748,0.23743864017360383,0.7343064139736046,-0.8861514012204742,0.4522250798605233,-0.5745384013842446,1950,1965,False
498,cadorle01,Leon Cadore,SP,BRO,1257.3333333333333,1171.0,5.0,68,72,3,445,192,147,3.1352067868504774,1.2423117709437965,116.14622824006196,18.87,0.9512988940012861,0.16247632690030503,0.27988815770943176,0.499442981665717,0.15357417283990127,-0.11360932513714106,-0.4034942748403422,1915,1924,False
499,harrigr01,Greg Harris,RP,BOS,1467.0,1466.0,14.0,74,90,54,1141,703,98,3.687116564417178,1.3503749147920927,122.34903355044474,19.18,0.9355037687530381,0.12762670787899563,0.15988137854432538,-0.1018237559892775,0.8148522865610945,-0.3230431927251335,0.06726126360324729,1981,1995,False
500,stalege01,Gerry Staley,RP,SLN,1981.6666666666665,1952.333333333333,14.0,134,111,61,727,640,186,3.696888141295206,1.3115222876366697,118.23707047779443,21.52,0.9319999860030657,0.0954754979685572,0.22275655947716788,0.3977970060888487,-0.8650110004694989,0.31078677159729584,0.5118195235149358,1947,1961,False
501,terryra01,Ralph Terry,SP,NYA,1849.3333333333333,1832.6666666666667,10.0,107,99,11,1000,338,257,3.6207642393655375,1.1863734679163662,104.42589658988533,13.17,0.9201387409021173,0.10041528638437079,0.08774747699703472,0.7029152115162334,-0.41391124655574724,0.10916899099099148,-0.36301934630995025,1956,1967,False
502,caseyda01,Dan Casey,SP,PHI,1680.3333333333335,1662.3333333333335,6.0,96,90,0,743,201,198,3.17615552469748,1.3134298750247966,116.97795401105111,22.86,0.9153598393634818,0.11012951746903725,0.27905113728575726,0.0598465042370513,0.2015012851096351,0.09828013209114374,-0.3455117635182065,1884,1890,False
503,normafr01,Fred Norman,SP,CIN,1939.6666666666667,1892.6666666666665,11.0,104,103,8,1303,403,268,3.6377384430314486,1.3430142636191784,100.63398741832653,17.24,0.9064351584963088,0.09578391953113517,0.05244898203926486,-0.0654925993784523,0.6366827505325164,0.1004531212652233,-0.4339714949932783,1962,1980,False
504,riddlel01,Elmer Riddle,SP,CIN,1023.0,900.6666666666666,5.0,65,52,8,342,190,124,3.404692082111437,1.3998044965786902,119.95636046675705,11.91,0.9035017400331942,0.2006295499703614,0.5225637414671467,0.1739490347429694,-0.3667080324521669,0.5440873018592226,-0.08974497963578894,1939,1949,False
505,kisonbr01,Bruce Kison,SP,PIT,1809.6666666666665,1809.6666666666665,15.0,115,88,12,1073,380,246,3.6603426045312215,1.301344630687051,104.87214408889791,14.27,0.8999529034309699,0.09946062664552993,0.0015685737576768013,0.11909904523484426,0.1589009009026398,0.37418169313564115,-0.37209385818641794,1971,1985,False
506,duryeje01,Jesse Duryea,SP,CIN,1088.0,1088.0,5.0,59,67,3,416,143,130,3.4494485294117645,1.3327205882352942,123.61818646081339,13.55,0.8942533413359204,0.16438480539263242,0.3330700348503897,0.42483023922909124,-0.04596888835705283,-0.3034829646301995,0.44800107470212625,1889,1893,False
507,youngch03,Chris Young,SP,SDN,1297.6666666666667,1187.3333333333333,9.0,79,67,1,1062,271,221,3.953249422039558,1.2576419213973797,111.76057830878774,16.94,0.8934754099298731,0.1505011920151386,0.09118683310397081,0.3459896808154167,0.16183963459173273,0.2183271724445213,-0.3482629787195904,2004,2017,False
508,sturdto01,Tom Sturdivant,RP,NYA,1137.0,1104.6666666666665,9.0,59,51,17,704,335,101,3.7440633245382586,1.2999120492524185,108.37108930013548,10.34,0.8874760551871386,0.16067762013044154,0.11463810308169277,0.16212272259022412,0.36487559188847307,0.1332765631167433,-0.1537001355882641,1955,1964,False
509,muldema01,Mark Mulder,SP,OAK,1314.0,1301.3333333333333,7.0,103,60,0,834,205,203,4.184931506849315,1.3424657534246576,112.59006865706824,19.6,0.8684267241380905,0.1334672219474525,0.1410101747680711,0.17403544763203438,-0.42508470116685154,0.8774419668115585,-0.3576563678151531,2000,2008,False
510,mintogr01,Greg Minton,RP,SFN,1130.6666666666667,1043.0,11.0,59,65,150,479,710,7,3.096403301886792,1.3841391509433962,131.1424682150428,16.88,0.8526034711862858,0.1634905985016847,0.8977306237069764,-0.2225632682673618,-0.899300841339185,-0.0007224436621104438,1.7470341664204008,1975,1990,False
511,ayersdo01,Doc Ayers,RP,WS1,1428.6666666666667,1407.0,7.0,65,79,15,622,299,140,2.841110592627158,1.2172188520765281,108.9612088581205,14.030000000000001,0.7999562277596359,0.11371090657564126,0.0249425416892405,0.1426810822075932,0.41146757364858555,-0.33808249646933397,0.5712798516558244,1913,1921,False
512,wickebo01,Bob Wicker,SP,CHN,1036.6666666666667,1033.6666666666667,5.0,64,52,1,472,138,117,2.7260450160771703,1.2115755627009646,106.14681273886117,9.6,0.7974492169976994,0.15429523708436615,0.0906562610393262,0.050079093427965224,0.38357097774731497,0.3443981250219116,-0.26482422086302,1901,1906,False
513,hoytla01,LaMarr Hoyt,SP,CHA,1311.3333333333335,1308.3333333333333,7.0,98,68,10,681,244,172,3.9944077275038126,1.214031520081342,100.25959283307535,12.67,0.7649073028960157,0.11692850490130177,-0.24132367553024,0.6652174473110165,-0.3659282585853402,0.5928776180715153,-0.3443480994112739,1979,1986,False
514,borbope01,Pedro Borbon,RP,CIN,1026.6666666666667,985.9999999999999,9.0,69,39,80,409,593,4,3.51525974025974,1.3139610389610388,108.48561484706777,4.88,0.7643331614878415,0.1550371524316109,0.13501269765724744,0.07394035003651259,-1.0641603659293706,0.9381678976777132,1.2799738415850226,1969,1980,False
515,laryfr01,Frank Lary,SP,DET,2162.333333333333,2158.6666666666665,11.0,128,116,11,1099,350,292,3.4878988746724224,1.2666872205950364,117.16338442511305,29.32,0.7577491263670982,0.07020529274556193,0.28488396641433195,0.3696401874254806,-0.38211548076105967,0.100643560778993,-0.37131361717977857,1954,1965,False
516,haliced01,Ed Halicki,SP,SFN,1063.0,1063.0,7.0,55,66,1,707,192,157,3.6237064910630292,1.2615239887111946,104.93197881160349,11.639999999999999,0.7407526126387727,0.13937019993203628,0.0805902708125155,0.38874487520325,0.7138065378008964,-0.31236446595285716,-0.49300158671705935,1974,1980,False
517,parmero01,Roy Parmelee,SP,NY1,1120.3333333333333,1067.0,7.0,59,55,3,514,206,144,4.273728057125855,1.4335019339482298,92.33442764677176,2.43,0.7354572951573064,0.13785516310352516,-0.035781109207399735,0.13233064656745042,0.5506694120493021,0.28259068726574527,-0.5743978633237057,1929,1939,False
518,gladefr01,Fred Glade,SP,SLA,1072.6666666666667,1032.6666666666667,4.0,52,68,2,464,132,126,2.617775015537601,1.1065879428216283,98.8530251247989,12.24,0.7311465944028496,0.14160360124006122,0.11749332249472781,0.6322229379296822,0.10189733676539683,-0.30033943061087853,-0.061370450969449646,1902,1908,False
519,sewelri01,Rip Sewell,SP,PIT,2119.3333333333335,2070.333333333333,11.0,143,97,15,636,390,243,3.4779804970116386,1.3442906574394462,110.71765080959736,25.14,0.725312516684651,0.07006722106114807,0.20035829029888072,0.1945947108284397,-0.8056738424205814,0.666594871092171,-0.008552349549999567,1932,1949,False
520,bibbyji01,Jim Bibby,SP,PIT,1722.6666666666667,1706.3333333333335,11.0,111,101,8,1079,340,239,3.7563854489164084,1.328173374613003,104.9339305780482,18.580000000000002,0.723149775314583,0.08476066911286383,-0.10635798045597819,0.027254250536384406,0.44722210629289916,0.2734143546749238,-0.40009470521847657,1972,1984,False
521,pattero01,Roy Patterson,SP,CHA,1365.0,1365.0,7.0,81,72,2,442,184,152,2.7494505494505495,1.1721611721611722,108.27168591683312,15.67,0.716738822838229,0.10501667733893462,0.29373695755123747,0.513328897187215,-0.5518847447102998,0.18838912636312685,-0.24050662676243922,1901,1907,False
522,swancr01,Craig Swan,SP,NYN,1235.6666666666667,1128.6666666666667,7.0,59,72,2,673,231,185,3.7437280820070136,1.2681413541947666,102.68165756387009,12.65,0.7095691258489971,0.12573581674819792,0.267901946799168,0.5151958666667829,0.003741229035612912,-0.11356835130259495,-0.4807321216489342,1973,1984,False
523,culpra01,Ray Culp,SP,BOS,1898.3333333333333,1898.3333333333333,11.0,122,101,1,1411,322,268,3.57945566286216,1.2795434591747148,102.21612054747578,17.2,0.7074101602792832,0.07452960424364702,-0.19872375749950066,-0.09084586282344007,0.6471681807355835,0.361553030707665,-0.5482223296426747,1963,1973,False
524,palmeda01,David Palmer,SP,MON,1085.0,1058.0,8.0,64,59,2,748,212,176,3.782488479262673,1.3548387096774193,103.0877034694076,10.96,0.7051895993639561,0.1333061624506533,0.12803884724359693,-0.05706412133789475,0.48252475634893977,0.3181341029052534,-0.44569290876610856,1978,1989,False
525,bannifl01,Floyd Bannister,SP,CHA,2388.0,2326.0000000000005,13.0,134,143,0,1723,431,363,4.062814070351759,1.3257956448911223,104.95965801468246,26.43,0.6984057890018696,0.06005208847823468,-0.22989030794133658,0.08085130695599875,0.8119863174471014,-0.07893217843681365,-0.49298989077488486,1977,1992,False
526,bagbyji01,Jim Bagby,SP,CLE,1821.6666666666667,1804.3333333333335,8.0,127,88,29,450,316,208,3.107593778591034,1.2856358645928636,116.33930873503924,29.580000000000002,0.6887695350136662,0.07634615204289665,0.024522382135884785,-0.013559186232194598,-1.1247243540472875,0.591544608035657,1.8024130226930022,1912,1923,False
527,barnevi01,Virgil Barnes,SP,NY1,1094.0,1085.0,7.0,61,59,11,275,205,135,3.6608775137111516,1.3574040219378427,109.21260773275671,9.639999999999999,0.6831975927843814,0.12593504014458645,0.3734895120405185,0.4270523045398088,-0.5525066726500298,0.06409043284776206,0.15872155784647624,1919,1928,False
528,morgacy01,Cy Morgan,SP,PHA,1445.3333333333333,1430.0,8.0,78,78,3,667,210,172,2.5094557195571956,1.216328413284133,117.30303589325874,12.200000000000001,0.6702169008762369,0.09373662949317993,0.22713102843842226,-0.04476100927028644,0.2634567089477208,0.1405163087567367,-0.29400930266211406,1903,1913,False
529,ehmkeho01,Howard Ehmke,SP,DET,2820.6666666666665,2773.333333333333,13.0,166,166,14,1030,427,339,3.7459229496572917,1.3879697471047034,106.72987562675935,39.98,0.6496427430752387,0.04684923627946434,-0.05476960115849707,-0.05335581563836601,0.38370277494609856,-0.008186103248911395,0.07178315362257637,1915,1930,False
530,williwo02,Woody Williams,SP,SDN,2216.3333333333335,2179.333333333333,14.0,132,116,0,1480,424,330,4.186644608211761,1.3211009174311925,106.25721569138304,27.6,0.6471749315524175,0.059392009625489496,0.1085193411427425,0.3149866093578799,-0.2851745403185432,0.21314181986249564,-0.36674966918694707,1993,2007,False
531,graydo02,Sam Gray,SP,SLA,1951.3333333333333,1951.3333333333333,10.0,111,115,22,730,379,231,4.183293474547318,1.4528527502562352,,0.0,0.6379297664958817,0.0653839869999196,-0.05892648916783598,-0.0878220629366574,0.3790851403213583,-0.03684374124397278,0.3362284521056582,1924,1933,False
532,bakersc02,Scott Baker,SP,MIN,1064.6666666666667,1038.6666666666667,8.0,66,53,0,839,193,172,4.260488415779586,1.2529743268628677,102.98673386350913,15.77,0.6369811334695694,0.12265362005190684,-0.1700561264269158,0.38054173782891243,0.09977067002569498,0.4253540833188053,-0.3499273346749242,2005,2015,False
533,mogrige01,George Mogridge,SP,WS1,2265.6666666666665,2253.0,14.0,132,131,20,678,398,261,3.2096513167573932,1.2874797704869796,112.51266476112207,28.78,0.6275488723921678,0.055707844863929684,0.25285431009481485,0.27734645690299925,-0.4180825645635925,0.004861612679459992,0.05801843491302651,1911,1927,False
534,darliro01,Ron Darling,SP,NYN,2360.3333333333335,2325.0,12.0,136,116,0,1590,382,364,3.874029091936167,1.3345572659228921,98.51603474670358,18.84,0.6180395377772293,0.053164691421697156,-0.017964953856760297,-0.007017565087867676,0.19083512675593373,0.3235848992972312,-0.4347368405277886,1983,1995,False
535,teherju01,Julio Teheran,SP,ATL,1396.3333333333333,1334.0,7.0,78,77,0,1207,240,236,3.802816901408451,1.2239197899259968,109.79727475482412,19.67,0.6131457344856799,0.09192589722423987,0.23008459740433254,0.32303654270351384,-0.11979513531870432,0.06970323327194095,-0.363360073933691,2011,2021,False
536,lindbpa01,Paul Lindblad,RP,OAK,1213.6666666666667,1206.3333333333335,13.0,68,63,64,671,655,32,3.285086514693765,1.2697061246910188,110.2915662655445,9.55,0.6019271964752076,0.09979450618544476,0.28283547109677964,0.1450113937943407,-0.3464920462933451,0.112824177495206,0.4224954196727895,1965,1978,False
537,kileda01,Darryl Kile,SP,HOU,2165.3333333333335,2165.333333333333,12.0,133,119,0,1668,359,331,4.123152709359606,1.409944581280788,108.62791949240307,20.57,0.6019165346516877,0.05559573903802536,0.12613140690083582,-0.14002815774808536,0.3022330132887755,0.18216230151262341,-0.37809136210442074,1991,2002,False
538,sandebe01,Ben Sanders,SP,PHI,1385.0,1385.0,5.0,80,70,2,468,168,157,3.2361010830324908,1.2945848375451263,118.77976957194082,24.09,0.5995362938103861,0.0865756380953626,0.22297156109874358,0.3131423259849056,-0.56291321226523,0.2558207283758341,0.13965663102329445,1888,1892,False
539,kaatji01,Jim Kaat,SP,MIN,4530.333333333333,4490.666666666667,23.0,283,237,18,2461,898,625,3.4527260687219488,1.2588477669045692,110.87392644505111,45.21,0.5939020538867441,0.02645050715053793,0.12863703489952993,0.23137329703028797,-0.3944891346949296,0.3055990444331057,-0.457740577795518,1959,1983,True
540,gottji01,Jim Gott,RP,TOR,1120.0,1038.6666666666667,10.0,56,74,91,837,554,96,3.8651785714285714,1.38125,110.30260960958594,9.82,0.5900343073799459,0.11361379474581756,0.10143257053762336,-0.11793868688954298,0.7667396770380673,-0.4060400286152613,0.31677093296176045,1982,1995,False
541,shortch02,Chris Short,SP,PHI,2325.0,2277.666666666667,12.0,135,132,18,1629,501,308,3.4296774193548387,1.2993548387096774,109.80471115214746,31.400000000000002,0.5898620657516094,0.05179529334859732,0.10572466120133987,-0.13424336945283333,0.3839916090831816,0.07545587808669299,-0.32964527022504264,1959,1973,False
542,archech01,Chris Archer,SP,TBA,1254.3333333333333,1205.6666666666667,7.0,61,81,0,1370,218,215,3.8745681636991764,1.2540526175923465,103.45849975737481,13.709999999999999,0.5708400691499791,0.09469285084047205,0.06173743343789262,0.09533678529092536,0.8240622444654819,-0.3654713904232479,-0.362938746501793,2012,2021,False
543,hammaat01,Atlee Hammaker,SP,SFN,1078.6666666666667,994.3333333333333,7.0,59,67,5,615,249,152,3.6628553770086523,1.2404202719406674,104.24058117110856,9.5,0.566560269811431,0.11395781491346249,0.2385815065321066,0.6343032320547375,-0.14749640298304398,-0.1756094988478552,-0.39642189367068714,1981,1995,False
544,hardeme01,Mel Harder,SP,CLE,3426.3333333333335,3408.666666666667,19.0,223,186,23,1160,582,433,3.800856114408016,1.4079190582741512,116.52875306349507,48.47,0.5555385145678581,0.032595649202103914,0.1488483981267137,0.02412989004344006,-0.34046824817250804,0.3056185702852887,0.017887481207137013,1928,1947,False
545,cookde01,Dennis Cook,RP,PHI,1011.6666666666666,915.0,11.0,64,46,9,739,665,71,3.914332784184514,1.3245469522240527,120.60792886551184,9.6,0.5436438380972741,0.11882925422891238,-0.027294391496923896,0.06321872805953639,0.29372357116660996,0.39920090355627647,-0.3224665331020438,1988,2002,False
546,shielja02,James Shields,SP,TBA,2616.0,2615.9999999999995,13.0,145,139,0,2234,407,405,4.014908256880734,1.271788990825688,106.6999570031141,30.36,0.5254142755445386,0.0401692871211421,-0.04392592340083848,0.14849805439898142,0.12412528981885225,0.12385866002618515,-0.35570535597401115,2006,2018,False
547,drabomo01,Moe Drabowsky,RP,CHN,1641.0,1541.9999999999998,14.0,88,105,55,1162,589,154,3.707495429616088,1.3059110298598415,110.47459347206286,19.85,0.5226570459332067,0.06778950012103846,-0.10266909557463248,0.020661167552117454,0.7195441907426945,-0.18061728934860097,-0.0652656629777323,1956,1972,False
548,candito01,Tom Candiotti,SP,CLE,2725.0,2692.666666666667,15.0,151,164,0,1735,451,410,3.7321100917431194,1.3009174311926606,112.83183774498195,42.31,0.5167819096793576,0.03838439537108375,0.2701748600449384,0.2576048665144625,-0.15661489339292553,-0.10249294947385212,-0.4173896769541098,1983,1999,False
549,pappami01,Milt Pappas,SP,BAL,3186.0,3177.0,16.0,209,164,4,1728,520,465,3.3983050847457625,1.2253609541745134,114.09021055635664,46.21,0.511045064182992,0.03217154952363815,0.11308979173624684,0.324469383384257,-0.5162255144338913,0.38603373913987854,-0.5117988919768526,1957,1973,False
550,seatoto01,Tom Seaton,SP,PHI,1340.0,1340.0,6.0,93,65,11,644,231,154,3.1432835820895524,1.3171641791044777,106.38939681331703,11.17,0.5074272937245957,0.07573541697382027,-0.2781171544368683,-0.3229748858175394,0.37558688671011403,0.5349456964771577,0.43901910399967825,1912,1917,False
551,moosebo01,Bob Moose,SP,PIT,1304.0,1253.6666666666667,8.0,76,71,19,827,289,160,3.499233128834356,1.2998466257668713,101.87730491327044,7.48,0.500887528433847,0.07990760889665201,0.05833334393752085,0.01693547924803648,0.17688917797385645,0.2195496216603294,-0.17180273101946225,1967,1976,False
552,santaer01,Ervin Santana,SP,LAA,2486.6666666666665,2448.666666666667,14.0,151,129,0,1978,425,386,4.107908847184987,1.2735924932975873,105.3042568175143,27.07,0.49929670219056654,0.040781108264952355,-0.04358433881444127,0.20991179395325962,-0.07641706777617815,0.26574438312400883,-0.35545381207303733,2005,2021,False
553,leifile01,Lefty Leifield,SP,PIT,1838.0,1807.6666666666665,10.0,124,97,7,616,296,216,2.4727965179542983,1.2116430903155604,117.47607387545206,21.18,0.49430731403431816,0.05469009559664225,0.38358852836665647,0.06867582799385762,-0.6761868997586583,0.36378963441905027,0.04103459574435334,1905,1920,False
554,busbyst01,Steve Busby,SP,KCA,1060.6666666666665,1039.3333333333333,7.0,70,54,0,659,167,150,3.716530483972345,1.3538654934003773,110.36887527609957,16.04,0.49190593423829865,0.09465797323379709,0.007732788733153523,-0.040489422182889014,0.4287333245796444,0.3845316803082638,-0.5275130725217183,1972,1980,False
555,caldwra02,Ray Caldwell,SP,NYA,2242.0,2222.6666666666665,11.0,133,120,9,1006,343,260,3.2194469223907225,1.2609277430865298,104.11756875136263,31.12,0.4764751203110779,0.04287418599079887,-0.2241158575046053,0.07861059312109084,0.4439292081922712,0.15922543791710406,-0.4138042713519758,1910,1921,False
556,cormirh01,Rheal Cormier,RP,SLN,1221.6666666666667,1177.6666666666665,13.0,71,64,2,760,683,108,4.029740791268758,1.281036834924966,115.62734184208436,8.61,0.4718882945923086,0.0801395348868908,0.17933037590423115,0.4289975875768989,-0.35678592785350144,0.16022442686747507,-0.3613968691020062,1991,2007,False
557,bedarer01,Erik Bedard,SP,BAL,1303.6666666666667,1303.0000000000002,10.0,71,82,1,1246,241,230,3.990283814881104,1.3615443620557401,110.32247419748458,17.37,0.4674395244232219,0.07174820021845305,0.054198405153814,-0.1914282056510786,0.8691707474635387,-0.16797532155691428,-0.3418343483855572,2002,2014,False
558,stewada01,Dave Stewart,SP,OAK,2629.666666666667,2627.666666666667,15.0,168,129,19,1741,523,348,3.9495500063379385,1.3435162885029788,105.61886932769652,26.09,0.4628366279354481,0.035227955950941144,-0.08417915947140664,-0.06367048869106998,0.16771448004609238,0.3610641560067913,-0.3356535921901646,1978,1995,False
559,myersbr01,Brett Myers,SP,PHI,1710.0,1688.6666666666667,11.0,97,96,40,1379,381,252,4.247368421052632,1.3339181286549708,102.35059794658004,15.280000000000001,0.4450523207649467,0.05271049989320334,-0.07849583088130718,0.0384077141432706,0.2743154247909872,0.12888116280322676,-0.17906788441130342,2002,2013,False
560,fishera01,Ray Fisher,SP,NYA,1755.6666666666665,1755.6666666666667,10.0,100,94,7,680,278,208,2.8194418074805396,1.2234668691854946,111.17712128763057,21.33,0.43695387067679486,0.04977640448188283,0.19944138371699155,0.22974362384920677,-0.24200290659660942,0.11208741009934922,-0.3153674811021471,1910,1920,False
561,wolffro01,Roger Wolff,SP,WS1,1025.3333333333333,1008.3333333333334,6.0,52,69,13,430,182,128,3.4057217165149547,1.3010403120936282,110.68937887185238,11.73,0.4360261686536615,0.08648452931973451,0.005372893894394426,0.1919319985409665,0.3492140181869322,-0.4155549823648341,0.504264990464747,1941,1947,False
562,portuma01,Mark Portugal,SP,HOU,1826.3333333333333,1788.3333333333333,13.0,109,95,5,1134,346,283,4.026099653221391,1.325059317393685,103.92918391581554,15.92,0.428290696678445,0.04789830717745892,0.051395222329560876,0.19760901815845844,-0.2483852275054249,0.41343963453727106,-0.3690182258389694,1985,1999,False
563,hansoer01,Erik Hanson,SP,SEA,1555.3333333333333,1540.3333333333333,10.0,89,84,0,1175,245,238,4.148949849978568,1.35533647663952,108.07775800419351,22.25,0.4193938627494822,0.05445494863659148,-0.07295923315472459,-0.010297780698379772,0.45966441949726433,0.1810497266588126,-0.3964699088163674,1988,1998,False
564,arrieja01,Jake Arrieta,SP,CHN,1612.3333333333333,1612.3333333333335,12.0,115,93,0,1433,285,279,3.9799462476741785,1.2534628902212115,120.57034613769063,21.12,0.4148686555571217,0.051461896492510456,-0.03278291338384185,0.11460787290260055,-0.023302182105619424,0.36845230888219005,-0.3546789254959462,2010,2021,False
565,shower01,Eric Show,SP,SDN,1655.0,1632.0,10.0,101,89,7,971,332,235,3.659818731117825,1.2906344410876134,102.64115108379752,15.07,0.4127791180756115,0.05058567623475627,0.1363027588903777,0.20058991704788368,-0.1812582753686906,0.2719340046475119,-0.4279523239020647,1981,1991,False
566,colonba01,Bartolo Colon,SP,CLE,3461.6666666666665,3422.6666666666665,20.0,247,188,0,2535,565,552,4.11824747231584,1.3117958594126145,110.90678413807944,48.21,0.4103986929202913,0.02398122475186747,-0.017952881538718674,0.10595706552226794,-0.22432843351598045,0.4155346044774951,-0.3626105543632282,1997,2018,False
567,rhoderi01,Rick Rhoden,SP,PIT,2593.6666666666665,2579.666666666666,14.0,151,125,1,1419,413,380,3.5949106798612007,1.3135843721886649,106.68698105021892,30.1,0.4049343649696989,0.031394316963667054,0.17847694806498324,0.07589222183724155,-0.2297499352073832,0.3106555585364039,-0.4837910017769327,1974,1989,False
568,kenneia01,Ian Kennedy,SP,ARI,1837.6666666666667,1764.0,11.0,100,106,56,1710,424,290,4.104117540359151,1.2793397424269908,103.22725038141279,15.83,0.3963174835584917,0.0449339550519832,-0.10800673499164437,0.07737249648606685,0.31817001347817986,-0.03264600528132462,-0.10426279891364214,2007,2021,False
569,dicksmu01,Murry Dickson,SP,PIT,3052.3333333333335,3047.0,16.0,172,181,23,1281,625,338,3.65621928579229,1.3389756470459757,111.16085834596619,42.97,0.3894415288907473,0.02556229267415472,0.1510306390919397,0.212737468432111,-0.23576244768122173,-0.009637077263341233,-0.11370877365201963,1939,1959,False
570,odorija01,Jake Odorizzi,SP,TBA,1147.0,1096.3333333333335,7.0,68,63,1,1086,219,215,3.946817785527463,1.2406277244986923,104.45855270763427,13.55,0.3836483080384865,0.06998752959048096,0.021333677792107986,0.15615043807868156,0.13336408984998951,0.1795818581445168,-0.3697268897611773,2012,2021,False
571,mcdowro01,Roger McDowell,RP,NYN,1050.0,1050.0,12.0,70,70,159,524,723,2,3.3,1.3857142857142857,125.83557177737597,9.43,0.382761959763962,0.07290703995504043,0.5896021915927699,-0.25226461106831605,-0.7947165783346204,0.08659344791600856,1.4360265899339988,1985,1996,False
572,ojedabo01,Bob Ojeda,SP,NYN,1884.3333333333333,1855.3333333333333,13.0,115,98,1,1128,351,291,3.649035910136211,1.3315053953652929,107.3540212157354,24.38,0.37795951454251914,0.04074303067292696,0.17289758800061258,0.035201572428190324,-0.08048226069286425,0.2620587921401462,-0.4488926940724959,1980,1994,False
573,radkebr01,Brad Radke,SP,MIN,2451.0,2451.0,12.0,148,139,0,1467,378,377,4.222766217870257,1.2598939208486333,113.74036255610159,45.61,0.3764140085946085,0.030715137380221014,0.08400268692016893,0.6096782408051139,-0.6235556513626698,0.09434443697663925,-0.36862851673893565,1995,2006,False
574,krukomi01,Mike Krukow,SP,SFN,2190.6666666666665,2186.3333333333335,13.0,124,117,1,1478,369,355,3.8988131466828975,1.348904443091905,97.93734614459413,21.35,0.368514719780401,0.03371075344842818,-0.09939998277360935,-0.0981081474472301,0.5423803267557041,0.11420890778307581,-0.4823006090411798,1976,1989,False
575,goldsfr01,Fred Goldsmith,SP,CHN,1609.6666666666667,1609.6666666666667,6.0,112,68,1,433,189,185,2.728515220542555,1.153033754400497,111.37659222345059,13.61,0.36723328319339454,0.04562848828246776,0.13258116831725622,0.17363683704986405,-0.6917550447885937,0.6364611164094199,-0.19867227383477495,1879,1884,False
576,pottene01,Nels Potter,SP,SLA,1686.0,1685.0000000000002,11.0,92,97,22,747,349,177,3.99288256227758,1.3659549228944248,109.68563837103267,23.1,0.3553122666246292,0.04217356280411031,-0.1955103458726862,0.12277352652623233,0.407145300915184,0.006173087790795524,-0.10414315465189689,1936,1949,False
577,colliri01,Rip Collins,SP,DET,1712.3333333333333,1712.3333333333335,11.0,108,82,5,569,311,219,3.9945493478684058,1.4418921549542536,109.05786361943754,18.78,0.35425494177432526,0.04137686686092954,0.01932676410537649,-0.10120535356261115,0.09660637995059682,0.4600832114466559,-0.49491404054212346,1920,1931,False
578,weilmca01,Carl Weilman,SP,SLA,1521.0,1502.0,7.0,85,95,10,536,239,179,2.668639053254438,1.1913214990138068,118.2551937301122,25.009999999999998,0.3461627829227705,0.04609357961688024,0.30700038773845867,0.35346996312769186,-0.5676452678285511,-0.12286760911018553,0.1907856728808998,1912,1920,False
579,pattima01,Marty Pattin,RP,KCA,2038.6666666666667,2038.6666666666667,13.0,114,109,25,1179,475,224,3.620013080444735,1.2439502943100065,105.13723943206483,21.21,0.3434505678708386,0.03369364629210319,-0.08072937393325512,0.3462667878634964,-0.08070316239128397,0.05017340204699448,-0.2571844906480947,1968,1980,False
580,kitsofr01,Frank Kitson,SP,BRO,2221.6666666666665,2221.666666666667,10.0,129,118,7,736,304,250,3.1678919729932487,1.2697674418604652,101.8672290909763,21.86,0.3387656418607464,0.030496531900442287,-0.11215130984959398,0.030447180640502686,-0.19578509271406716,0.14655079007670024,0.6076942473018855,1898,1907,False
581,schatda01,Dan Schatzeder,RP,MON,1317.0,1262.3333333333333,12.0,69,68,10,748,504,121,3.744874715261959,1.3151100987091875,108.62520983945181,7.41,0.32748983604295556,0.051886427680426006,0.10952795115190685,0.17817625889611755,-0.08917632508638855,0.17147714181485124,-0.40959190718462796,1977,1991,False
582,hadlebu01,Bump Hadley,SP,WS1,2945.6666666666665,2942.666666666667,15.0,161,165,25,1318,528,355,4.243861038814077,1.5011881860359853,109.68095686938037,35.23,0.3214036059413242,0.02184437738613441,-0.1075656828659224,-0.3458771929073693,0.6973914465827725,-0.01860466334291957,-0.0055226031851328605,1926,1941,False
583,handsbi01,Bill Hands,SP,CHN,1951.0,1945.0,10.0,111,110,14,1128,374,260,3.35366478728857,1.2234751409533573,119.83848522655681,30.02,0.31849419687312186,0.032750045950963695,0.12233222800900574,0.3330124054203203,-0.31693095281543987,0.08366481619653561,-0.3443288508258696,1965,1975,False
584,abernte02,Ted Abernathy,RP,CHN,1147.6666666666667,1114.3333333333333,12.0,63,69,148,765,681,34,3.4583212314841707,1.395875689805402,131.86118233939817,16.58,0.3169830290404355,0.056891958547490726,0.048915138130790126,-0.6912545941058222,0.29204723052639653,-0.12699841276257545,1.844670589884846,1955,1972,False
585,hermadu01,Dustin Hermanson,SP,MON,1283.0,1209.0,8.0,73,78,56,874,357,180,4.208885424785659,1.3600935307872175,111.16807145173635,12.73,0.31673111289721617,0.052395552174891016,0.2778998632001593,0.25460643327850924,-0.23645835707294063,-0.19654080362025567,0.05868810193863129,1995,2006,False
586,millefr02,Frank Miller,SP,PIT,1010.0,969.0,5.0,52,66,4,359,163,127,3.011881188118812,1.186138613861386,106.59012630220866,11.809999999999999,0.31438736393479394,0.06488903280387903,0.05627713273684706,0.573676896318325,0.029715812608515066,-0.2795838410820187,-0.42625868765213243,1913,1923,False
587,hoeftbi01,Billy Hoeft,RP,DET,1847.3333333333333,1804.3333333333335,13.0,97,101,33,1140,505,200,3.941356910862505,1.356008661133165,104.80180480326172,17.14,0.31268879129089444,0.03465975887207402,-0.13698787417399227,-0.029595725315583677,0.6203371068385335,-0.17365125633622977,-0.1500302440699819,1952,1966,False
588,bernhbi01,Bill Bernhard,SP,CLE,1792.0,1792.0,9.0,116,81,3,545,231,200,3.0385044642857144,1.2416294642857142,110.9940242795229,17.59,0.31204431663084053,0.03482637462397772,-0.035489895845952905,0.09921231265413881,-0.5756783055887281,0.6944065848644948,0.014458263618063714,1899,1907,False
589,zitoba01,Barry Zito,SP,OAK,2576.6666666666665,2569.666666666667,14.0,165,143,0,1885,433,421,4.041267787839586,1.3369987063389392,110.30852510438896,33.05,0.31163532368093594,0.024254922066229343,0.09311336136695897,0.045497799029350694,-0.08868502972326434,0.21372690523936252,-0.3540624313606773,2000,2015,False
590,bickfve01,Vern Bickford,SP,BSN,1076.3333333333335,1072.3333333333333,6.0,66,57,2,450,182,149,3.712604521523691,1.400123877361412,104.4349198676596,12.92,0.3114557479000087,0.05808935304320958,0.28450226249586164,0.03085154900745544,-0.08710404351511676,0.2741861115047614,-0.581655134305486,1948,1954,False
591,grayte01,Ted Gray,SP,DET,1134.0,1099.0,7.0,59,74,4,687,222,162,4.365079365079365,1.4700176366843034,97.85724144654006,7.569999999999999,0.30699754185221306,0.05586852444990225,-0.27235607702503567,-0.253816608091432,1.3897777940329952,-0.22414998343706274,-0.45713866390167307,1946,1955,False
592,otoolji01,Jim O'Toole,SP,CIN,1615.3333333333333,1608.3333333333333,9.0,98,84,4,1039,270,238,3.5658274865868758,1.2944696657036732,,0.0,0.30079013337658067,0.03740395440952296,0.06662297245352039,-0.010153027763327055,0.14946832893025927,0.20574657531969834,-0.47756512613016866,1958,1967,False
593,tidrodi01,Dick Tidrow,RP,NYA,1746.6666666666667,1731.0000000000002,12.0,100,94,55,975,620,138,3.6841603053435112,1.3076335877862595,107.45723831407517,14.26,0.3007126069006615,0.03474437976899612,-0.011898274296133982,0.09658474120009035,-0.05383592528951081,0.09478410922688707,0.05383126255531738,1972,1984,False
594,morgato01,Tom Morgan,RP,NYA,1023.3333333333334,1007.0,11.0,67,47,64,364,443,61,3.6058631921824102,1.3094462540716612,111.63214833283558,7.48,0.2992905424087553,0.059442014381083486,0.21742298251186368,0.23823981273511496,-1.141582969847438,0.4593624566584325,0.8197041820713993,1951,1963,False
595,owenfr01,Frank Owen,SP,CHA,1368.3333333333335,1352.3333333333335,7.0,82,67,2,443,194,155,2.5520097442143723,1.1305724725943969,105.08844753874253,7.12,0.2984746572739506,0.044142172631099465,0.19012489387733778,0.431296563467129,-0.7761065572750848,0.3562635959460088,-0.15738984359194355,1901,1909,False
596,clemema01,Matt Clement,SP,CHN,1412.6666666666667,1399.0,8.0,87,86,0,1217,238,236,4.472392638036809,1.3987730061349692,98.4828217501016,13.6,0.2980560903777642,0.04260987710904418,-0.12999349433286592,-0.11087640029715935,0.6724831814531645,0.022040098688746037,-0.36077305261831627,1998,2006,False
597,bentola01,Larry Benton,SP,BSN,2297.0,2268.0,12.0,127,128,22,670,455,258,4.0317805833696125,1.414888985633435,102.90728893179043,19.82,0.2790946818100344,0.024611523969138818,0.10376710164464585,0.14825034659607306,-0.30989893307275496,-0.016821725260137872,0.2695129357553768,1923,1935,False
598,ewingjo01,John Ewing,SP,LS2,1058.6666666666665,1058.6666666666665,4.0,53,63,2,525,129,121,3.681045340050378,1.4197103274559195,105.87477227589693,9.690000000000001,0.2670501597997288,0.0504502820780344,-0.08371807803176408,-0.18430956107085406,0.7645867269879917,-0.26098838269467767,0.16737522995026108,1888,1891,False
599,simmocu01,Curt Simmons,SP,PHI,3348.3333333333335,3329.333333333333,18.0,193,183,5,1697,569,462,3.542658038825286,1.3069188651070183,116.27552435980103,42.65,0.23972212142559068,0.014400608015153605,0.19125255521789306,0.15267162109999724,-0.15899847446027604,0.06621332212523176,-0.5302340559731006,1947,1967,False
600,bolanbe01,Bernie Boland,SP,DET,1062.0,1017.6666666666666,5.0,68,53,12,364,209,119,3.2457627118644066,1.2777777777777777,94.80264264715522,11.809999999999999,0.23902691191855263,0.04697548219820884,-0.30381718773320415,-0.08082059005741987,-0.2782065708759644,0.60897243699621,0.7698175342181576,1915,1921,False
601,burbada01,Dave Burba,RP,CLE,1777.6666666666667,1732.9999999999998,13.0,115,87,3,1398,511,234,4.485655353459591,1.4282767672979562,101.56337547424806,16.23,0.23801532094340366,0.02746858868360111,-0.1778975404005582,-0.23804344592339272,0.39000344368042006,0.44463958434594936,-0.3625066985332356,1990,2004,False
602,wolfra02,Randy Wolf,SP,PHI,2328.3333333333335,2268.0,14.0,133,125,1,1814,390,379,4.240372226198998,1.3490336435218324,101.46556210895237,19.55,0.23513868496927848,0.020735333771541332,-0.01755429145327335,0.05572532154766374,0.1310919241264711,0.12194815189439957,-0.35566793693938825,1999,2015,False
603,giustda01,Dave Giusti,RP,HOU,1716.6666666666667,1691.0000000000005,14.0,100,93,145,1103,668,133,3.6017475728155337,1.2955339805825241,101.0532782311908,16.1,0.23325833045474853,0.027588211762832486,-0.22218595510889821,-0.15050933724192728,0.10778816719022176,0.06704064415247463,0.8579627258199954,1962,1977,False
604,wittmi01,Mike Witt,SP,CAL,2108.3333333333335,2103.0,11.0,117,116,6,1373,341,299,3.833359683794466,1.3181027667984189,108.7790913212467,21.62,0.22149102908288484,0.021064291876641456,-0.02795655364505266,0.032448227477506746,0.2228005546743832,0.08281087878443379,-0.4118091327323549,1981,1993,False
605,davisma01,Mark Davis,RP,SFN,1145.0,1105.3333333333333,12.0,51,84,96,1007,624,85,4.165938864628821,1.3991266375545852,103.53767309154443,7.38,0.2184324165554247,0.03952335643343025,-0.307149013158541,-0.34303639754563525,1.4424200683905362,-0.6947020188310228,0.5252609919757169,1980,1997,False
606,mcdermi03,Mickey McDermott,SP,BOS,1316.6666666666667,1258.6666666666667,9.0,69,69,14,757,291,156,3.909873417721519,1.5182278481012657,109.87339210542336,13.540000000000001,0.20758675336544907,0.03298518326781498,0.07455019418676458,-0.5387772796673773,0.9221367674823078,-0.06525258508850458,-0.22334881840792467,1948,1961,False
607,sanfoja02,Jack Sanford,SP,SFN,2049.3333333333335,2036.333333333333,11.0,137,101,11,1182,388,293,3.68900455432661,1.2901756668835394,101.16820588772373,17.759999999999998,0.20106583246355986,0.019747830983489284,-0.04655911995857048,0.07643453229561448,-0.13418078436940903,0.43476590644373064,-0.4783804651563601,1956,1967,False
608,meyerru01,Russ Meyer,SP,PHI,1531.3333333333333,1485.3333333333333,10.0,94,73,5,672,319,219,3.9906399651719635,1.4020461471484547,103.03074516775209,12.66,0.1987553169190724,0.026762385581562704,-0.04205733284663165,0.04909821674649773,-0.05153361452032593,0.41765672005155313,-0.4822245649964927,1946,1959,False
609,birddo01,Doug Bird,RP,KCA,1213.6666666666665,1213.6666666666667,11.0,73,60,60,680,432,100,3.989563306783851,1.2927767096951388,103.01007183353589,9.09,0.1983024160054091,0.03267823389267937,-0.3300193853050189,0.16152964764494535,0.06876583962088659,0.10635175142860864,0.438596181730653,1973,1983,False
610,bellga01,Gary Bell,RP,CLE,2015.0,2015.0,12.0,121,117,51,1378,519,233,3.684863523573201,1.3081885856079405,100.12207343349918,14.36,0.1979927546540018,0.019651886318015045,-0.15397438055289334,-0.14392255141689803,0.3967448764208295,0.03377451179383524,0.08022241667529895,1958,1969,False
611,shawji01,Jim Shaw,SP,WS1,1600.3333333333333,1587.3333333333335,8.0,84,98,17,767,287,193,3.070610289523016,1.333472193293064,102.33168982940725,18.87,0.19716880048081042,0.02484277200514202,-0.23792134692503342,-0.5510094633095134,0.9819399030774324,-0.24471670212309707,0.8736258839318843,1913,1921,False
612,ellioju01,Jumbo Elliott,SP,BRO,1206.6666666666667,1155.3333333333335,6.0,63,74,12,453,252,144,4.243922651933701,1.4519337016574585,103.22872847098229,9.860000000000001,0.18944403141236066,0.03279469672458636,-0.04084731721511014,-0.018166631366782832,0.2942315653505823,-0.18916334498538226,0.2653453979701958,1923,1934,False
613,boddimi01,Mike Boddicker,SP,BAL,2123.6666666666665,2085.0,11.0,134,116,3,1330,342,309,3.8014440433213,1.3198869879139854,111.67916899437432,31.34,0.18328424097674378,0.017581222156042603,0.02819912327661888,0.06434554224419094,-0.010509958147533258,0.20591851870607006,-0.4463665633586724,1980,1993,False
614,perezme01,Melido Perez,SP,CHA,1354.6666666666667,1344.3333333333333,8.0,78,85,1,1092,243,201,4.165600393700787,1.342765748031496,102.33633209079437,11.19,0.16094612389538343,0.02394437747017855,-0.31483341480727717,-0.06708551043625167,0.8807121982302656,-0.08438568707603036,-0.39841193449786355,1987,1995,False
615,coaklan01,Andy Coakley,SP,PHA,1072.3333333333333,994.0,5.0,58,59,3,428,150,124,2.350015542430836,1.2449487099782406,122.19743617414511,11.219999999999999,0.15177561157059424,0.030538352428691018,0.5247318024005255,-0.3467262434970748,-0.15956773071462516,0.08435817357856279,0.010788741300407627,1902,1911,False
616,culloni01,Nick Cullop,SP,KCF,1024.0,1012.3333333333334,5.0,57,55,5,400,174,121,2.7333984375,1.203125,115.67301590621634,7.65,0.14813949951758387,0.029266940964949098,0.17592673038635986,0.20851642744918886,-0.36369443125049056,0.08616183670883694,-0.11337329585607364,1913,1921,False
617,horlejo01,Joe Horlen,SP,CHA,2002.0,1984.333333333333,11.0,116,117,4,1065,361,290,3.106393606393606,1.1903096903096904,119.16461590559425,25.48,0.13745807393589737,0.01385433300210623,0.3787690234678798,0.4530188736466218,-0.7573459743475968,0.04677324988094763,-0.5197809638318931,1961,1972,False
618,johnsha01,Hank Johnson,RP,NYA,1066.3333333333333,960.0000000000001,7.0,63,56,11,568,249,116,4.751797436698968,1.569865582994686,92.03123285892109,3.75,0.13475439821634966,0.028073832961739504,-0.6166260211917379,-0.6539467715426504,1.4979196030037307,0.3880131924377324,-0.11183240014848,1925,1939,False
619,shawdu01,Dupee Shaw,SP,WS8,1762.0,1737.0,5.0,83,121,0,950,211,207,3.1004540295119183,1.1952326901248582,110.72153252358258,18.779999999999998,0.1285863765259765,0.014805570123889012,0.15428171691724343,0.14512467658172656,0.33043909448928227,-0.4891294271132265,-0.28307961726064607,1883,1888,False
620,dobsopa01,Pat Dobson,SP,NYA,2120.3333333333335,2120.3333333333335,11.0,122,129,19,1301,414,279,3.535764816852696,1.277157679610124,103.76116346653619,18.13,0.11493018226884977,0.01084076550248543,-0.014380673536571246,0.13226127871223234,0.11318300642225575,-0.04773050657909591,-0.3119985921951826,1967,1977,False
621,danfoda01,Dave Danforth,RP,SLA,1186.0,1132.0,8.0,71,66,23,484,286,109,3.8853288364249576,1.4249578414839799,97.86837380010596,8.54,0.11350257535494124,0.0200534585432758,-0.5082991415410297,-0.4656651749771009,0.6909000964215962,0.16951354942351496,1.1185798156524898,1911,1925,False
622,mcginju01,Jumbo McGinnis,SP,SL4,1603.6666666666667,1603.6666666666665,6.0,102,79,0,562,187,186,2.9463728954479316,1.1635834545832466,115.20509180741722,9.58,0.10312495720292508,0.012861146190346086,0.1208496558566019,0.1810572789393288,-0.492858588875939,0.3200912261370226,-0.2806211496085328,1882,1887,False
623,gibbojo01,Joe Gibbon,RP,PIT,1119.6666666666667,1111.9999999999998,12.0,61,65,32,743,419,127,3.5206906817505206,1.3102113724322715,108.1459977789654,9.32,0.09844828351669395,0.01770652581235501,0.10914471649487774,-0.0991534372401376,0.21360510636696303,0.006403659910507543,-0.22770843615837535,1960,1972,False
624,russeje01,Jeff Russell,RP,TEX,1099.6666666666665,1041.6666666666665,12.0,56,73,186,693,589,79,3.748408608669294,1.3458623825401639,121.98630810126097,14.82,0.09703174615119664,0.01863009526102977,0.060329775501957915,-0.06227506299682968,-0.029679603948700877,-0.24025299296652602,0.731029365177931,1983,1996,False
625,fiersmi01,Mike Fiers,SP,HOU,1151.0,1117.3333333333335,8.0,75,64,0,995,218,199,4.073848827106864,1.267593397046047,105.93462560834902,13.200000000000001,0.09569196910645358,0.017128634088267335,0.0013257171284058085,0.1054855468735189,-0.19505396864861263,0.3350196350359293,-0.34698596488409,2011,2021,False
626,thomato02,Tommy Thomas,SP,CHA,2176.3333333333335,2164.0,11.0,117,128,12,736,398,267,4.114718946239853,1.4028181957420738,109.44006553828766,25.73,0.09065469604169685,0.008378437711801865,0.03542552491864224,0.18658492216881983,-0.03051774303458248,-0.09826758129171766,-0.15850967110258243,1926,1937,False
627,bosioch01,Chris Bosio,SP,ML4,1710.0,1675.3333333333333,10.0,94,93,9,1059,309,246,3.963157894736842,1.3,110.41286097464052,24.38,0.08906469592602548,0.010632474642979594,0.013385864814024267,0.23379179662863278,-0.22054394147295867,0.1131529473473814,-0.2968374189256924,1986,1996,False
628,davenda01,Dave Davenport,SP,SLA,1537.0,1537.0,6.0,73,83,12,719,259,186,2.933636955107352,1.2491867273910215,104.43966055230001,14.310000000000002,0.07720602213389427,0.010046326887949807,-0.27615910521200254,-0.21571431186996678,0.5802273836871068,-0.20375311324040396,0.5771982706910159,1914,1919,False
629,tapanke01,Kevin Tapani,SP,MIN,2265.0,2265.0,13.0,143,125,0,1482,361,354,4.347019867549669,1.3072847682119206,103.15751962364153,29.21,0.07252641437627373,0.0064040983996709626,-0.15376037789313513,0.32376160083765837,-0.19572894278694677,0.21118445642835248,-0.38635665060892793,1989,2001,False
630,perripo01,Pol Perritt,SP,NY1,1469.6666666666667,1380.0,6.0,92,78,8,543,256,177,2.890451349512361,1.22885007938308,102.04186225211215,9.02,0.05273070434034777,0.007642131063818533,0.03443830996892104,0.13608293024878607,-0.30679727380641675,0.2493852345140414,-0.23505771132133133,1912,1921,False
631,moorera02,Ray Moore,RP,BAL,1072.6666666666667,997.6666666666666,8.0,63,59,46,612,365,105,4.060907395898073,1.3937228091982596,95.9872987177239,6.71,0.0515724858213127,0.010338620612358051,-0.13661894476183556,-0.15023986494905534,0.10304467399431189,0.18273607307352474,0.24897173626513436,1952,1963,False
632,sothoal01,Allen Sothoron,SP,SLA,1582.3333333333335,1547.3333333333333,8.0,91,100,9,576,264,194,3.310301242890246,1.377080261217611,112.75410031139663,13.5,0.04447827575157312,0.005749023147553607,0.0742204974813725,-0.3148919188488417,0.29524464827137703,-0.12661388241992116,0.3219072531912974,1914,1926,False
633,dohened01,Ed Doheny,SP,NY1,1405.0,1379.3333333333333,8.0,75,83,2,572,184,169,3.7345195729537366,1.4861209964412812,101.26591081857832,-2.8800000000000003,0.03242755824093274,0.004701917579642282,-0.15010809539082923,-0.5489162831985911,1.0132342250233204,-0.052611237223181034,-0.12666585333030528,1895,1903,False
634,kaufmto01,Tony Kaufmann,SP,CHN,1086.3333333333333,1054.6666666666667,7.0,64,62,12,345,202,123,4.183798711261123,1.4415464866523475,104.28033682009998,6.8500000000000005,0.02882702674858373,0.0054665663872155955,-0.1409167487631679,-0.014047594936399743,0.053389197433725805,0.0888012404340993,0.2769797669723752,1921,1935,False
635,lovetto01,Tom Lovett,SP,BRO,1305.3333333333333,1305.3333333333333,6.0,88,59,1,439,162,149,3.9369254341164455,1.3674668028600614,97.24606654802311,10.33,0.022366299093182218,0.003426909973419123,-0.2167727409392033,0.27954331917853315,-0.40276944145965277,0.5518711987975146,-0.4208608605398565,1885,1894,False
636,mcbeaal01,Al McBean,RP,PIT,1072.3333333333333,1061.3333333333333,9.0,67,50,63,575,409,76,3.1305564190239354,1.3270127447932858,117.59124039380308,13.66,0.01670638215474693,0.003148187591974957,0.34072683416749094,-0.3452204460588818,-0.6715316475121522,0.45556384265947475,0.47465151535358147,1961,1970,False
637,mcclubo01,Bob McClure,RP,ML4,1158.6666666666667,1055.6666666666667,12.0,68,57,52,701,698,73,3.806098964326812,1.3998849252013807,109.62357058474234,10.42,0.010389443411843932,0.0019683189286726645,0.05694294011802699,-0.29696009905313014,0.05189936599517707,0.22328429751664555,-0.0022383679212631073,1975,1993,False
638,ashbyan01,Andy Ashby,SP,SDN,1810.6666666666665,1760.0,11.0,98,110,1,1173,309,285,4.120581737849779,1.3238217967599413,105.12608381665098,21.52,0.007752099469394369,0.0008809203942493404,0.18569172056038144,0.33365521956082345,-0.3365117364486943,-0.12696358073706684,-0.36260751198899643,1991,2004,False
639,kosloda01,Dave Koslo,SP,NY1,1591.3333333333333,1536.0000000000002,9.0,92,106,22,606,347,189,3.6761625471302892,1.3410138248847927,110.11293751360675,17.87,-0.0008497244805117377,-0.00011064120839994009,0.08913664928536205,0.27008758445019587,-0.3886375677830591,-0.15896647672598338,0.1960410925951908,1941,1954,False
640,mortoch02,Charlie Morton,SP,PIT,1625.0,1569.666666666667,12.0,107,95,0,1492,292,291,3.9987692307692306,1.3009230769230768,103.75394468727596,18.48,-0.016417005575455335,-0.002091782405027242,-0.05026864853884435,-0.10386760670739913,0.08696771767899826,0.27804737986279765,-0.3656073810182557,2008,2021,False
641,rozemda01,Dave Rozema,SP,DET,1106.0,1067.6666666666667,8.0,60,53,17,448,248,132,3.4665461121157324,1.2504520795660037,120.75350326215775,15.73,-0.01659506240459016,-0.003108659832267898,0.27833001411548275,0.4504960993873275,-0.9267178361250753,0.12431868487675976,-0.24835357958307364,1977,1986,False
642,estrama01,Marco Estrada,SP,TOR,1251.3333333333333,1196.3333333333333,8.0,62,68,0,1094,283,194,4.286627597229622,1.21470431539691,101.06100853482144,11.77,-0.019278140878721706,-0.003222871141608546,-0.23890462985745947,0.3750769086225775,0.000728046441753188,-0.006584850371527063,-0.36094580046933267,2008,2019,False
643,jacksla01,Larry Jackson,SP,SLN,3262.6666666666665,3262.6666666666665,14.0,194,183,20,1709,558,429,3.4012055578259095,1.2351859419697588,114.52299768825783,52.56,-0.020371935343218184,-0.001248790478742442,0.18993278454164228,0.3018369381087072,-0.5433569757569244,0.09725480188125953,-0.36000220558140356,1955,1968,False
644,cobbal01,Alex Cobb,SP,TBA,1010.3333333333334,976.0,8.0,63,60,0,816,174,174,3.8660508083140877,1.2649290663147477,110.90660964818413,19.48,-0.022096008134895206,-0.004527870519445729,0.16446085103684666,0.10032596772656653,-0.3794259180044754,0.220058758219418,-0.346864543473361,2011,2021,False
645,demaral01,Al Demaree,SP,NY1,1424.0,1408.0,7.0,80,72,9,514,232,173,2.774578651685393,1.184691011235955,103.40736691325115,11.35,-0.030980324560774097,-0.004400614284200869,-0.021184583084957256,0.26924030027358253,-0.46523605882868585,0.16910511898544306,-0.0718835561270864,1912,1919,False
646,nuxhajo01,Joe Nuxhall,SP,CIN,2302.6666666666665,2302.0,15.0,135,117,19,1372,526,287,3.9006948465547193,1.3401852924145918,105.19255030431106,26.81,-0.05215306282061638,-0.004531108846274243,-0.18481299429594011,-0.08283530657890119,0.21946133331063414,0.2193828855883602,-0.2538787740736279,1944,1966,False
647,fowlear01,Art Fowler,RP,CIN,1024.0,1017.0,8.0,54,51,32,539,362,90,4.025390625,1.3154296875,106.92684661014611,11.02,-0.053879379766407665,-0.010595748233315183,-0.21444604524306995,0.20538398430107088,-0.045409630396131266,0.1087172378414687,0.05107042694136777,1954,1964,False
648,guzmajo01,Jose Guzman,SP,TEX,1224.3333333333333,1172.0,6.0,80,74,0,889,193,186,4.050367546964335,1.3680914783555678,104.82828226423729,13.4,-0.060982240361394546,-0.010406525658941054,-0.13491104395372583,-0.19138967356935643,0.4450563952707903,0.12820557837428775,-0.43483741007186083,1985,1994,False
649,minormi01,Mike Minor,SP,ATL,1311.0,1311.0000000000002,10.0,79,78,6,1197,276,209,4.112128146453089,1.2250190694126621,106.40391092065212,18.46,-0.06307037421273098,-0.009621719940920051,-0.18293661453943463,0.2165928404424489,0.027868546404964382,0.05273563317452072,-0.30921115311334707,2010,2021,False
650,taylodu01,Luther Taylor,SP,NY1,1916.3333333333333,1916.3333333333333,9.0,116,106,3,767,274,237,2.747434336406332,1.2670029570360064,110.95309314554537,15.17,-0.06474081589394409,-0.006756738482582419,0.13247877506216593,-0.1594173587624103,0.05494800088301803,0.13854266819439467,-0.3872022637300386,1900,1908,False
651,rodriwa01,Wandy Rodriguez,SP,HOU,1557.3333333333333,1530.6666666666665,10.0,97,98,0,1281,275,263,4.103167808219179,1.3446061643835616,103.78685794285266,13.95,-0.06494174866363459,-0.008485420121555043,-0.00149211196097364,-0.07042839279244593,0.21088160700387276,0.013024472504067842,-0.35286509834788266,2005,2015,False
652,conlege01,Gene Conley,SP,ML1,1588.6666666666667,1576.0000000000002,10.0,91,96,9,888,276,214,3.8182962652119175,1.3325639949643306,105.19575305255657,15.6,-0.06864745876842765,-0.008711606442693868,0.007081197015429241,0.11054142836553034,0.0834573029238381,-0.08288607087993528,-0.3823150919671434,1952,1963,False
653,piattwi01,Wiley Piatt,SP,PHI,1390.3333333333333,1390.3333333333333,6.0,86,79,1,517,182,170,3.599136897626469,1.3924718292975307,99.19838910026621,8.08,-0.07209250038586579,-0.010370534699477203,-0.21546339350007504,-0.2441166500033452,0.6072578066052342,0.06700487088790129,-0.30328059322249284,1898,1903,False
654,penaor01,Orlando Peña,RP,KC1,1202.0,1112.6666666666667,9.0,56,77,40,818,427,93,3.706322795341098,1.2703826955074875,114.78358622879261,13.32,-0.08041372999736363,-0.014454235469867665,-0.23523855191510132,0.01804040965448581,0.3437531835053199,-0.2193239948922426,0.049919703656594,1958,1975,False
655,klingbo01,Bob Klinger,RP,PIT,1089.6666666666667,1089.6666666666665,8.0,66,61,23,357,265,130,3.675435913123279,1.3866625879473844,105.40078632091276,9.07,-0.08160563106464319,-0.014978090742975205,0.12537254268995782,0.02076705904276988,-0.5637432515040858,0.22665107868432802,0.19817744917103405,1938,1947,False
656,harpeha01,Harry Harper,SP,WS1,1256.0,1239.6666666666665,8.0,57,76,5,623,219,171,2.8662420382165603,1.339171974522293,110.28448661042184,13.96,-0.08920218155139881,-0.014391317270997373,0.06083283142008377,-0.5693316764989753,1.1992995751740865,-0.3814759532337844,-0.5420111374896539,1913,1923,False
657,dennyjo01,John Denny,SP,SLN,2148.6666666666665,2146.6666666666665,12.0,123,108,0,1146,325,322,3.585479367049333,1.3361774744027304,110.82285164325997,31.099999999999998,-0.09888883428260042,-0.00921324543005594,0.16949105515712104,-0.012170172540394741,-0.19498084675346428,0.20518886422553367,-0.5058506957865139,1974,1986,False
658,bradlto01,Tom Bradley,SP,CHA,1017.6666666666667,1015.6666666666667,6.0,55,61,2,691,183,151,3.723223059285948,1.2872584343268916,101.60764236242667,10.92,-0.11071752824370418,-0.02180194189242615,-0.25354608384433297,0.036666002736337515,0.5069500576433104,-0.13369681543859396,-0.4223257005637053,1969,1975,False
659,frankfr02,Fred Frankhouse,SP,BSN,1888.0,1850.0,12.0,106,97,12,622,402,216,3.9184322033898304,1.4480932203389831,102.76577560653753,16.57,-0.11246496799786262,-0.012158374918687851,0.1927696749994189,-0.028355797893841617,-0.30780317111267286,0.2304444043573456,-0.3779009084401671,1927,1939,False
660,smithbo02,Bob Smith,SP,BSN,2246.3333333333335,2246.3333333333335,13.0,106,139,40,618,435,229,3.9384181629321855,1.3987238462679923,101.74018772906525,23.68,-0.11555581634164133,-0.010288394391598886,0.17467141477176532,0.20208950741367004,-0.5780453558402691,-0.3534111768070701,0.8126517254637012,1925,1937,False
661,jayjo01,Joey Jay,SP,CIN,1546.3333333333333,1498.6666666666667,9.0,99,91,7,999,310,203,3.7715024789825393,1.336710497952145,102.59262838100996,15.66,-0.12782890771975836,-0.017059017934131452,-0.07200917611933828,-0.11511407576411752,0.255234024586534,0.13241261136777638,-0.4780753215412957,1953,1966,False
662,willido03,Dontrelle Willis,SP,FLO,1221.6666666666667,1164.0000000000002,7.0,72,69,0,896,205,202,4.1697135061391535,1.433287858117326,108.78556289929732,15.43,-0.1291494020771599,-0.02219061891360131,0.18687904541061934,-0.2364428733055849,0.030944904644525296,0.09730447520133759,-0.3544953790903252,2003,2011,False
663,valdeis01,Ismael Valdez,SP,LAN,1827.3333333333333,1799.0,11.0,104,105,1,1173,325,288,4.087924115286392,1.310653046333455,107.37944773033118,24.54,-0.12986662572384716,-0.014437645994869033,0.17460845040580852,0.3359010030525013,-0.4398790847975897,-0.06090849530628747,-0.35596059121214685,1994,2005,False
664,lowede01,Derek Lowe,SP,BOS,2671.3333333333335,2658.3333333333335,16.0,176,157,86,1722,681,377,4.026079361118043,1.3300474170202146,116.81850765201807,33.06,-0.1417789875940738,-0.010666757687328417,0.12724864127227176,0.09279504926311138,-0.4895834767000341,0.16621311299428626,-0.010036075800246425,1997,2013,False
665,stottto01,Todd Stottlemyre,SP,TOR,2191.6666666666665,2171.3333333333335,13.0,138,121,1,1587,372,339,4.27893536121673,1.3761216730038024,101.22935662085197,20.96,-0.14764650839532045,-0.013599616984524433,-0.17848553060575512,-0.09024557006984057,0.19619830007246455,0.2619706255807573,-0.3805062694626986,1988,2002,False
666,lannijo01,Johnny Lanning,RP,BSN,1071.0,1038.3333333333335,8.0,58,60,13,295,278,104,3.5798319327731094,1.3408029878618113,104.20255852172086,9.21,-0.1482084266904402,-0.028547369506986872,0.4106400439991337,0.4270705865246048,-0.9771503042936404,-0.14252534374950115,-0.14039897529293188,1936,1947,False
667,ellisdo01,Dock Ellis,SP,PIT,2127.6666666666665,2127.6666666666665,12.0,138,119,1,1136,345,317,3.455898480338399,1.2882657057809808,109.36457332910132,14.95,-0.14936200476039874,-0.014039981647538642,0.12048728442009954,0.11142389522408908,-0.33309277656587377,0.2320004352050996,-0.5179930828643099,1968,1979,False
668,andujjo01,Joaquin Andujar,SP,SLN,2153.0,2153.0,13.0,127,118,9,1032,405,305,3.582443102647469,1.275894101254064,101.90697886556627,16.71,-0.1518707226224601,-0.014107823745699959,0.19640347062591113,0.3257044358680629,-0.5700392368255144,0.04168064785294166,-0.38963082574678903,1976,1988,False
669,hammoch01,Chris Hammond,RP,FLO,1123.6666666666667,1070.0,11.0,66,62,3,712,441,136,4.140907742509641,1.379412637199644,124.53381307048475,9.11,-0.15445941633293925,-0.02887091894073634,0.06597175695749805,-0.030818278765602843,-0.27926053955413477,0.26810952908738306,-0.3542908639535978,1990,2006,False
670,lockwsk01,Skip Lockwood,RP,ML4,1236.0,1213.0,11.0,57,97,68,829,420,106,3.5533980582524274,1.3106796116504855,106.79689659974713,10.64,-0.1590895229136687,-0.026230753984116933,0.016733176528955132,-0.0061626330085849754,0.5217721246270527,-0.8586613295851844,0.3233385944964091,1969,1980,False
671,merriji01,Jim Merritt,SP,MIN,1483.0,1438.6666666666667,8.0,81,86,7,932,297,192,3.653405259608901,1.2070128118678354,101.54694331378597,16.21,-0.15917951055476642,-0.022128754942738603,-0.25836711920194416,0.44447317012896853,-0.05904348556938345,-0.06201485040996746,-0.44443600478624506,1965,1975,False
672,burkejo03,John Burkett,SP,SFN,2648.3333333333335,2642.3333333333335,14.0,166,136,1,1766,445,423,4.309125235997483,1.3465072372561357,100.76556127748921,21.78,-0.16432470946487976,-0.012437848578141517,-0.11246358248717417,0.12061306901392806,-0.16834292466387163,0.282339616729398,-0.37274558622935255,1987,2003,False
673,mizelvi01,Vinegar Bend Mizell,SP,SLN,1528.6666666666667,1528.6666666666667,9.0,90,88,0,918,268,230,3.8504143044047097,1.3829044919319669,106.29468767820444,17.52,-0.1671142778197876,-0.0218640572812631,-0.043584377612797376,-0.24762269527335892,0.5505107369117485,0.0943554260840671,-0.6307672552230936,1952,1962,False
674,foremfr01,Frank Foreman,SP,CIN,1721.6666666666665,1646.6666666666667,7.0,96,93,4,586,229,205,3.9728944820909975,1.461374636979671,103.13112589851218,15.58,-0.17006798761908687,-0.020656030884909322,-0.05250840346913153,-0.03863537193691969,-0.21242607898973376,0.13122630492785436,0.18369867778979365,1884,1902,False
675,johnske02,Ken Johnson,SP,HOU,1737.3333333333333,1718.0,10.0,91,106,9,1042,334,231,3.4604758250191865,1.1989639293937069,105.35366101155145,20.21,-0.17294661085555643,-0.020133482055361637,0.06705733529169178,0.4243545844568376,-0.29135383709900464,-0.20390464089002758,-0.43934766394687574,1958,1970,False
676,perezol01,Oliver Perez,RP,NYN,1461.6666666666667,1345.0000000000002,14.0,73,93,5,1545,696,195,4.340935005701254,1.4291904218928164,108.26693641845311,10.13,-0.1760345927729153,-0.02617614762422531,-0.2912191358457473,-0.5659558038263255,1.3799617393648196,-0.2697867599798194,-0.3391740858320724,2002,2021,False
677,brownto05,Tom Browning,SP,CIN,1921.0,1887.6666666666667,10.0,123,90,0,1000,302,300,3.940135346173868,1.271212909942738,100.0486577817059,19.53,-0.1795926119388993,-0.019028000558597862,-0.1351180186224,0.3148291505979841,-0.6262793272436468,0.5265755579718776,-0.4462807079175011,1984,1995,False
678,bradlge01,George Bradley,SP,SL3,2404.3333333333335,2404.3333333333335,8.0,138,125,2,611,287,265,2.5004852349923747,1.1013447941217247,114.07759293761299,21.6,-0.1800626367954562,-0.014978175804418925,0.029724289614685463,0.2204722482059994,-0.26143897296528606,-0.012066665196480132,-0.22826182627236904,1876,1884,False
679,altroni01,Nick Altrock,SP,CHA,1514.0,1456.0,8.0,83,75,7,425,217,161,2.6453104359313078,1.1380449141347424,104.19541282772929,8.72,-0.18424104312893697,-0.025307835594634207,0.08260178225183745,0.47090188817036766,-1.0686392237525197,0.20958589190240212,0.0812691316983808,1898,1924,False
680,averyst01,Steve Avery,SP,ATL,1554.6666666666667,1538.6666666666667,10.0,96,83,0,980,297,261,4.185463121783877,1.3494854202401372,104.22109622592096,12.469999999999999,-0.18713288380821114,-0.02432403169084197,-0.060667617038382596,0.08584210669301598,-0.2304257781370299,0.2706079431793367,-0.3865408711296167,1990,2003,False
681,johnto01,Tommy John,SP,CHA,4710.333333333333,4690.0,25.0,288,231,4,2245,760,700,3.341801712546883,1.2827117684523388,114.34107636349329,62.08,-0.18765370766013834,-0.008002290305336397,0.29910461651451087,0.12728155236786412,-0.7231660198013474,0.400074620151343,-0.4998055259592922,1963,1989,False
682,browncl01,Clint Brown,RP,CLE,1485.6666666666667,1435.6666666666665,11.0,89,93,64,410,434,130,4.264752075387031,1.4188916311420237,111.7275392235702,20.05,-0.1987381479472913,-0.027685834401758754,-0.10040765246148158,0.1156765419959247,-0.7308503199174762,0.04037772162777505,1.0659146287257069,1928,1942,False
683,astacpe01,Pedro Astacio,SP,LAN,2196.6666666666665,2151.3333333333335,13.0,129,124,0,1664,392,343,4.670713201820941,1.3738998482549318,101.43460218878475,28.28,-0.20414331375455108,-0.018978306205877073,-0.25544008152616204,0.09290812870434773,0.23630499387770568,0.056725383447027856,-0.369513934653702,1992,2006,False
684,meadole01,Lee Meadows,SP,PIT,3160.6666666666665,3150.0000000000005,13.0,188,180,7,1063,490,406,3.3742881248681713,1.3402235815228856,108.25831970470418,30.630000000000003,-0.20764061201278017,-0.013183530921446399,0.06034180350423511,-0.017928300238328292,-0.04143420570831732,0.13517359883905433,-0.4253478536407047,1915,1929,False
685,viaule01,Lee Viau,SP,CN2,1442.0,1442.0000000000002,5.0,83,77,1,554,178,162,3.326629680998613,1.3640776699029127,105.92427075593069,11.59,-0.21332284041601435,-0.02958707911456508,0.09134704780834643,-0.13074834037290176,-0.20033129666049496,0.18857746900659783,-0.17385990442646804,1888,1892,False
686,mcgilwi01,Willie McGill,SP,CHN,1235.0,1218.0,6.0,71,73,1,502,166,148,4.569230769230769,1.6672064777327935,104.39395393075313,10.9,-0.2135096329876643,-0.03505905303574125,-0.22863290837505437,-0.6746917336410365,1.1437031210808823,-0.03288603108993096,-0.31391310529908745,1890,1896,False
687,barkele01,Len Barker,SP,CLE,1323.6666666666667,1308.666666666667,10.0,74,76,5,975,248,194,4.344749433392092,1.3613699320070511,96.26036268283872,13.25,-0.21592470953554588,-0.032999191472574504,-0.5976500064169712,-0.17252513517243034,1.0863706951719685,-0.015031046341152113,-0.4734548925940599,1976,1987,False
688,stottme01,Mel Stottlemyre,SP,NYA,2661.3333333333335,2661.3333333333335,11.0,164,139,1,1257,360,356,2.969188376753507,1.218937875751503,113.69956490935607,40.69,-0.23252375543117726,-0.01747423011757343,0.4756878674313921,0.26657104917433455,-1.0445218612701377,0.2998179652893745,-0.5409818007285244,1964,1974,False
689,latmaba01,Barry Latman,RP,CLE,1219.0,1175.0000000000002,9.0,59,68,16,829,344,134,3.9056603773584904,1.328137817883511,108.79275286192276,3.76,-0.24100045368319103,-0.041021353818415485,-0.2344958861833002,-0.09970310642520315,0.4521706577213266,-0.2376143781306257,-0.1567410865920408,1957,1967,False
690,kralija01,Jack Kralick,SP,CLE,1218.0,1203.6666666666665,7.0,67,65,1,668,235,169,3.561576354679803,1.277504105090312,111.51484497253621,18.29,-0.2429447402094369,-0.04036744506387763,0.14851944794848393,0.15402815997395478,-0.4685235061550826,0.16553107183206184,-0.5540586017988313,1959,1967,False
691,quintjo01,Jose Quintana,SP,CHA,1558.0,1548.0,9.0,83,80,0,1395,283,257,3.8356867779204107,1.284338896020539,112.21290235613796,33.16,-0.24747142969455238,-0.03197305293211271,0.0765150986400334,-0.06562284190316411,-0.03501659872327798,0.08470697887772081,-0.3650117996427198,2012,2021,False
692,contrjo01,Jose Contreras,SP,CHA,1173.0,1140.3333333333333,8.0,78,67,9,889,299,175,4.565217391304348,1.3665814151747655,105.7828880045458,13.459999999999999,-0.2509188919397095,-0.04400799040158601,-0.283553036474191,-0.028188852454362427,0.05036926245168803,0.2837061261739688,-0.32887595894578975,2003,2013,False
693,haddoge01,George Haddock,SP,BRO,1580.0,1564.0,6.0,95,87,2,599,204,189,4.072784810126582,1.4962025316455696,101.6024318439998,8.44,-0.2552952081744081,-0.03264644605810847,-0.2135209310471041,-0.24219397915910848,0.061169487370464896,0.2992059682025179,0.09207190378848115,1888,1894,False
694,bunkewa01,Wally Bunker,SP,BAL,1085.3333333333333,1049.0,7.0,60,52,5,569,206,152,3.5076781326781328,1.2070024570024571,104.2071157358925,7.399999999999999,-0.29409078383514753,-0.05607069281890324,0.036204593946619366,0.3781696335059098,-0.7964503992209417,0.18559475453221252,-0.4197803974190786,1963,1971,False
695,liriafr01,Francisco Liriano,SP,MIN,1813.6666666666665,1790.0,13.0,112,114,1,1815,419,300,4.153464436684433,1.3591251608160266,106.47778436845583,17.950000000000003,-0.2957095105380938,-0.033040168775206005,-0.1791183979878882,-0.35294266259183665,0.690964619362815,-0.016240489107666557,-0.34969729681304446,2005,2019,False
696,menefjo01,John Menefee,SP,CHN,1111.3333333333335,1096.3333333333335,6.0,58,70,0,293,139,125,3.8143371325734847,1.4055188962207557,102.26221839047838,7.18,-0.30098195583281406,-0.05490701535411626,0.18794915704761556,0.30329159959374574,-0.37405771951388445,-0.23313883675260672,-0.5627789326115831,1892,1903,False
697,package01,Gene Packard,SP,KCF,1410.3333333333333,1401.333333333333,7.0,85,69,17,488,248,153,3.0120538879697474,1.2401323564169229,100.84382025746947,8.3,-0.30146739014577556,-0.04302579307503933,-0.28603832741821966,-0.021413677583949933,-0.6084310102053454,0.32191307654875717,0.9114079490682071,1912,1919,False
698,wachami01,Michael Wacha,SP,SLN,1026.3333333333333,992.3333333333335,8.0,63,48,0,917,202,181,4.139006170834687,1.3309516076648262,109.20419922052541,22.94,-0.3017818888131402,-0.06082268501440513,-0.06321923887608723,-0.24427864097067298,-0.14223651804754356,0.4070264938203365,-0.36906210207273654,2013,2021,False
699,hitchst01,Sterling Hitchcock,SP,SDN,1285.6666666666667,1181.0,9.0,74,76,3,997,281,200,4.795177599170339,1.435053150116671,92.31810756371378,9.47,-0.3024414512657168,-0.0512178579620181,-0.2844957417620981,-0.09515161133492347,0.271742332614048,0.11737111266660398,-0.3412870874389308,1992,2004,False
700,buchhcl01,Clay Buchholz,SP,BOS,1332.3333333333333,1302.3333333333333,11.0,90,69,0,1024,236,218,3.978734050537904,1.2984738553915438,130.37660566597052,16.98,-0.3030764625673178,-0.04654360827755071,-0.04952991798891982,-0.034201800780967885,-0.3602808200433176,0.4108130824970354,-0.35717131075822306,2007,2019,False
701,happja01,J. A. Happ,SP,TOR,1893.6666666666667,1857.9999999999998,13.0,133,100,0,1661,354,328,4.125330047526844,1.31490934694596,108.57876119220371,21.490000000000002,-0.304028012662747,-0.03272637380653899,-0.15902383534821277,-0.1698805490451884,-0.04758045097984191,0.46645574576938736,-0.35531640974863454,2007,2021,False
702,stanlbo01,Bob Stanley,RP,BOS,1707.0,1707.0,13.0,115,97,132,693,637,85,3.637961335676626,1.364381956649092,122.58834539861715,23.849999999999998,-0.3122510131625636,-0.03658477014206957,0.17672822411114478,-0.1621079267810119,-1.0065574863066817,0.3231291113980248,0.964458305071286,1977,1989,False
703,gausmke01,Kevin Gausman,SP,BAL,1177.3333333333333,1177.3333333333333,9.0,64,72,0,1161,236,197,4.020951302378256,1.282559456398641,112.89154261335172,29.62,-0.318154710249987,-0.05404666652038282,-0.07485656453987562,-0.07659685896441341,0.2322158838200675,-0.14808788846749835,-0.3532157351574654,2013,2021,False
704,houttar01,Art Houtteman,SP,DET,1555.0,1511.0000000000002,9.0,87,91,20,639,325,181,4.138263665594855,1.3903536977491961,103.04263834327404,11.260000000000002,-0.3190265276933057,-0.04222720419501067,-0.11759021826985792,0.12166097104877056,-0.2666924151042773,0.03313991763654697,0.15874745263992696,1945,1957,False
705,gurala01,Larry Gura,SP,KCA,2047.0,1969.0,12.0,126,97,14,801,403,261,3.7591597459697117,1.2799218368343919,112.40583922012786,21.52,-0.3233585251613019,-0.03284494922918256,0.05278126523145947,0.38472980815334334,-1.021552141243857,0.5040335228934656,-0.4158649364494868,1970,1985,False
706,zachrpa01,Pat Zachry,SP,NYN,1177.3333333333333,1164.6666666666667,9.0,69,67,3,669,293,154,3.524065685164213,1.3946772366930917,105.37761209472546,11.83,-0.32649862837417765,-0.05606730882212553,0.1913728774010213,-0.3562481119754955,0.09305650202032664,0.07294329414625174,-0.4804845941182265,1976,1985,False
707,mcquihu01,Hugh McQuillan,SP,NY1,1561.6666666666667,1552.6666666666665,9.0,88,94,16,446,279,204,3.832443970117396,1.4036286019210245,98.08662250152344,8.52,-0.33427165391489133,-0.043057748464777744,-0.0342603672252248,-0.01595950694906901,-0.28627531923583716,-0.153804250808133,0.5751313408758969,1918,1927,False
708,schmijo01,Johnny Schmitz,SP,CHN,1812.6666666666667,1792.0,12.0,93,114,20,746,366,235,3.5450533284295696,1.3918720117690326,113.2220844060631,24.61,-0.34028560650461626,-0.03797830429739024,0.25884034947137663,-0.006850337136807708,-0.1851601016476232,-0.3092769852896642,0.018056258491118703,1941,1956,False
709,hearnji01,Jim Hearn,SP,NY1,1703.6666666666667,1692.6666666666665,12.0,109,89,8,669,396,229,3.8088436705145763,1.3594208569751516,110.81480973716877,17.06,-0.3420571347352581,-0.04041636093760435,0.058632438399389246,0.08253780142205894,-0.5465154845806272,0.41822764163805165,-0.45823715083675304,1947,1959,False
710,garcija02,Jaime Garcia,SP,SLN,1135.0,1119.0,9.0,70,62,0,925,218,188,3.845814977973568,1.318942731277533,109.33094911028613,10.16,-0.34551578910692216,-0.06175438589936055,0.08872048997199179,-0.1634365481173287,-0.17339227376804195,0.13150567195762605,-0.35792617747949873,2008,2018,False
711,gardnma01,Mark Gardner,SP,SFN,1764.6666666666667,1738.3333333333333,12.0,99,93,1,1256,345,275,4.559501322251605,1.34869663770306,89.84867106162217,6.24,-0.3482901629035956,-0.04007173494576364,-0.32222379016301844,0.12432071151673328,0.07543837172698845,0.16278425055855608,-0.3824048974130125,1989,2001,False
712,buehrma01,Mark Buehrle,SP,CHA,3283.3333333333335,3283.333333333333,16.0,214,160,0,1870,518,493,3.8128934010152284,1.2810152284263958,117.86328612464513,59.98,-0.3520010071030445,-0.021441685711860576,0.21280311117811393,0.23502873568317187,-0.9421379065680536,0.4521494345627734,-0.3540195302612599,2000,2015,False
713,sanchan01,Anibal Sanchez,SP,DET,1948.3333333333333,1918.3333333333333,14.0,112,113,0,1726,350,327,4.051154833190761,1.3129170230966638,110.17876165961343,30.06,-0.35518908351987394,-0.03703100783873577,-0.06834476198172647,-0.04555494058915844,0.1700220761392163,-0.01851637280583307,-0.34878051935966725,2006,2020,False
714,roarkta01,Tanner Roark,SP,WAS,1155.0,1148.0,8.0,76,68,1,936,227,184,3.8493506493506495,1.258008658008658,118.82482300815761,18.22,-0.3600148287722711,-0.06272035344464652,0.09278555918500539,0.08043170029999462,-0.47789715846846953,0.15071998572601733,-0.3400171602216495,2013,2021,False
715,suggsge01,George Suggs,SP,CIN,1652.0,1625.0,7.0,99,91,17,588,245,185,3.110774818401937,1.2572639225181599,106.49443663140464,20.37,-0.3614389943831786,-0.044484799308698905,-0.198026505216252,0.08581030271081079,-0.731132017339481,0.17458518535834908,0.9244551578161808,1908,1915,False
716,fornimi01,Mike Fornieles,RP,BOS,1156.6666666666667,1093.6666666666667,10.0,63,64,55,576,432,76,3.9605187319884725,1.3711815561959653,107.06718020297775,8.01,-0.3658077555656969,-0.06689565782975253,-0.14834933717386015,-0.17181629625043568,-0.22398817453125236,-0.04148888342584105,0.6717287040171375,1952,1963,False
717,merckke01,Kent Mercker,RP,ATL,1325.3333333333333,1279.0,15.0,74,67,25,917,692,150,4.155935613682093,1.4441649899396378,115.65738750524008,12.78,-0.37152248280394606,-0.05809577526254047,0.09635485267219195,-0.31650909505000546,-0.02184131107554943,0.1047875987321935,-0.24523954700182776,1989,2008,False
718,wilsoja01,Jack Wilson,RP,BOS,1131.6666666666667,1122.6666666666667,8.0,68,72,20,590,281,121,4.58880706921944,1.6206185567010307,105.97401480222888,11.83,-0.3750067564221653,-0.06680642929135967,-0.3965167360656532,-0.9049606717953589,1.0189691735446715,-0.05287683412324693,0.6534445478960846,1934,1942,False
719,haasmo01,Moose Haas,SP,ML4,1655.0,1608.3333333333335,10.0,100,83,2,853,266,252,4.013293051359517,1.3009063444108762,100.70308226359937,17.36,-0.37500940298705127,-0.04663329363569549,-0.180345506180375,0.22019830898806536,-0.371044263386935,0.3679275282333041,-0.4859518312644715,1976,1987,False
720,wilsoea01,Earl Wilson,SP,BOS,2051.6666666666665,2028.0000000000002,10.0,121,109,0,1452,338,310,3.6935824532900083,1.2960194963444356,101.26494597292493,20.35,-0.37951175694877726,-0.037427194965362655,-0.22918702407535357,-0.12882010348982909,0.3744880664583837,0.1754074057673389,-0.5790450751921148,1959,1970,False
721,smithal03,Al Smith,SP,CLE,1662.3333333333333,1653.3333333333335,11.0,99,101,17,587,356,202,3.724884700220574,1.3799879687186687,101.54446970070839,5.97,-0.37985777738131565,-0.0459505375864495,0.07212198708063416,0.0641028868045489,-0.29802789241183814,-0.07384877323061463,-0.05631422929254687,1934,1945,False
722,richile01,Lew Richie,SP,CHN,1359.3333333333333,1359.3333333333335,8.0,74,65,9,438,241,136,2.5358018636586563,1.2395782246199119,119.69383583470503,14.73,-0.38427951234041263,-0.05653940838750555,0.3544571914858032,-0.03749138445562951,-0.9271436968646035,0.18184486505332242,0.13278906217207292,1906,1913,False
723,rookeji01,Jim Rooker,SP,PIT,1810.3333333333333,1787.6666666666665,11.0,103,109,7,976,319,255,3.460136254833364,1.3240655496225373,107.67222922574369,17.05,-0.40000228674784805,-0.0447513279971488,0.1790845200990881,0.012969969304609025,-0.24284152212344337,-0.015348189997490262,-0.4112700792388633,1968,1980,False
724,aasedo01,Don Aase,RP,CAL,1109.3333333333333,1024.3333333333333,10.0,66,60,82,641,448,91,3.7968750000000004,1.3900240384615385,110.8577354403385,15.09,-0.4027843843587029,-0.07864322506190104,-0.08528102683070624,-0.3656679352600996,0.04532319699053671,-0.0038272362078100365,0.3396676287993059,1977,1990,False
725,padilvi01,Vicente Padilla,SP,PHI,1571.3333333333333,1525.9999999999998,11.0,108,91,6,1121,386,237,4.318625371234621,1.376537971998303,103.06871224212524,11.98,-0.404978678386408,-0.05307715313059086,-0.09029589997719004,-0.08139580583472611,-0.1595969667070888,0.27809717856769195,-0.3385426904973244,1999,2012,False
726,eldreca01,Cal Eldred,SP,ML4,1368.0,1285.3333333333333,10.0,86,74,9,939,341,192,4.421052631578948,1.4005847953216375,112.14562654826065,16.22,-0.4055895582204514,-0.06311040843679222,-0.16259728350308958,-0.029666106351705995,-0.10344539745557753,0.1865884307699265,-0.31673167635963123,1991,2005,False
727,corbipa01,Patrick Corbin,SP,ARI,1385.0,1385.0,9.0,81,84,2,1338,247,229,4.0873646209386285,1.3061371841155234,97.80969796299144,13.42,-0.4101553671841016,-0.059228211867740285,-0.0790888481800667,-0.15274693170490175,0.1596161147965332,0.024898967724598608,-0.3320253207240268,2012,2021,False
728,applepe01,Pete Appleton,RP,WS1,1141.0,1026.3333333333333,9.0,57,66,26,420,341,71,4.2988606485539,1.4662576687116564,108.275262080215,7.99,-0.42322029649136833,-0.08247228902072785,-0.15604875944289165,-0.07184515184526152,-0.0881924575130173,-0.18484576397821603,0.4470523476412456,1927,1945,False
729,rhemfl01,Flint Rhem,SP,SLN,1725.3333333333335,1666.333333333333,10.0,105,97,10,534,294,229,4.199188562596599,1.4414605873261204,102.06083991644498,5.640000000000001,-0.42570901737493155,-0.051095301145220845,-0.059421913135006575,0.03604910626921666,-0.292022568049221,0.19254735610452936,-0.25357057039835024,1924,1936,False
730,floydga01,Gavin Floyd,SP,CHA,1250.0,1127.0,8.0,74,76,0,985,243,196,4.3704,1.3232,105.51516419666827,16.37,-0.4257173259481698,-0.07554877124191126,-0.22439281201756284,0.04781234490003169,-0.024356947008379065,0.03403353651089757,-0.3502602022583831,2004,2016,False
731,sparktu01,Tully Sparks,SP,PHI,2343.6666666666665,2320.6666666666665,10.0,121,137,8,780,314,270,2.81866021903001,1.228843692220168,106.46619474460853,24.2,-0.42590972382986236,-0.03670580785663853,0.10495238325217285,0.10696358943950389,-0.45391622057442593,-0.15472297653958159,0.3204303839324378,1897,1910,False
732,wyseha01,Hank Wyse,SP,CHN,1257.6666666666665,1205.6666666666667,6.0,79,70,8,362,251,159,3.520805724887358,1.3604558706599525,112.31848178733607,12.43,-0.4259259031773379,-0.07065400660945612,0.1502407781670136,0.16460122925795925,-0.909412751291202,0.2527222692301299,-0.18026412053484872,1942,1951,False
733,knellph01,Phil Knell,SP,CL6,1452.3333333333333,1426.0,5.0,79,90,0,575,192,163,4.052788616020198,1.503098462244664,102.23109322807863,10.91,-0.42835497196920125,-0.06007783618081366,-0.08723303711405665,-0.0720951490788857,0.45638344731221053,-0.24899376518542116,-0.6172372605793588,1888,1895,False
734,powerte01,Ted Power,RP,CIN,1160.0,1111.9999999999998,11.0,68,69,70,701,564,85,3.9956896551724137,1.388793103448276,104.30693776068905,7.57,-0.42996656489215546,-0.07733211598779777,-0.10121367291976374,-0.2611416501559402,-0.09806108680928222,0.060037448880260885,0.17604697853402482,1981,1993,False
735,stromma01,Marcus Stroman,SP,TOR,1028.3333333333333,1001.3333333333334,6.0,61,60,1,853,179,173,3.6320907617504052,1.2661264181523502,116.78909998139017,21.39,-0.43059469812676504,-0.08600426726899436,0.23932816359631548,-0.00808282083120971,-0.4782937302892858,-0.06042490198915604,-0.3607187650458241,2014,2021,False
736,muncrbo01,Bob Muncrief,SP,SLA,1401.3333333333335,1393.3333333333335,9.0,80,82,9,525,288,165,3.8020932445290194,1.3522835394862034,105.37042332035271,15.669999999999998,-0.43518128139715034,-0.062466212640739295,-0.1934359187120002,0.12238209840561692,-0.16085176755957192,0.07128964161458934,-0.26790332375146925,1937,1951,False
737,samarje01,Jeff Samardzija,SP,CHN,1645.3333333333333,1547.0,9.0,80,106,1,1449,364,241,4.151742301458671,1.2435170178282011,102.63398940313908,15.07,-0.44421077750956267,-0.05742867194693767,-0.10013023829947512,0.2815515055990799,0.06351861003259991,-0.39650693842647966,-0.36186323093062883,2008,2020,False
738,boydoi01,Oil Can Boyd,SP,BOS,1389.6666666666667,1344.6666666666665,8.0,78,77,0,799,214,207,4.0412568961381625,1.291676661069801,105.4557264202887,17.84,-0.4463701353331526,-0.06639119514127209,-0.22295619726063856,0.20683520866337138,-0.20740172532097625,0.12707650736899892,-0.4629590440155984,1982,1991,False
739,getzich01,Pretzels Getzien,SP,DTN,2539.666666666667,2539.666666666667,9.0,145,139,1,1070,296,292,3.458721617010106,1.2883580522378264,101.82974533871753,18.91,-0.4509430529400037,-0.03551198736894634,-0.1104134113322651,0.003403946761445552,0.0017763718328109492,0.05364666290385666,-0.19844228173574982,1884,1892,False
740,hackewa02,Warren Hacker,SP,CHN,1283.3333333333333,1246.6666666666665,8.0,62,89,17,557,306,157,4.214805194805195,1.26,101.43639025295298,14.290000000000001,-0.4521981820940718,-0.07254516290279228,-0.2609553039213199,0.7369380246776819,-0.3245447383357569,-0.5416678252488712,-0.18298330374957186,1948,1961,False
741,lavenji01,Jimmy Lavender,SP,CHN,1207.3333333333333,1207.3333333333333,6.0,63,76,12,547,224,142,3.0861402540033134,1.278851463279956,97.07756278198158,6.609999999999999,-0.45396263337929427,-0.07520087797558712,-0.25883304143535224,-0.1705943290119129,0.22085296828544926,-0.2891101623554284,0.45807403450225054,1912,1917,False
742,norrimi01,Mike Norris,SP,OAK,1124.3333333333333,1080.6666666666665,8.0,58,59,0,636,201,157,3.8903053661428997,1.3083308627334718,101.99406360608654,8.100000000000001,-0.45521543305571877,-0.08424714985608614,-0.2581143607451004,0.10513923651697477,0.14370588841735377,-0.11614722984099764,-0.5151510051432595,1975,1990,False
743,haefnmi01,Mickey Haefner,SP,WS1,1466.6666666666667,1466.6666666666665,8.0,78,91,13,508,261,179,3.5038636363636364,1.3575,105.66036729061686,15.73,-0.45675074149252826,-0.062284192021708436,0.13835325807481139,0.1123821739615982,-0.44427070450146794,-0.2155959000231697,0.070052708741167,1943,1950,False
744,jarvipa01,Pat Jarvis,SP,ATL,1284.0,1244.6666666666667,7.0,85,73,3,755,249,169,3.5817757009345796,1.2149532710280373,104.19581375531043,13.46,-0.45730180651728625,-0.07348181143823558,-0.25763427777817277,0.2755579236527062,-0.34718802530978554,0.21610378421389048,-0.5174587468768997,1966,1973,False
745,nashji01,Jim Nash,SP,ATL,1107.3333333333333,1107.3333333333335,7.0,68,64,4,771,201,167,3.5842865743527996,1.310355207706201,104.06768145743051,9.97,-0.46055832176577205,-0.08318332120995281,-0.24069028355837752,-0.3115274433137764,0.330184455455278,0.1928315708486768,-0.4973209475270529,1966,1972,False
746,leitema01,Mark Leiter,RP,DET,1184.3333333333333,1120.6666666666665,8.0,65,73,26,892,335,149,4.57472558401351,1.375457359977484,94.7133407711214,3.76,-0.48054329132930573,-0.08576025425270181,-0.3221176029374032,-0.04763863617011242,0.2915728405045645,-0.18829367427755037,-0.13977027721225704,1990,2001,False
747,zimmejo02,Jordan Zimmermann,SP,WAS,1614.0,1571.6666666666667,10.0,95,91,0,1271,279,275,4.070631970260223,1.2509293680297398,107.90552878309876,21.360000000000003,-0.4830832194263653,-0.061474004592962685,-0.09219217787239323,0.1927450718546111,-0.36444964884707565,0.11179397849334763,-0.3608109401777154,2009,2021,False
748,mayerer01,Erskine Mayer,SP,PHI,1427.0,1405.6666666666665,7.0,91,70,6,482,245,165,2.9579537491240364,1.2333566923615977,104.13031629135098,12.77,-0.48484796531888097,-0.06898477097257022,-0.1205301960661779,0.02047098582987033,-0.6038919464931038,0.4614172862994828,-0.15475036374769044,1912,1919,False
749,byrneto01,Tommy Byrne,SP,NYA,1362.0,1316.6666666666667,10.0,85,69,12,766,281,170,4.110132158590308,1.5969162995594715,101.6051785488899,6.33,-0.5122273794119947,-0.07780669054359413,-0.1402754383757553,-1.0037370341710152,0.8462098402634447,0.3569998205865833,-0.32445504576907097,1943,1957,False
750,figueed01,Ed Figueroa,SP,NYA,1309.6666666666667,1301.3333333333335,7.0,80,67,1,571,200,179,3.5115805548485617,1.330109442606261,109.22616228844758,15.87,-0.517831788782855,-0.07958480360392241,0.19953457540415112,0.01610325064576946,-0.6713993535076275,0.260233805848828,-0.5126115058464262,1974,1981,False
751,burdele01,Lew Burdette,SP,ML1,3067.3333333333335,3043.333333333333,15.0,203,144,31,1074,626,373,3.655944359921756,1.2434253423168875,102.16661737973058,25.51,-0.5310517903490348,-0.034899350953934365,0.10427639701083086,0.4837929645577903,-1.3850864784467767,0.5659157766693406,-0.18082550990602445,1950,1967,False
752,whitsed01,Ed Whitson,SP,SDN,2240.0,2224.333333333333,14.0,126,123,8,1266,452,333,3.7928571428571427,1.3116071428571427,103.33947664676381,22.66,-0.531295336660514,-0.04777119766166767,-0.009906970650688532,0.08775866634394991,-0.18752904411256485,0.06142166335962364,-0.4201264543439478,1977,1991,False
753,loopebr01,Braden Looper,RP,SLN,1176.0,1172.6666666666667,11.0,72,65,103,669,670,97,4.1479591836734695,1.373299319727891,106.29140217759836,7.1499999999999995,-0.5323711080073349,-0.09079666424229703,0.08479600755414085,-0.02061172285599557,-0.8549919484508866,0.14644571002713183,0.34866512267917604,1998,2009,False
754,phoebto01,Tom Phoebus,SP,BAL,1030.0,1008.0,6.0,56,52,6,725,201,149,3.329126213592233,1.336893203883495,104.76316757778827,6.26,-0.5337723309547207,-0.10590720852276203,-0.06723451623561867,-0.5353198682167707,0.38278252149006053,0.08280881403727033,-0.483868795151308,1966,1972,False
755,cantwbe01,Ben Cantwell,SP,BSN,1534.0,1482.9999999999998,9.0,76,108,21,348,316,163,3.9074315514993483,1.318122555410691,103.13541906464421,13.68,-0.538187848762457,-0.07258096409473458,0.2524567611391029,0.6416077779272368,-1.141239543263766,-0.4973798197693588,0.31626773745305486,1927,1937,False
756,brilene01,Nelson Briles,SP,SLN,2111.6666666666665,2111.666666666667,14.0,129,112,22,1163,452,279,3.4394632991318077,1.2729281767955802,106.48757716536244,20.349999999999998,-0.5431013684834539,-0.05143817223205561,-0.006258111085122431,0.028924676035665207,-0.3962135378582426,0.2561236065255415,-0.2908682720315109,1965,1978,False
757,stewale01,Lefty Stewart,SP,SLA,1722.0,1713.0000000000002,9.0,101,98,8,503,279,216,4.191637630662021,1.3896631823461092,110.61460963422384,24.49,-0.5476403826421326,-0.06393933247427112,-0.034311436748008836,0.25480858309011384,-0.49676076914480466,0.12560995678031692,-0.44833456586899817,1921,1935,False
758,lemasde01,Denny Lemaster,SP,ML1,1787.6666666666667,1768.0,10.0,90,105,8,1305,357,249,3.584560880104419,1.2882714898377774,98.80426483281553,19.03,-0.5532214607093277,-0.06258161320241264,-0.12677326686552098,-0.13932913630162494,0.5027615091992997,-0.24599572419540644,-0.4485403976550796,1962,1972,False
759,ditmaar01,Art Ditmar,SP,NYA,1268.0,1206.9999999999998,7.0,72,77,14,552,287,156,3.9818611987381702,1.339116719242902,101.91396607649267,5.89,-0.5577744131220325,-0.09242326646595407,-0.02658360549012856,0.27500521444897724,-0.7527878789847416,0.06564127067279871,-0.17099347043277668,1954,1962,False
760,gleaski01,Kid Gleason,SP,PHI,2389.3333333333335,2389.333333333333,8.0,138,131,6,744,299,266,3.793108258928571,1.447265625,107.52380193340896,32.96,-0.5730970659413313,-0.047971294582142686,-0.027141343656194562,-0.08135098901204754,-0.45330135618957657,0.04758300913267488,0.602954579962982,1888,1895,False
761,voisebi01,Bill Voiselle,SP,NY1,1373.3333333333333,1333.3333333333333,7.0,74,84,3,645,245,190,3.83373786407767,1.425728155339806,101.7257993083445,12.35,-0.5810328255049049,-0.08715492382573573,-0.2355904803117406,-0.3042557202971104,0.5805277189960389,-0.060944312479774755,-0.4931589915179607,1942,1950,False
762,coxda01,Danny Cox,SP,SLN,1298.0,1279.3333333333335,10.0,74,75,8,723,278,174,3.640215716486903,1.3281972265023112,110.71088189191319,10.55,-0.5859105357898764,-0.0915962275857024,0.2092463433503573,-0.012204157423000631,-0.4462996921553536,0.015341955929539066,-0.4282066861107312,1983,1995,False
763,washbja01,Jarrod Washburn,SP,ANA,1863.6666666666667,1863.666666666667,12.0,107,109,1,1103,312,300,4.095152924342694,1.3006617778572707,113.0112118268637,27.72,-0.5929952395878764,-0.06363747876099549,0.13234369705059532,0.3125882019930967,-0.6927021380409374,-0.008027543949127715,-0.3472451712390549,1998,2009,False
764,dwyerfr01,Frank Dwyer,SP,CIN,2819.0,2786.3333333333335,11.0,177,151,6,565,366,318,3.8439162823696345,1.445902802412203,120.93690828055867,42.09,-0.604781112893274,-0.04341053567842621,0.2278191824970621,0.20983418306254176,-1.1965031766172738,0.29588049786180876,0.27300658682765894,1888,1899,False
765,harrimi01,Mickey Harris,RP,BOS,1050.0,1050.0,9.0,59,71,21,534,271,109,4.182857142857143,1.4780952380952381,101.93752239964618,6.76,-0.6103524211558237,-0.11625760402968066,-0.3703286175299837,-0.42536331108707537,0.7318827659568313,-0.3095617844293006,0.01969704048896458,1940,1952,False
766,stangle01,Lee Stange,RP,BOS,1216.0,1203.6666666666667,9.0,62,61,21,718,359,125,3.560032894736842,1.2467105263157894,107.27698498508772,11.03,-0.6162513627927984,-0.10239568476202685,-0.15785349936481025,0.11783540443736511,-0.42352309144762806,0.056805584078927496,-0.19047659556425436,1961,1970,False
767,hildeor01,Oral Hildebrand,SP,CLE,1430.6666666666667,1384.6666666666667,8.0,83,78,13,527,258,182,4.3532152842497664,1.4769338303821062,111.51218511704211,21.34,-0.6248279730244735,-0.09024958685957728,-0.21752773496478114,-0.19660777368637816,-0.05655190352117458,0.10778954606265173,0.030367617949171512,1931,1940,False
768,frankry01,Ryan Franklin,RP,SEA,1201.0,1162.0,10.0,62,76,84,668,532,106,4.136552872606162,1.318068276436303,110.9283275427571,11.57,-0.6249230055018055,-0.10755989767673071,0.14367733703112737,0.23005663693727513,-0.8449841443231596,-0.2464272231269733,0.17288882321195248,1999,2011,False
769,helliri01,Rick Helling,SP,TEX,1526.3333333333333,1479.0,10.0,93,81,0,1058,301,234,4.675911771129067,1.377156584407076,111.17859367621197,20.95,-0.6267232083231378,-0.08474958868467043,-0.28263514753374935,0.03435342569990673,-0.18881873405839683,0.2326776577194467,-0.3711097018783728,1994,2006,False
770,brogler01,Ernie Broglio,SP,SLN,1337.3333333333333,1337.3333333333335,8.0,77,74,2,849,259,184,3.741774675972084,1.3482053838484547,114.71577879404745,18.04,-0.6277997635672516,-0.09388829963617926,-0.07710885962411232,-0.26572162957897927,0.16213755690665274,0.07566779758991121,-0.5574174823471909,1959,1966,False
771,blackbu02,Buddy Black,SP,KCA,2053.3333333333335,2052.3333333333335,14.0,121,116,11,1039,398,296,3.8396103896103893,1.266720779220779,106.11110391186556,21.099999999999998,-0.6297524555818967,-0.06136941259527986,-0.014360681064606326,0.35768999321014583,-0.6408955512699397,0.08847050926367692,-0.36716732230412125,1981,1995,False
772,smithph01,Phenomenal Smith,SP,BL2,1169.3333333333333,1096.3333333333333,4.0,54,74,0,519,140,129,3.8945267958950973,1.4161915621436716,95.47697478546567,5.140000000000001,-0.6309086078222295,-0.11509430364649975,-0.1547423770571583,-0.3134704979964687,0.5926722781908834,-0.4135448864697714,-0.33866563227315344,1884,1891,False
773,duffyda01,Danny Duffy,SP,KCA,1172.3333333333333,1120.3333333333335,9.0,68,68,1,1048,234,204,3.945976684674439,1.316178561273813,116.97764529884445,20.169999999999998,-0.6492867913064798,-0.11590957297943705,-0.07888286772600701,-0.21334926627265993,-0.09951464311070637,0.063332962048218,-0.3355903288804626,2011,2021,False
774,lidleco01,Cory Lidle,SP,OAK,1322.6666666666667,1317.6666666666665,8.0,82,72,2,838,277,199,4.565776209677419,1.3276209677419355,100.42751788833135,10.58,-0.6495486047773231,-0.0985907318154298,-0.2406559150150968,0.1927170332973678,-0.45681948245781845,0.19647613109215936,-0.3453734111286571,1997,2006,False
775,holtzke01,Ken Holtzman,SP,CHN,2867.3333333333335,2863.333333333333,14.0,174,150,3,1601,451,410,3.4872122762148337,1.2893513136479888,107.7636929518239,27.02,-0.6536484668176945,-0.045656470324868054,0.005768671386067907,0.033551539310803444,-0.2673582075806446,0.2857422826373049,-0.5200550074001575,1965,1979,False
776,pennybr01,Brad Penny,SP,FLO,1925.0,1871.0000000000002,12.0,121,101,0,1273,349,319,4.287272727272727,1.376103896103896,104.48622680634804,18.8,-0.6563820849330502,-0.07016377177264033,-0.03427362529408895,-0.04863918873057769,-0.356618903289281,0.28751153794638284,-0.3561409519789401,2000,2014,False
777,boylehe01,Henry Boyle,SP,IN3,1756.3333333333335,1756.3333333333335,6.0,89,111,1,602,207,199,3.0592142721579045,1.2059214272157903,117.49481923425594,22.08,-0.6584480740609819,-0.07497985280633687,0.27539287206723934,0.3303549838135492,-0.6746431553727917,-0.3882667163456428,-0.13834842432847105,1884,1889,False
778,bensokr01,Kris Benson,SP,PIT,1243.6666666666667,1207.3333333333333,7.0,70,75,0,806,206,200,4.421602787456446,1.393460198338247,101.75822410902455,13.12,-0.6609296132084556,-0.10948585530786123,0.003704024966147831,0.03160689513179519,-0.3254145272669786,-0.08643378736202309,-0.35943922406546625,1999,2010,False
779,flanami01,Mike Flanagan,SP,BAL,2770.0,2705.3333333333335,15.0,167,143,4,1491,526,404,3.895667870036101,1.3342960288808665,103.69749269711565,25.53,-0.6673398220581502,-0.049335127308389605,-0.06665203507044218,0.04617027239540808,-0.20546106651862356,0.21680095073177388,-0.4648266348226119,1975,1992,False
780,hentgpa01,Pat Hentgen,SP,TOR,2075.3333333333335,2046.0,12.0,131,112,1,1290,344,306,4.319306135560552,1.3906199807259876,112.87550091029686,33.0,-0.6687685344272428,-0.06537326827245774,0.006582818068197397,-0.00041797265784303283,-0.4348259109598578,0.2811050860000212,-0.36170314633079004,1991,2004,False
781,gullibi01,Bill Gullickson,SP,MON,2560.0,2559.0,13.0,162,136,0,1279,398,390,3.93046875,1.281640625,99.73322758026904,23.63,-0.6732130753152575,-0.05261532437008656,-0.06476905376094745,0.3154740202859224,-0.6091748495855391,0.2636587103537677,-0.4618833815497604,1979,1994,False
782,barbest01,Steve Barber,SP,BAL,1999.0,1964.9999999999998,13.0,121,106,13,1309,466,272,3.363181590795398,1.3846923461730865,109.35009821171349,18.14,-0.6735747167524434,-0.0685572230791291,0.179309933828103,-0.5880729670551356,0.14433704830812558,0.2817567193050424,-0.4337391109881911,1960,1974,False
783,dempsry01,Ryan Dempster,SP,CHN,2387.0,2366.3333333333335,15.0,132,133,87,2075,579,351,4.351068286552158,1.4319229157938835,105.30812015377582,22.25,-0.6749803334399527,-0.05704862657613345,-0.19128125468333454,-0.4322819370235363,0.5091721448108282,0.014844788041858712,-0.059612152199531476,1998,2013,False
784,humeto01,Tom Hume,RP,CIN,1086.0,1086.0,11.0,57,71,92,536,543,55,3.8535911602209945,1.3720073664825045,106.6456972895291,6.46,-0.6778123322617782,-0.12482731717528135,-0.07132773860720576,-0.20968298721030293,-0.4511606110041089,-0.30371308733764174,0.9640010394744596,1977,1987,False
785,weilabo01,Bob Weiland,SP,SLN,1388.3333333333333,1313.6666666666667,8.0,62,94,7,614,277,179,4.239615846338536,1.4938775510204083,103.46870955966838,12.83,-0.6801468121989286,-0.10354937511275236,0.01718171748821441,-0.2270739375427375,0.5248226331406955,-0.6505093997809113,-0.25938966771078475,1928,1940,False
786,newtodo01,Doc Newton,SP,NYA,1201.6666666666665,1179.3333333333333,7.0,54,72,3,503,178,139,3.2205270457697646,1.3273231622746187,98.16222724602167,10.63,-0.6811888984409147,-0.11552101160671253,-0.2730014625510393,-0.31594727832564895,0.5563057008490098,-0.4690113407831377,0.20673323272577407,1900,1909,False
787,gumpera01,Randy Gumpert,RP,CHA,1052.6666666666667,1028.3333333333335,8.0,51,59,7,352,261,113,4.172260924635845,1.3727042431918934,104.44972886507247,7.26,-0.6899398357709187,-0.1341860296475044,-0.08340766224503693,0.36011683869531547,-0.7016463258529956,-0.11461412723995552,-0.3014630052186731,1936,1952,False
788,stonest01,Steve Stone,SP,CHA,1788.3333333333333,1788.3333333333335,11.0,107,93,1,1065,320,269,3.965703634669152,1.354892823858341,98.98509184362788,18.580000000000002,-0.7197061446751036,-0.08048903761510941,-0.3338594531255898,-0.15318692412054644,0.22046153180736053,0.23799821132364585,-0.5041939192977666,1971,1981,False
789,moyerja01,Jamie Moyer,SP,SEA,4074.0,4042.6666666666665,24.0,269,209,0,2441,696,638,4.254786450662739,1.3220422189494354,106.56994386743439,49.95,-0.7242161719537882,-0.03582863647528635,-0.06514922868458187,0.20466971745731244,-0.5756823938735136,0.410989440218265,-0.3777016793741929,1986,2012,False
790,jonessa01,Sad Sam Jones,SP,NYA,3883.0,3836.333333333333,19.0,229,217,31,1223,647,487,3.8382693793458666,1.4112799381921195,105.81417115133318,39.6,-0.725970999357417,-0.03784712830084719,-0.029048381607560507,-0.11512396563122118,-0.20222788694635904,0.11327440090278915,0.15986655717562215,1914,1935,False
791,gastrha01,Hank Gastright,SP,CL6,1301.3333333333333,1295.3333333333335,6.0,72,63,2,514,171,143,4.198002049180328,1.4761782786885247,96.13676938865721,3.2199999999999998,-0.7348909010563945,-0.11346745770299448,-0.35319446318538483,-0.23094971498375635,0.208360783036853,0.16350187921821008,-0.4180394561172184,1889,1896,False
792,peltyba01,Barney Pelty,SP,SLA,1908.0,1908.0,10.0,92,117,4,693,266,217,2.6320754716981134,1.15041928721174,105.16495081526716,21.57,-0.73645286475609,-0.07719631706038682,0.09446110898475735,0.38188315219208385,-0.5178445642698016,-0.33599023583102294,-0.25515422334432175,1903,1912,False
793,conwape01,Pete Conway,SP,DTN,1040.0,1018.0,4.0,61,61,0,428,126,123,3.5913461538461537,1.2576923076923077,99.55513022565843,4.11,-0.7447102788157218,-0.1463085027142872,-0.4017379707573839,-0.08646939090919863,-0.09794371347118092,0.10404224649251341,-0.25476368901908014,1885,1889,False
794,maulal01,Al Maul,SP,WAS,1440.6666666666665,1284.0,8.0,84,80,1,352,188,168,4.454187875983341,1.5263766774641372,112.61886267883045,11.200000000000001,-0.7483035864450804,-0.11655819103505921,-0.053966555847002724,0.0741429734880119,-0.5376905241517697,0.19508752987065825,-0.5308169658908922,1884,1901,False
795,barrere01,Red Barrett,SP,BSN,1263.3333333333333,1220.3333333333333,7.0,69,69,7,333,253,149,3.533509234828496,1.2696569920844327,109.61149281169587,12.69,-0.7544089060889347,-0.12363980979332444,-0.0224442746459646,0.543632067093036,-1.0693912366820626,-0.08399078035569836,-0.17100744552904587,1937,1949,False
796,deshaji01,Jim Deshaies,SP,HOU,1525.0,1509.6666666666667,9.0,84,95,0,951,257,253,4.142950819672131,1.3173770491803278,96.9575611341339,13.65,-0.756050302902249,-0.10016122361257435,-0.15584851878985134,0.15974227990047646,-0.13140267649495563,-0.16003096588391394,-0.4284793541445671,1984,1995,False
797,gallayo01,Yovani Gallardo,SP,MIL,1816.6666666666667,1792.6666666666665,11.0,121,101,1,1584,319,307,4.062385321100917,1.365137614678899,105.47771005774143,19.26,-0.7565081570792723,-0.08440031503301662,-0.15869990408228768,-0.3842409576082414,0.1769430932647305,0.2538085327604695,-0.34815424815424334,2007,2018,False
798,heussed01,Ed Heusser,RP,CIN,1087.0,1086.0,8.0,56,67,18,299,266,104,3.6927322907083715,1.3495860165593376,108.42682873699111,9.209999999999999,-0.7565445225965627,-0.13932679974154008,0.01953834014510046,0.1877911415608266,-0.9472402680717219,-0.1388324405234407,0.2605537155101067,1935,1948,False
799,brownha01,Hal Brown,SP,BAL,1680.0,1671.3333333333333,13.0,85,92,11,710,358,211,3.8142857142857145,1.2297619047619048,100.44683161006697,16.76,-0.7619784615002099,-0.09118210548466811,-0.017671029534953538,0.6178281253607092,-0.8757652284931527,-0.1355203340825875,-0.3896426692595891,1951,1964,False
800,perezod01,Odalis Perez,SP,LAN,1335.0,1324.3333333333335,9.0,73,82,0,920,252,221,4.456179775280899,1.3460674157303372,99.37998077592337,8.959999999999999,-0.7644188049041039,-0.11544205460419385,-0.16283490106200882,0.0980892929777466,-0.19053494368236973,-0.12919720269445137,-0.35309223307764054,1998,2008,False
801,goltzda01,Dave Goltz,SP,MIN,2039.6666666666667,2039.6666666666667,12.0,113,109,8,1105,353,264,3.6888380454322602,1.3482595195293348,108.78463473103213,23.49,-0.772497996566219,-0.07574747474092684,0.00654752967614371,-0.10580371159619067,-0.08333133598918026,0.0511156202819465,-0.44490286119468325,1972,1983,False
802,colemjo05,Joe Coleman,SP,DET,2569.3333333333335,2517.9999999999995,12.0,142,135,7,1728,484,340,3.6955111572392316,1.3306953814218991,101.84756187883447,24.68,-0.779023013418471,-0.061876331486772934,-0.28191867164249884,-0.2418927728189689,0.47131402905772957,0.10603778418888035,-0.46393833020727937,1965,1979,False
803,humphjo02,Johnny Humphries,SP,CHA,1002.0,915.3333333333334,6.0,52,63,12,317,211,111,3.781437125748503,1.3942115768463075,107.81279094759273,4.68,-0.7887920102065591,-0.17235076697885487,0.05887494692243782,0.015696773994285148,-0.6825469943373927,-0.20226996289776095,-0.14030305761004838,1938,1946,False
804,underto01,Tom Underwood,SP,TOR,1586.0,1573.0000000000002,10.0,86,87,18,948,379,203,3.8871374527112232,1.3972257250945777,101.12241150461456,10.76,-0.7914947950421722,-0.10063506612106449,-0.15575685522670624,-0.33072669877286875,0.2878232545322332,-0.03834860304546954,-0.2531403150809832,1974,1984,False
805,keuchda01,Dallas Keuchel,SP,HOU,1527.3333333333333,1527.3333333333333,10.0,99,82,0,1173,254,243,3.771278917503274,1.281972937581842,114.0547709562591,19.16,-0.7958874308508821,-0.10421921835672834,0.11346645562723112,-0.09314748625266465,-0.6354460155142364,0.25465702852176636,-0.35268078061034247,2012,2021,False
806,rasmude01,Dennis Rasmussen,SP,SDN,1460.6666666666667,1408.0000000000002,9.0,91,77,0,835,256,235,4.146736649931538,1.3322683706070286,101.2048303646437,9.99,-0.7962607402379065,-0.11310521878379352,-0.28745924127417616,0.03695711322200822,-0.33635399199721866,0.3126022848565222,-0.45729345342612204,1983,1995,False
807,ehretre01,Red Ehret,SP,PIT,2754.3333333333335,2754.333333333333,11.0,139,167,4,848,362,309,4.015853806123683,1.4569768849086286,110.93486526229808,23.95,-0.8032934233846503,-0.0583294268462774,0.02215950486766203,0.1206858923137332,-0.13711828697646966,-0.3028402118797416,-0.0604907637038396,1888,1898,False
808,sieveed01,Ed Siever,SP,DET,1507.0,1507.0000000000002,7.0,83,82,2,470,203,174,2.597876575978766,1.2349037823490379,119.74997840006021,20.47,-0.8086347365274267,-0.10731715149667241,0.2678209817094988,-0.08827518269640712,-0.6819211442573401,0.03970168573404892,-0.23759709545287075,1901,1908,False
809,hawkila01,LaTroy Hawkins,RP,MIN,1467.3333333333335,1359.3333333333333,17.0,75,94,127,983,1042,98,4.305770104497955,1.405951840072694,136.19896759544918,17.97,-0.8372898864139504,-0.12319125351848216,0.09939003549484607,-0.1060526076562871,-0.4290886596633492,-0.3335482460660413,0.2720372087818594,1995,2015,False
810,reganph01,Phil Regan,RP,DET,1372.6666666666667,1355.3333333333335,12.0,96,81,92,743,551,105,3.8355998057309373,1.3397280233122875,106.8540341480361,11.75,-0.8456183596396476,-0.12478382090107931,-0.3177652846013156,-0.32864891643293603,-0.6007788880293168,0.35351632210070827,0.9084180375005926,1960,1972,False
811,frommar01,Art Fromme,SP,CIN,1438.0,1400.6666666666665,8.0,80,90,4,638,252,167,2.9040333796940194,1.2705146036161334,105.51677225491541,12.64,-0.8544052416737313,-0.12199979652647283,-0.1308697193421405,-0.22519756842453015,0.08386917416615099,-0.11357485146983792,-0.2704183912406776,1906,1915,False
812,larsedo01,Don Larsen,RP,NYA,1548.0,1544.0,13.0,81,91,26,849,412,171,3.7790697674418605,1.3998708010335916,103.17731071077672,12.51,-0.8589716130091165,-0.11126575298045549,0.030566786540727604,-0.34999453034082345,0.02086718162797048,-0.07186146904424613,-0.20425447436540856,1953,1967,False
813,miltoer01,Eric Milton,SP,MIN,1582.3333333333333,1510.3333333333333,8.0,89,85,0,1127,271,270,4.993890878449547,1.3385295976406153,95.76380074229179,15.799999999999999,-0.8653511475824534,-0.11459075006609404,-0.5865016269816417,0.2089115586487843,-0.055072181299826606,0.13575429637478195,-0.3632965599787071,1998,2009,False
814,galehde01,Denny Galehouse,SP,SLA,2004.0,1988.0,12.0,109,118,13,851,375,258,3.9745508982035926,1.438622754491018,107.08775341027957,26.72,-0.8660455746777617,-0.0871273213961531,-0.11489391404329197,-0.18977305867856387,0.19994610521181927,-0.1347569343019137,-0.2399841239767024,1934,1949,False
815,hugheph01,Phil Hughes,SP,NYA,1291.0,1224.3333333333335,10.0,88,79,3,1040,290,211,4.517428350116189,1.3144848954298993,96.79555706349213,11.24,-0.8664517351160301,-0.14153853554849388,-0.4802986810937132,-0.03938124552569668,-0.1191923735139098,0.2278648932290627,-0.3335305783667198,2007,2018,False
816,marchph01,Phil Marchildon,SP,PHA,1214.3333333333333,1178.0,5.0,68,75,2,481,185,162,3.928081251715619,1.4559429041998353,103.34566011732943,10.59,-0.8795650507656944,-0.14933192712490567,-0.13544446939766952,-0.26802312133823153,-0.033432773717840376,0.00822865746996659,-0.43424206191355597,1940,1950,False
817,nelsoge01,Gene Nelson,RP,OAK,1080.0,1008.6666666666665,11.0,53,64,28,655,493,68,4.133333333333334,1.3694444444444445,110.28087858644838,7.36,-0.8798986812664998,-0.17446768300062784,-0.1596531232109672,-0.08964397729974545,-0.02280513766186728,-0.38345247046258135,-0.12552045070853293,1981,1993,False
818,carlsha01,Hal Carlson,SP,PIT,2002.0,1976.6666666666667,12.0,114,120,19,590,377,238,3.9695304695304694,1.3756243756243756,103.73217329130357,25.159999999999997,-0.8872667090559827,-0.08977403464310113,-0.22024912808991165,0.0850956910384538,-0.2464370280052006,-0.07854627888363462,0.09010985997530396,1917,1930,False
819,lowntu01,Turk Lown,RP,CHN,1032.0,1010.0,10.0,55,61,73,574,504,49,4.116279069767442,1.5193798449612403,101.70074324839148,10.61,-0.8897571014795218,-0.17618952504544988,-0.271866187169958,-0.9234615448320443,0.2312344714627663,-0.14668822967785403,1.0573315959806828,1951,1962,False
820,jonesbo03,Bobby Jones,SP,NYN,1518.6666666666667,1518.6666666666667,10.0,89,83,0,887,245,241,4.355794556628622,1.3505267778753292,97.17538211117802,8.06,-0.8960475240376651,-0.11800450272664598,-0.03740439032527611,0.17062938302922948,-0.6994019945635126,0.12780186378149114,-0.3699072474622999,1993,2002,False
821,boutoji01,Jim Bouton,RP,NYA,1238.6666666666667,1209.6666666666667,9.0,62,63,6,720,304,144,3.5748116254036595,1.2642626480086114,105.62877053592959,9.45,-0.8987133757341634,-0.14858859890892756,-0.06234019716821955,0.053358015168189714,-0.3916210285507256,-0.057943931346974994,-0.42849304803866406,1962,1978,False
822,belchti01,Tim Belcher,SP,LAN,2442.6666666666665,2408.666666666667,13.0,146,140,5,1519,394,373,4.163482532751092,1.3440229257641922,105.92921735693047,26.73,-0.9005936308779593,-0.07477943240060554,-0.07995364618288357,0.07719813349804683,-0.2788759441343654,0.08347059909037517,-0.350094852205983,1987,2000,False
823,corrifr01,Frank Corridon,SP,PHI,1216.0,1216.0,6.0,70,67,7,458,180,140,2.7976973684210527,1.2129934210526316,96.64819560547359,7.9,-0.9049979123810444,-0.14884834085214546,-0.36739492687624203,-0.2212078620890189,-0.321087137494414,0.08407343861712133,0.4570509616462832,1904,1910,False
824,daalom01,Omar Daal,RP,ARI,1198.6666666666667,1129.6666666666665,8.0,68,78,1,806,392,164,4.550055617352614,1.410734149054505,102.92195994931818,7.42,-0.9070109579443206,-0.16058028172516745,-0.11062230798786434,-0.025265663491640354,-0.24768139657841431,-0.202204280004034,-0.36631153538801575,1993,2003,False
825,mcwilla01,Larry McWilliams,SP,PIT,1558.3333333333333,1491.9999999999998,10.0,78,90,3,940,370,224,3.9850267379679147,1.3411764705882354,99.47574426880034,11.75,-0.9104771353283488,-0.12204787336841139,-0.17996057130804588,-0.07179488280897309,0.09640396347514668,-0.17132989391939327,-0.4412382375030734,1978,1990,False
826,lawrebr01,Brooks Lawrence,RP,CIN,1040.6666666666667,1033.0,6.0,69,62,22,481,275,127,4.246316463805253,1.3635490070467648,99.52783707837901,9.17,-0.9119148086282294,-0.17655659411969593,-0.4255858538813451,-0.09652939774760794,-0.42333916627907836,0.06561661436711377,0.25516729169935315,1954,1960,False
827,jonespe01,Percy Jones,RP,CHN,1026.0,1000.0,7.0,53,57,6,381,251,113,4.342105263157895,1.5896686159844056,98.07074047412478,4.42,-0.9129086414502603,-0.18258172829005206,-0.20989100479245412,-0.7980516353080882,0.5671856790971445,-0.09947461708522053,-0.24138280667301257,1920,1930,False
828,milleja02,Jake Miller,SP,CLE,1069.6666666666667,1057.6666666666667,8.0,60,58,3,305,200,139,4.089124337799937,1.4957930819569958,112.37859980058249,16.01,-0.9384547196591306,-0.1774575580824073,0.04956821070684083,-0.27825129562486867,-0.35596336957634805,0.041167807824997245,-0.5488387946936991,1924,1933,False
829,monbobi01,Bill Monbouquette,SP,BOS,1961.6666666666667,1961.6666666666667,11.0,114,112,3,1122,343,263,3.68411214953271,1.2525063721325402,105.80498411425813,22.7,-0.9403859483505673,-0.0958762224316636,-0.12883334669362007,0.19798587947992843,-0.33085316316596486,0.03596936279992634,-0.5418759555503297,1958,1968,False
830,hamptmi01,Mike Hampton,SP,HOU,2268.3333333333335,2247.0,14.0,148,115,1,1387,419,355,4.062894930198383,1.4420279206465834,111.81703968023598,20.69,-0.9414404899070947,-0.0837953262044588,0.2083932119350284,-0.2765960063999612,-0.5781258531334724,0.431483295831107,-0.36708625161318426,1993,2010,False
831,chenwe02,Wei-Yin Chen,SP,BAL,1064.6666666666667,1031.6666666666667,7.0,59,51,0,846,219,170,4.184408265497808,1.277395115842204,100.03464099846715,8.98,-0.9415961364521219,-0.1825388309761787,-0.3082857468248763,-0.09461041468498076,-0.3759546976519055,0.22127319272865445,-0.3625729253318778,2012,2019,False
832,killied01,Ed Killian,SP,DET,1598.3333333333335,1598.3333333333335,8.0,103,78,4,516,214,180,2.381856100104275,1.2168925964546402,114.85895379816927,24.310000000000002,-0.9441107042327056,-0.11813689729710601,0.2307419313273614,-0.28266335652790125,-0.7911101907969386,0.41350484046528835,-0.29635470930640956,1903,1910,False
833,schoupe01,Pete Schourek,SP,CIN,1149.0,1118.6666666666667,10.0,66,77,2,813,288,176,4.590078328981723,1.4081810269799826,94.94580193768091,5.91,-0.9503100742349744,-0.16990049003009075,-0.3284666094476811,-0.12797905606786825,0.06477060512682181,-0.16317055111086504,-0.36109084454394785,1991,2001,False
834,seguidi01,Diego Segui,RP,KC1,1807.6666666666667,1807.6666666666665,15.0,92,111,71,1298,639,171,3.8087774294670846,1.3509127789046653,100.79137939669299,12.0,-0.9549243057131622,-0.10565269840086619,-0.30802431503712074,-0.3802482672798134,0.5768797321231725,-0.3555901275155735,0.22157526256847587,1962,1977,False
835,reussje01,Jerry Reuss,SP,LAN,3669.6666666666665,3655.0000000000005,20.0,220,191,11,1907,628,547,3.637115087655555,1.3246434735216641,104.94631235469032,32.85,-0.9562893886306137,-0.05232773672397338,0.02867785363679112,-0.002913211382748707,-0.339578865479907,0.25677032819474005,-0.4220718983045059,1969,1990,False
836,kneppbo01,Bob Knepper,SP,HOU,2708.0,2683.0,14.0,146,155,1,1473,445,413,3.6757754800590843,1.3271787296898079,100.70416740801818,20.939999999999998,-0.9580939338278762,-0.07141959998716928,0.1141776746201468,0.02229312694052168,-0.2163262843645537,-0.07167038381676283,-0.4793796674107309,1976,1990,False
837,weathda01,David Weathers,RP,CIN,1376.3333333333333,1332.6666666666667,16.0,73,88,75,976,964,69,4.2504238314361835,1.4792928069750546,112.57637548979328,10.89,-0.9588763193029849,-0.14390339959524534,0.12051988227355893,-0.406982868869937,-0.09076483572431313,-0.32884632485623766,0.11634579169959386,1991,2009,False
838,cushmed01,Ed Cushman,SP,NY4,1225.6666666666667,1189.6666666666667,5.0,62,81,1,607,147,145,3.85504487353821,1.3241773184661407,97.63800506936236,3.4200000000000004,-0.9662278140889554,-0.16243672974316983,-0.3959746237485039,-0.15827115073541015,0.3509356546092448,-0.4731032703676986,0.005582370294994571,1883,1890,False
839,delocik01,Ike Delock,RP,BOS,1238.0,1238.0,11.0,84,75,31,672,329,147,4.034733441033926,1.4264943457189014,104.85394314810897,9.31,-0.9705586072047292,-0.1567946053642535,-0.25361895931862294,-0.4972810000182415,-0.03112044746288071,0.12342300244916626,0.17728880127496974,1952,1963,False
840,wickeda01,Dave Wickersham,RP,DET,1123.0,1073.0,7.0,68,57,18,638,283,124,3.6625111308993765,1.2956366874443455,103.32748136123419,9.93,-0.972193726620105,-0.18121038706805312,-0.19578673555110987,-0.18704714270312742,-0.49080864390774015,0.2305576533114739,-0.33451719385240514,1960,1969,False
841,blakesh01,Sheriff Blake,SP,CHN,1620.0,1606.6666666666667,9.0,87,102,8,621,304,196,4.133333333333334,1.5469135802469136,107.74428303655527,11.709999999999999,-0.9759828987213907,-0.12149164714374157,0.049955504380326345,-0.5482982614200983,0.44481952790948065,-0.27837572747191697,-0.30194717971311286,1920,1937,False
842,magrajo01,Joe Magrane,SP,SLN,1096.6666666666667,1065.3333333333335,7.0,57,67,0,564,190,166,3.8079027355623096,1.3422492401215804,112.49811785912999,11.44,-0.9792685805712573,-0.18384266218484174,0.15817014467669907,0.03662225131762502,-0.7237035169536687,-0.22546224310628923,-0.4270760917143112,1987,1996,False
843,grantmu01,Mudcat Grant,SP,CLE,2441.6666666666665,2441.666666666667,14.0,145,119,53,1267,571,293,3.6307167235494884,1.2864163822525598,105.70501955475618,19.31,-0.9836505825397721,-0.08057206136844551,-0.05691139927300287,-0.004866260821536265,-0.6739462626854972,0.3718059025500037,-0.04699574317711976,1958,1971,False
844,perryji01,Jim Perry,SP,MIN,3285.6666666666665,3285.6666666666665,17.0,215,174,10,1576,630,447,3.4458760271888,1.2554529775793852,110.8522919322694,38.44,-0.9850583099872812,-0.05996094004183514,0.12519467225920944,0.22605020876286727,-0.8866727700882774,0.3738930103415003,-0.4521620834799887,1959,1975,False
845,weavemo01,Monte Weaver,SP,WS1,1052.0,1009.6666666666666,6.0,71,50,4,297,201,135,4.363117870722434,1.494296577946768,102.72085627226963,8.2,-0.9923687644859811,-0.1965735419912805,-0.15185159251023908,-0.24125903903644308,-0.7870103430358009,0.5400845827393365,-0.48910732045316996,1931,1939,False
846,gubicma01,Mark Gubicza,SP,KCA,2223.3333333333335,2218.666666666667,13.0,132,136,2,1371,384,329,3.958920539730135,1.3605697151424287,113.22570385947786,37.38,-1.0108632970640756,-0.09112349432668947,0.002144648894776809,-0.09939936579159395,-0.16079839324673748,0.03761039049204273,-0.42172214551546255,1984,1997,False
847,hellije01,Jeremy Hellickson,SP,TBA,1269.3333333333333,1194.0,8.0,76,75,0,929,232,224,4.1336659663865545,1.2534138655462186,102.57144778250549,11.01,-1.0144053640510187,-0.1699171464072058,-0.17359343886516349,0.17687132395646266,-0.6359851506239457,-0.03792642887263441,-0.35954301780714554,2010,2019,False
848,mcgresc01,Scott McGregor,SP,BAL,2140.6666666666665,2108.666666666667,11.0,138,108,5,904,356,309,3.9898785425101218,1.2907194020554345,102.07366911458477,20.21,-1.017888238312235,-0.09654330429771431,-0.15696906419652587,0.28469250318635014,-0.8880308070628857,0.4684602209272066,-0.44560046818034554,1976,1988,False
849,hamiljo02,Joey Hamilton,SP,SDN,1340.6666666666667,1297.0,8.0,74,73,1,894,242,209,4.444057682744903,1.4179512680258577,99.48446797240143,15.27,-1.0254375388108983,-0.15812452410345382,-0.08321116340715298,-0.1684306656478823,-0.2741013216060401,-0.020990276079691922,-0.3619574730254857,1994,2003,False
850,raganpa01,Pat Ragan,SP,BRO,1608.3333333333333,1557.3333333333335,8.0,77,104,6,680,283,182,2.9881865284974096,1.2590673575129534,102.92099298317598,11.97,-1.0267345293865688,-0.13185803031505589,-0.1206743886420323,-0.02643384986550926,0.10321340964961305,-0.4136218792363242,-0.3299927677082824,1909,1923,False
851,harpeja01,Jack Harper,SP,CIN,1216.6666666666667,1139.0,5.0,80,64,1,466,158,148,3.550684931506849,1.3446575342465752,95.27177939550405,4.930000000000001,-1.02690557031291,-0.18031704483106412,-0.6111549154333603,-0.46164241289949676,-0.02771930731757491,0.6198083657019551,-0.3053552442472582,1899,1906,False
852,dobsoch01,Chuck Dobson,SP,OAK,1258.3333333333333,1198.0,6.0,74,69,0,758,202,190,3.7764238410596027,1.3112582781456954,88.30879230409383,3.16,-1.030164880969537,-0.1719807814640295,-0.2919956199335839,-0.14341753075143995,-0.2528509344469647,0.222711513501952,-0.5709960960377095,1966,1975,False
853,knetzel01,Elmer Knetzer,SP,PTF,1267.3333333333333,1204.3333333333333,6.0,69,69,6,535,220,134,3.1530773277222517,1.3335086796422937,99.49928783801965,4.38,-1.0538113561043954,-0.1750032697654684,-0.2741202724557487,-0.3767126662335577,-0.05681505511241515,0.07002820140658769,-0.14937664351976285,1909,1917,False
854,hemmige01,George Hemming,SP,LS3,1587.6666666666665,1587.6666666666665,8.0,91,82,6,362,204,168,4.534956959899223,1.5651900062985515,99.63197692808886,15.120000000000001,-1.056447896668379,-0.1330818261601989,-0.16701900066892778,-0.12516004089087238,-0.6672104194498145,0.13028427795176997,0.47348162529360066,1890,1897,False
855,garzama01,Matt Garza,SP,TBA,1710.6666666666667,1710.6666666666667,12.0,93,106,1,1380,290,284,4.087879968823071,1.3222915042868277,103.07326526744589,14.32,-1.0598266858127436,-0.12390803029767072,-0.12549839803130444,-0.08161759001965543,-0.042827334268359045,-0.14812893517032033,-0.3393777939719486,2006,2017,False
856,fistedo01,Doug Fister,SP,DET,1422.3333333333333,1422.3333333333333,10.0,83,92,1,970,242,226,3.7206468244668387,1.2570892898992267,116.01009440985621,19.51,-1.064244743316396,-0.14964772580029004,0.13684977671215295,0.13172404603362306,-0.7445483657608863,-0.16479602561357043,-0.3492230321184268,2009,2018,False
857,marcujo01,Johnny Marcum,SP,PHA,1099.3333333333333,1062.3333333333333,6.0,65,63,7,392,195,132,4.658277744087326,1.4672528805336569,106.01181349539108,14.26,-1.0668260903520383,-0.2008458281177355,-0.48363549072763606,-0.10488771232174396,-0.22729223658668574,0.009459552713867544,-0.10148490580826806,1933,1939,False
858,bushda01,Dave Bush,SP,MIL,1144.3333333333335,1104.0,7.0,56,69,0,768,211,187,4.726769589280512,1.306437518205651,94.9593312580432,4.18,-1.0712953197608048,-0.1940752390871023,-0.4078580640970247,0.2783040553425717,-0.3558264977870668,-0.2781927665387012,-0.3488288403333545,2004,2013,False
859,hugheto01,Tom Hughes,SP,WS1,2644.0,2623.0,12.0,132,174,15,1368,399,313,3.0941754916792736,1.3097579425113464,95.55731849277733,12.700000000000001,-1.0742276773995714,-0.08190832462063068,-0.29070811037118777,-0.43957478159446306,0.8524219175351277,-0.4473751374986279,0.1965304236348203,1900,1913,False
860,blankte01,Ted Blankenship,SP,CHA,1330.6666666666667,1297.6666666666667,7.0,77,79,4,378,241,156,4.288076152304609,1.4661823647294587,98.7295800711313,11.53,-1.0778376975217177,-0.16611934716491925,-0.190982863723604,-0.1103247567682718,-0.25473111866159476,0.030290106225070026,-0.4590423955464528,1922,1930,False
861,quantpa01,Paul Quantrill,RP,TOR,1255.6666666666667,1255.6666666666665,14.0,68,78,21,725,841,64,3.8274488983275816,1.4159808866471992,133.549255245697,18.13,-1.0811708271403706,-0.17220666214075456,0.36559146476446563,-0.21053475851609446,-0.6648950813069734,-0.2335483342980692,-0.21279120406705607,1992,2005,False
862,twitcwa01,Wayne Twitchell,RP,PHI,1063.0,1045.3333333333335,8.0,48,65,2,789,282,133,3.9793038570084667,1.429915333960489,103.22131897039306,3.3200000000000003,-1.0830229061112249,-0.2072110151998516,-0.4704508920179538,-0.6530350370912463,1.0294614935559987,-0.5056985846219271,-0.49246620373108346,1970,1979,False
863,griffto02,Tom Griffin,RP,HOU,1494.6666666666667,1434.6666666666667,12.0,77,94,5,1054,401,191,4.070472792149866,1.455842997323818,90.7461670945763,4.0,-1.0848316079080398,-0.1512311721061394,-0.37542380461333363,-0.663410530579078,0.8276728390650271,-0.05047179095630576,-0.4696279792978076,1969,1982,False
864,medicdo01,Doc Medich,SP,TEX,1996.6666666666667,1996.6666666666667,10.0,124,105,2,955,311,286,3.768280467445743,1.3302170283806343,101.20675683122916,20.0,-1.0867498391918504,-0.10885641127130388,-0.10311913989799248,0.0018202549157249636,-0.4542719947450156,0.2840914853686754,-0.4949558815046894,1973,1982,False
865,sutclri01,Rick Sutcliffe,SP,CHN,2697.6666666666665,2669.6666666666665,15.0,171,139,6,1679,457,392,4.0801927591745955,1.3874953663659955,101.55960891827122,31.18,-1.0969048749327377,-0.08217541827439666,-0.22460662834733855,-0.29737099128572997,0.10549528124876562,0.3555038921756339,-0.42043463403386155,1976,1994,False
866,wintege01,George Winter,SP,BOS,1656.0,1656.0,8.0,83,102,4,568,220,182,2.869565217391304,1.164855072463768,105.1938036816949,11.93,-1.1079771399029577,-0.13381366423948765,-0.1661945195063876,0.31926831356783025,-0.4745712001697696,-0.29262768418958074,-0.18642335882978234,1901,1908,False
867,tewksbo01,Bob Tewksbury,SP,SLN,1807.0,1773.6666666666667,11.0,110,102,1,812,302,277,3.9197565024903156,1.292197011621472,109.36714130290767,21.23,-1.1123806514942314,-0.12543288684392762,0.138458913035195,0.3418064843072378,-1.2263181982486242,0.19320856152268837,-0.3887730883434856,1986,1998,False
868,foytapa01,Paul Foytack,SP,DET,1498.0,1486.0,9.0,86,87,7,827,312,193,4.1395193591455275,1.363818424566088,101.98908797766858,10.61,-1.1127936598525432,-0.149770344529279,-0.2955624823706966,-0.10978738767556864,-0.0600498144954169,0.04841873733023763,-0.417859132512014,1953,1964,False
869,hessot01,Otto Hess,SP,CLE,1418.0,1397.0,8.0,70,90,5,580,198,165,2.9767277856135403,1.271509167842031,107.56857751796625,7.96,-1.113741027501367,-0.15944753435953718,-0.07523631131389846,-0.14125644706156285,-0.16463903024612303,-0.3577411664716535,-0.008483054221165178,1902,1915,False
870,capuach01,Chris Capuano,SP,MIL,1429.6666666666667,1372.6666666666667,10.0,77,92,0,1199,316,225,4.381440895313593,1.359757519235253,95.76392352261475,9.75,-1.1171735219270373,-0.1627741896931089,-0.32232569113253184,-0.2159450748677607,0.2843289878395178,-0.18527413640783827,-0.35587674314628276,2003,2016,False
871,galvipu01,Pud Galvin,SP,BFN,5941.333333333333,5941.333333333334,14.0,361,308,1,1799,697,681,2.8705677737881508,1.1943447037701975,111.1400128290771,83.25,-1.1182587733806773,-0.037643360863353126,0.17059754736905522,0.18221138245917726,-0.7440033957602038,0.2295717310630718,-0.2295926038098485,1879,1892,True
872,bereja01,Jason Bere,SP,CHA,1111.0,1059.0,8.0,71,65,0,920,211,203,5.135913591359136,1.5490549054905491,92.09606086210503,2.87,-1.1183000075920648,-0.2111992460041671,-0.6317159532672879,-0.7820102881189666,0.5962015086404999,0.29673501368940697,-0.3635499012358484,1993,2003,False
873,peterfr01,Fritz Peterson,SP,NYA,2218.3333333333335,2218.3333333333335,11.0,133,131,1,1015,355,330,3.2984222389181066,1.1914350112697218,104.10078534539369,19.52,-1.1262877968514569,-0.10154360302191943,0.14648465377076755,0.4957652493243298,-1.0545510378191985,0.04526095787961574,-0.5302931209276196,1966,1976,False
874,wilsoji02,Jim Wilson,SP,CHA,1539.0,1530.6666666666667,9.0,86,89,2,692,257,217,4.011695906432749,1.3560753736192332,96.16613708024312,11.200000000000001,-1.1390527274399787,-0.14883093128571148,-0.19998587035826407,0.03945612085765031,-0.24692538387512508,-0.0065982150022968955,-0.5799377413507364,1945,1958,False
875,bettshu01,Huck Betts,RP,BSN,1366.3333333333333,1351.3333333333335,9.0,61,68,16,323,307,125,3.9258355696511344,1.392046840692852,103.6853891792831,13.07,-1.1391286103002158,-0.16859328223486172,0.11218662565398843,0.15563197374571588,-0.9441435882650435,-0.3243642826595615,0.25447934122686994,1920,1935,False
876,tobinji01,Jim Tobin,SP,BSN,1900.0,1900.0,9.0,105,112,5,498,287,227,3.4389473684210525,1.308421052631579,108.22178425204625,19.25,-1.1433405586728935,-0.12035163775504144,0.22376431648642253,0.35823661713937627,-1.0546845749866023,-0.08310964799793025,-0.3829302656458455,1937,1945,False
877,lewisco01,Colby Lewis,SP,TEX,1215.0,1124.6666666666667,7.0,77,72,0,961,233,195,4.703703703703703,1.34320987654321,98.73517101854046,8.84,-1.143810524406487,-0.20340436118669,-0.6486255108088811,-0.09287833247972864,-0.1177064498263914,0.20611857161820143,-0.35710824722899565,2002,2016,False
878,hattejo01,Joe Hatten,SP,BRO,1087.0,1087.0,7.0,65,49,4,381,233,149,3.874885004599816,1.486660533578657,104.46449989729041,9.55,-1.1459972368063551,-0.21085505737007454,-0.08067537647049543,-0.4557862774579849,-0.5968885095497415,0.3850427601757626,-0.28641275545256056,1946,1952,False
879,shawbo01,Bob Shaw,SP,CHA,1778.0,1768.3333333333333,10.0,108,98,32,880,430,223,3.5230596175478066,1.3205849268841394,111.21868922093158,19.05,-1.1461209142734483,-0.12962724760868408,0.1213605360179992,-0.13747428038942075,-0.8053430897267477,0.20469611815184394,-0.05469417200847939,1957,1967,False
880,mcgloly01,Lynn McGlothen,SP,SLN,1497.6666666666667,1469.6666666666667,9.0,86,93,2,939,318,201,3.984197640774538,1.418873803694636,98.96760966248745,14.1,-1.1526053636182783,-0.15685262376297726,-0.271014167989335,-0.45568894175009506,0.4601493283226485,-0.10189701020094727,-0.4682730995246001,1972,1982,False
881,washbra01,Ray Washburn,SP,SLN,1209.6666666666667,1189.3333333333333,9.0,72,64,5,700,239,166,3.5340314136125652,1.2912648112427665,107.75477950807297,8.879999999999999,-1.15959269410244,-0.1949987714297825,-0.13379724725045608,-0.2356826949808439,-0.4543661973921135,0.2002648325406086,-0.5180851290165647,1961,1970,False
882,brownll01,Lloyd Brown,RP,WS1,1693.0,1655.3333333333333,11.0,91,105,21,510,404,181,4.199645599527466,1.4701712935617248,108.88383032396368,19.58,-1.1657033113716704,-0.14084212380648456,0.014596665586308882,-0.09077327489008558,-0.4622379259832929,-0.16161285847664256,0.04513802099902856,1925,1940,False
883,mesajo01,Jose Mesa,RP,CLE,1548.6666666666667,1517.3333333333333,18.0,80,109,321,1038,1022,95,4.358588032716315,1.472234179939733,119.01307253262486,11.38,-1.1694212592870619,-0.1541416422610363,-0.17278421203920896,-0.5287193920306552,-0.12477084663853438,-0.4693813084435926,1.2063140404272807,1987,2007,False
884,mccarbr01,Brandon McCarthy,SP,OAK,1223.6666666666667,1178.6666666666667,11.0,69,75,0,908,255,197,4.199673113593026,1.300190683737401,101.722647872112,10.5,-1.1721142180274027,-0.19888815916754568,-0.20597235621667886,-0.01762883951676646,-0.4056155922620475,-0.129948216013474,-0.3587509857908,2005,2018,False
885,osterfr01,Fritz Ostermueller,SP,BOS,2066.6666666666665,2066.6666666666665,15.0,114,115,15,774,390,246,3.993387096774194,1.4540322580645162,111.86894945522774,34.35,-1.177276746064103,-0.11393000768362285,-0.08939294824712561,-0.22484253528632467,-0.15942537009766858,0.07979600564838432,-0.13138545592861173,1934,1948,False
886,villoro01,Ron Villone,RP,CIN,1168.0,1141.0000000000002,14.0,61,65,8,925,717,93,4.7311643835616435,1.5,100.89704650959588,4.28,-1.1794020547782442,-0.20673129794535391,-0.3270354446425362,-0.5660814264580712,0.3102061243550593,-0.0658030303309533,-0.3066199031349481,1995,2009,False
887,ellissa01,Sammy Ellis,SP,CIN,1004.0,946.6666666666666,5.0,63,58,18,677,229,140,4.150398406374502,1.3396414342629481,92.43406082459664,6.72,-1.1817972880163565,-0.2496754833837373,-0.804574880415808,-0.4051184099853102,0.04534884949894344,0.2616982725193878,-0.08661585187123942,1962,1969,False
888,kolpra01,Ray Kolp,RP,CIN,1688.0,1688.0,12.0,79,95,18,439,383,174,4.078791469194313,1.3874407582938388,103.7521287889492,15.01,-1.1837150934705976,-0.14025060349177698,-0.03223463596425469,0.19460986079547046,-0.6427143823763691,-0.2447822481898012,-0.01811178088075671,1921,1934,False
889,byrdpa01,Paul Byrd,SP,CLE,1697.0,1640.9999999999998,12.0,109,96,0,923,345,256,4.407189157336476,1.3305833824395994,107.22305244610249,15.920000000000002,-1.1849669664987275,-0.14442010560618251,-0.09649875522630014,0.2395932767193431,-0.9251459984265432,0.20884598178672795,-0.35837891719941123,1995,2009,False
890,millebo04,Bob Miller,RP,LAN,1551.3333333333333,1542.3333333333335,16.0,69,81,51,895,694,99,3.3706489041684575,1.3504512247529008,114.26047140348457,17.94,-1.1885246257762476,-0.15412033184909193,0.19353144660152027,-0.3670960581814086,-0.3444742373116611,-0.13873560699542453,0.04028465426529852,1957,1974,False
891,mechegi01,Gil Meche,SP,SEA,1432.3333333333333,1432.3333333333335,10.0,84,83,0,1050,258,243,4.486385850593438,1.4207586688387248,100.72407814675411,16.91,-1.2024249297819816,-0.16789736045361622,-0.2012135911211323,-0.2719006349932517,-0.026979064841582988,-0.044069243317168334,-0.35409142293269913,1999,2010,False
892,dragodi01,Dick Drago,RP,KCA,1875.0,1875.0,13.0,108,117,58,987,519,189,3.624,1.3114666666666666,105.02224826895957,20.470000000000002,-1.2059547228582577,-0.12863517043821415,-0.056998548054325526,0.010126816094951627,-0.4151918437479923,-0.16117549898706723,-0.035798004610229056,1969,1981,False
893,smithed04,Eddie Smith,SP,CHA,1595.6666666666667,1576.6666666666665,9.0,73,113,12,694,282,197,3.8241069563400876,1.4370169208272403,113.65632877207102,16.74,-1.2104374806328422,-0.153543866465054,-0.05656479821371648,-0.24732521587270767,0.3003596963465079,-0.6671008593512024,-0.04223130342508995,1936,1947,False
894,jonesra01,Randy Jones,SP,SDN,1933.0,1933.0,10.0,100,123,2,735,305,285,3.422141748577341,1.2509053285049145,106.78991964631706,18.79,-1.2159905464937004,-0.12581381753685464,0.2670683652720861,0.43362475295015157,-1.016334756925186,-0.25217795935345844,-0.47284553836685156,1973,1982,False
895,lakejo01,Joe Lake,SP,SLA,1318.0,1318.0,6.0,62,90,5,594,199,139,2.8474962063732927,1.2602427921092565,102.30350997554179,5.01,-1.2239711787746081,-0.1857315901023685,-0.14244942525354817,-0.1913736118419786,0.13692251286397375,-0.5966325434587811,-0.10333824709525334,1908,1913,False
896,ortizru01,Russ Ortiz,SP,SFN,1661.3333333333333,1654.3333333333333,11.0,113,89,0,1192,311,266,4.507223113964687,1.4915730337078652,98.32807906598507,9.340000000000002,-1.2501082660629508,-0.1511313640213118,-0.13780165024750224,-0.5610316090584657,-0.0547211553393576,0.35356537317657755,-0.36191892762263833,1998,2010,False
897,smithsh01,Sherry Smith,SP,BRO,2052.6666666666665,2010.0,11.0,114,118,21,428,373,224,3.319097109451121,1.3026956804157195,113.74530240291742,24.6,-1.2522693884015448,-0.1246039192439348,0.21950014813784466,0.2859871098115934,-1.3350314335547357,-0.05262782068366453,0.26556117116385813,1911,1927,False
898,hasslan01,Andy Hassler,RP,CAL,1123.3333333333333,1024.3333333333335,9.0,44,71,29,630,387,112,3.829673590504451,1.4643916913946589,107.30701571139564,7.319999999999999,-1.256640821765445,-0.24535779142833286,-0.10459906239087692,-0.6002260255493376,0.043370904232848555,-0.33330649027804565,-0.1431914764290324,1971,1985,False
899,groombo01,Bob Groom,SP,WS1,2336.3333333333335,2336.3333333333335,10.0,119,150,13,1159,367,288,3.1048651733485517,1.2789270937366242,97.09207503014777,14.930000000000001,-1.2635650059308743,-0.10816650072171843,-0.36379133252265805,-0.2126726618864283,0.5594315446687714,-0.33116083537973534,0.06349427858470984,1909,1918,False
900,hudsoch02,Charles Hudson,SP,PHI,1007.6666666666666,1007.6666666666666,7.0,50,60,2,580,208,140,4.135296063513066,1.3476678795898116,95.91533873670838,7.3,-1.2653113305407087,-0.25113688333589984,-0.308810205349536,-0.08927977612105181,-0.2233655260509229,-0.3080930110297552,-0.45322680552117245,1983,1989,False
901,wakefti01,Tim Wakefield,SP,BOS,3226.3333333333335,3226.333333333333,19.0,200,180,22,2156,627,463,4.413059200330612,1.3504494265936564,109.61230882159633,34.54,-1.266757399675721,-0.07852613284486339,-0.16678803287596045,0.06560139545250923,-0.30668069491771655,0.16701042711521302,-0.2529541992849987,1992,2011,False
902,garlawa01,Wayne Garland,SP,CLE,1040.0,994.3333333333333,7.0,55,66,6,450,190,121,3.8855769230769233,1.3557692307692308,102.2659459082638,7.840000000000001,-1.2745285923279088,-0.2563584161571389,-0.05575023525840128,-0.027866335233466624,-0.7550517399805199,-0.22705845006762043,-0.39032235524543857,1973,1981,False
903,shautjo01,Joe Shaute,SP,CLE,1818.3333333333333,1792.6666666666665,10.0,99,109,18,512,360,208,4.14775435380385,1.446929422548121,101.06621955140683,14.41,-1.2762314957062166,-0.14238358077793417,-0.10404965984763394,-0.11126838693445151,-0.352366183251286,-0.1348089072880903,0.0888094902546246,1922,1934,False
904,desseel01,Elmer Dessens,RP,CIN,1174.3333333333333,1075.3333333333333,9.0,52,64,5,693,441,140,4.437411297189895,1.4033494181095658,108.12490634749905,11.32,-1.280183557926839,-0.2380998557830451,0.02283856479901244,-0.138049416755417,-0.6638727376774126,-0.23213121441315768,-0.3095656856320606,1996,2010,False
905,youngcu01,Curt Young,SP,OAK,1107.0,1083.3333333333335,9.0,69,53,0,536,251,162,4.308943089430894,1.3541102077687444,94.12869771728705,4.21,-1.2825871335377075,-0.23678531696080746,-0.38984779912668344,-0.10320972259962477,-0.8394758924922281,0.5865284354098343,-0.459392901615487,1983,1993,False
906,surkoma01,Max Surkont,SP,BSN,1194.3333333333333,1148.3333333333333,7.0,61,76,8,571,236,149,4.378174713926877,1.415015350265141,91.14866168996251,8.02,-1.3091018306199484,-0.22800031883076027,-0.4464773046703217,-0.21003284967732075,0.12756526382304276,-0.27339430735900716,-0.347069715366567,1949,1957,False
907,davisdi01,Dixie Davis,SP,SLA,1318.6666666666667,1289.0,8.0,75,71,2,460,239,165,3.965369059656218,1.5159251769464104,108.06898354090475,14.65,-1.3170642366858143,-0.20435441996676718,-0.21867654339030804,-0.6934444781455922,0.28573650405565976,0.2103384061444624,-0.6952067331229492,1912,1926,False
908,brettke01,Ken Brett,SP,PIT,1526.3333333333333,1439.3333333333333,10.0,83,85,11,807,349,184,3.9270583096746017,1.3443983402489628,94.98554303382971,12.61,-1.318537009715179,-0.18321496197987666,-0.32075882676127004,-0.07827138699995495,-0.23922682345694446,0.05126100393674751,-0.41141589532536316,1967,1981,False
909,rasmuer01,Eric Rasmussen,SP,SLN,1017.6666666666666,999.3333333333334,7.0,50,77,5,489,238,144,3.8470357025876187,1.318702915165411,96.59747827133255,5.76,-1.3231210722732123,-0.2648007482868337,-0.10469248567457565,0.10665767733901274,-0.443239456639052,-0.6745681927424528,-0.4173051632664193,1975,1983,False
910,blantjo01,Joe Blanton,SP,OAK,1767.6666666666667,1759.6666666666665,12.0,101,97,2,1284,427,252,4.378653592306241,1.336790495945691,100.90581973080049,12.61,-1.3253487043145404,-0.15063633691773526,-0.2638492416185406,-0.05728114922489885,-0.27684784168617427,0.11185466846221688,-0.3437593946564124,2004,2017,False
911,dickera01,R. A. Dickey,SP,TOR,2073.6666666666665,2028.6666666666667,12.0,120,118,2,1477,400,300,4.036328564539463,1.300112522102556,,0.0,-1.3274743293958216,-0.1308716065786219,-0.02316378996778316,0.019309061508437263,-0.5117247341459883,0.057334084593011626,-0.3431910007925903,2001,2017,False
912,dailyed01,Ed Daily,SP,PHI,1237.6666666666667,1236.0,6.0,66,69,1,407,151,139,3.3886345273363854,1.2903312685160246,110.26966694135558,7.619999999999999,-1.3295020128902943,-0.2151297755485913,-0.05556141869597633,0.014841015051426458,-0.721816108779444,-0.12356991290285138,-0.35872470300994735,1885,1891,False
913,brunege01,George Brunet,SP,CAL,1431.6666666666667,1359.6666666666667,9.0,69,93,4,921,324,213,3.6209545983701976,1.3159487776484284,96.43779907629037,9.69,-1.3364674239292094,-0.1965875102617126,-0.10097668485677516,-0.11983810663338088,-0.045977800162659885,-0.371171594671317,-0.49991645015989633,1956,1971,False
914,hillke01,Ken Hill,SP,SLN,1973.0,1951.6666666666667,12.0,117,109,0,1181,332,315,4.064368981246832,1.41409021794222,111.28705459328728,22.64,-1.3488689725065566,-0.13822739257112449,0.06470636400195685,-0.2311570660281009,-0.4166693592675475,0.1288499071558048,-0.3905082664223993,1988,2001,False
915,andreiv01,Ivy Andrews,RP,SLA,1041.0,1006.6666666666667,7.0,50,59,8,257,249,108,4.141210374639769,1.4341978866474543,118.28256792259954,19.08,-1.3551385521802854,-0.2692328249364806,0.024827136426653934,-0.01502617643734183,-1.0284010064319449,-0.2288806635556006,-0.21409516837117284,1931,1938,False
916,bosmadi01,Dick Bosman,SP,WS2,1591.0,1552.0,10.0,82,85,2,757,306,229,3.6656191074795728,1.2608422375864237,100.95304010057714,11.370000000000001,-1.3559108821640795,-0.1747307837840309,-0.10151249404947327,0.29017248195686696,-0.8644652928906114,-0.018735703431800366,-0.5019785814911932,1966,1976,False
917,jimenub01,Ubaldo Jimenez,SP,COL,1870.0,1862.3333333333333,11.0,114,117,1,1720,329,315,4.336363636363636,1.393048128342246,106.59151488882674,20.96,-1.3560854049563655,-0.14563294128759968,-0.33645676555485987,-0.46635683983364473,0.45456218962053696,-0.006862617497589642,-0.3446945436506295,2006,2017,False
918,gallibe01,Bert Gallia,SP,WS1,1277.0,1269.0,7.0,66,68,10,550,242,135,3.1362568519968677,1.3343774471417384,97.05394746356085,7.879999999999999,-1.3634192225367023,-0.21488088613659617,-0.4370874501220373,-0.6823411968761967,0.41259147787636496,-0.10055647471836993,0.025692749813633623,1912,1920,False
919,baileho02,Homer Bailey,SP,CIN,1401.6666666666667,1322.9999999999998,10.0,81,86,0,1157,245,245,4.5588585017835905,1.3683709869203329,93.93295076568806,6.09,-1.3653670375731015,-0.20640469199895717,-0.4399674251874721,-0.24798490748248325,-0.10913868649045676,0.11728603558913796,-0.3604607865120458,2007,2020,False
920,leibrch01,Charlie Leibrandt,SP,KCA,2308.0,2273.666666666667,12.0,140,119,2,1121,394,346,3.712305025996534,1.3197573656845754,112.17710665999377,34.05,-1.3711121753124527,-0.12060802011251597,0.08069661264738248,0.026861025216380233,-0.7610190233953148,0.24480131360881002,-0.4425388762115565,1979,1993,False
921,billija01,Jack Billingham,SP,CIN,2230.6666666666665,2199.0,12.0,145,113,15,1141,476,305,3.8289001793185897,1.3547519426180514,97.7568249635733,9.91,-1.3803871616887382,-0.12554680870293206,-0.18403378983099544,-0.16510432816117987,-0.4069170254300926,0.39716976469112236,-0.389980485325097,1968,1980,False
922,stonege02,George Stone,SP,ATL,1020.6666666666666,1013.3333333333334,8.0,60,57,5,590,203,145,3.8886348791639453,1.360875244937949,100.32700067275788,5.09,-1.401232180827045,-0.27655898305796944,-0.4453095128866586,-0.37936119438015464,-0.25635888782374433,0.1101352734616193,-0.41146583368841055,1967,1975,False
923,beebefr01,Fred Beebe,SP,SLN,1294.3333333333333,1294.3333333333333,7.0,62,83,4,634,202,153,2.864795261395828,1.2546999742467164,92.82646884379227,5.59,-1.411331385486538,-0.21807850406693866,-0.44946396106093006,-0.43766331119546975,0.6074483625785685,-0.43716951852998737,-0.30352454812554935,1906,1916,False
924,orthal01,Al Orth,SP,PHI,3354.6666666666665,3351.6666666666665,14.0,204,189,6,948,440,394,3.3696343402225755,1.259439586645469,104.79305728315825,43.78,-1.4147221248841784,-0.08441902286728066,-0.20194757499437713,0.2758978069670169,-0.6023753442077365,0.10193537826363545,-0.028185876716203814,1895,1909,False
925,swiftbi02,Bill Swift,SP,SEA,1599.6666666666665,1581.3333333333333,12.0,94,78,27,767,403,220,3.9495728276724322,1.37216086684726,117.86025001718212,18.92,-1.4174269894298455,-0.1792698553241794,-0.007072997756827076,-0.17760220120395326,-0.9368401734922643,0.3275619308548939,-0.22000932384498414,1985,1998,False
926,javeral01,Al Javery,SP,BSN,1142.6666666666667,1139.3333333333333,6.0,53,74,5,470,205,147,3.804259043173862,1.4142357059509918,97.54894979647008,5.59,-1.4214457386584392,-0.24952236489030535,-0.30728001340429334,-0.3609116757872798,0.2604144284411548,-0.5313344249176589,-0.2829044329711113,1940,1946,False
927,whiteea01,Earl Whitehill,SP,DET,3564.6666666666665,3531.6666666666665,16.0,218,185,11,1350,541,473,4.357770712549093,1.5002805311389564,102.11164890034006,36.11,-1.4252567470354285,-0.08071298237104833,-0.23881596690968548,-0.3335154167885369,0.2587572088559507,0.273761063837486,-0.44133790985180077,1923,1939,False
928,brucebo01,Bob Bruce,SP,HOU,1122.3333333333333,1081.6666666666667,7.0,49,71,1,733,219,167,3.8491238491238495,1.3240273240273241,94.58242276263563,10.74,-1.429158897000291,-0.26425125984597064,-0.25384524863720603,-0.2130284310973476,0.12576699265217675,-0.5322443479702279,-0.5746617792722384,1959,1967,False
929,clarkma01,Mark Clark,SP,CLE,1246.3333333333333,1224.0,9.0,74,71,0,728,219,197,4.607114201658198,1.3888740304894358,98.7689555633214,7.76,-1.4296046452660218,-0.2335955302722258,-0.3046215524623733,-0.034153649679844904,-0.6393789241014912,0.08314276477702885,-0.376544978717787,1991,2000,False
930,sorrevi01,Vic Sorrell,SP,DET,1671.6666666666667,1654.6666666666667,9.0,92,101,10,619,280,216,4.4309072781655034,1.5110667996011964,103.75050603123663,20.32,-1.4345594061951423,-0.17339557689707602,-0.20607503294234214,-0.3561955078486985,0.1325503210885503,-0.13686650618035606,-0.31964704680954653,1928,1937,False
931,holloke01,Ken Holloway,RP,DET,1160.0,1159.0,8.0,64,52,18,293,285,111,4.399137931034483,1.5232758620689655,97.59792432264987,5.71,-1.4345914300192297,-0.2475567610041812,-0.37674634660645084,-0.4969336331181793,-0.5947802646203182,0.30388633191039227,0.4370684220443801,1922,1930,False
932,minnepa01,Paul Minner,SP,CHN,1310.3333333333333,1306.3333333333333,9.0,69,84,10,481,253,169,3.942508267616383,1.3897227168659374,107.89939575776269,16.57,-1.443047339588925,-0.2209309527311444,-0.012370111064322243,0.029126187129009266,-0.6857699263112068,-0.31336851576130564,-0.25381961971396283,1946,1956,False
933,bonhabi01,Bill Bonham,SP,CHN,1487.3333333333333,1468.3333333333333,9.0,75,83,11,985,300,214,4.005826983415509,1.4441954280591665,98.7426052961691,17.99,-1.4507965925821618,-0.19761134064683245,-0.39159926854854094,-0.6628990989905962,0.6770760096910301,-0.1327740547264278,-0.35821686279171866,1971,1980,False
934,bondeje01,Jeremy Bonderman,SP,DET,1231.0,1220.6666666666667,8.0,69,81,0,961,225,200,4.913078797725427,1.4086108854589765,90.53589030420264,5.2,-1.452247081628731,-0.23794326842633493,-0.5953326317790884,-0.25382186641575494,0.20049826659556047,-0.15276062024445636,-0.35202173147844906,2003,2013,False
935,chacijh01,Jhoulys Chacin,SP,COL,1388.3333333333333,1345.6666666666665,10.0,81,89,0,1114,303,227,4.058103241296519,1.3289315726290516,110.15158705529487,18.259999999999998,-1.45608796802115,-0.216411389847087,-0.09902677190942438,-0.22494839849548812,-0.37437867887572757,-0.12144135205369018,-0.3625359105997523,2009,2021,False
936,volqued01,Edinson Volquez,SP,CIN,1546.3333333333333,1444.6666666666665,10.0,95,89,0,1323,294,273,4.452468204354387,1.4498814399655098,96.66526427136881,6.94,-1.459642947314214,-0.20207331988660096,-0.3395349226061918,-0.6629831529830305,0.14071196518877718,0.2791838080489537,-0.354229556368415,2005,2020,False
937,davisst02,Storm Davis,SP,BAL,1780.6666666666667,1780.6666666666665,13.0,113,96,11,1048,442,239,4.023212280044927,1.3921752152751778,102.8425088771985,17.330000000000002,-1.4735434126777447,-0.16550468880693503,-0.21594704390600344,-0.35887454732309193,-0.17487921823042024,0.2561485866278113,-0.3805316467913937,1982,1994,False
938,lynchja01,Jack Lynch,SP,NY4,1924.3333333333333,1915.3333333333333,6.0,110,105,0,859,221,216,3.690109128702581,1.217564524510653,90.88100012722903,6.8999999999999995,-1.47403485078365,-0.15391940662551168,-0.49143881196163325,0.01699689290993902,-0.08763548838813673,0.052036773294812946,-0.28189183843923393,1881,1890,False
939,eatonad01,Adam Eaton,SP,SDN,1178.6666666666667,1145.3333333333333,9.0,71,68,0,855,209,201,4.940328054298642,1.443156108597285,86.39337324868048,2.2199999999999998,-1.477227365477453,-0.2579558845420465,-0.5516852518191919,-0.3733137629582074,-0.046198982951657405,0.09090920253445013,-0.35648174764255214,2000,2009,False
940,rogerke01,Kenny Rogers,SP,TEX,3302.6666666666665,3302.6666666666665,20.0,219,156,28,1968,762,474,4.272910779168349,1.4025030278562778,111.24354986798396,50.53,-1.4778619355822746,-0.08949507078616924,-0.043767710016540555,-0.16938484578741683,-0.555436647819271,0.5129494261947485,-0.2770948751027536,1989,2008,False
941,kargeed01,Ed Karger,SP,SLN,1091.6666666666665,1091.6666666666667,6.0,48,67,3,415,165,123,2.7865648854961838,1.2146564885496185,97.23331760801746,10.18,-1.4833459551074613,-0.27175803757693945,-0.24411257895091354,-0.12006961027416564,-0.30958098633349135,-0.5187452402354797,-0.15047244956875397,1906,1911,False
942,castifr01,Frank Castillo,SP,CHN,1595.3333333333335,1567.0,10.0,82,104,2,1101,297,268,4.563936481404095,1.3577099874634349,98.48064521885252,9.4,-1.4852952625256188,-0.1895718267422615,-0.3310669293363378,0.059786098437286314,-0.07542692302378574,-0.35220846844736287,-0.3622454072326888,1991,2005,False
943,harrisl01,Slim Harriss,SP,PHA,1750.3333333333333,1750.3333333333333,9.0,95,135,16,644,349,228,4.2523328889735295,1.4814321081698725,101.69201979546862,18.490000000000002,-1.491010560272744,-0.17036875569675233,-0.39007710445809934,-0.3844255513772855,0.5293076849221781,-0.5714534493774062,0.3168606115313962,1920,1928,False
944,tomkobr01,Brett Tomko,SP,CIN,1816.0,1763.6666666666663,12.0,100,103,2,1209,397,266,4.65363436123348,1.3656387665198237,94.94369712858325,10.92,-1.4920498436238387,-0.1691986214655648,-0.30204306571514555,0.065929363498534,-0.3091214358702564,-0.06904391334008725,-0.34537126069343116,1997,2011,False
945,hollial01,Al Hollingsworth,SP,CIN,1520.3333333333335,1502.3333333333333,10.0,70,104,15,608,315,185,3.9899144924358687,1.466125849594387,98.14058223385213,11.13,-1.4924667973148424,-0.19868650507852348,-0.11470473363762794,-0.32184420429488847,0.1234284843500203,-0.574545480047152,0.00674128544031989,1935,1946,False
946,shirlbo01,Bob Shirley,RP,SDN,1432.0,1431.9999999999998,11.0,67,94,18,790,434,162,3.82122905027933,1.3791899441340782,99.71820307262408,10.05,-1.4937623841710193,-0.20862603130880158,-0.017141016256509784,-0.23589985787509696,-0.08985902427107924,-0.4256237699924836,-0.2437379586322968,1977,1987,False
947,wilcomi01,Milt Wilcox,SP,DET,2016.6666666666667,1917.0000000000002,13.0,119,113,6,1137,394,283,4.074545454545454,1.3690909090909091,99.35957002840982,13.01,-1.5042344739325697,-0.15693630400965775,-0.3573369345342319,-0.17638300180515532,-0.013314470158844741,0.1626341303492872,-0.46908543287094395,1970,1986,False
948,mccormi03,Mike McCormick,SP,SFN,2380.3333333333335,2346.6666666666665,13.0,134,128,12,1321,484,333,3.728049292816132,1.2922559865565046,100.14896228227117,17.37,-1.5194447491202525,-0.12949813202729427,-0.14106782651817873,0.008864533743345856,-0.4046006107108246,0.11014439845273091,-0.3565936343876616,1956,1971,False
949,frymawo01,Woodie Fryman,SP,PHI,2411.3333333333335,2408.3333333333335,17.0,141,155,58,1587,625,322,3.7696986452861485,1.3507050041470832,101.88808023128247,18.15,-1.5240817712240518,-0.12656734432310465,-0.2819205383879467,-0.3218636125842311,0.38218524859521247,-0.1669465596287795,-0.18669044373346788,1966,1983,False
950,baldwja01,James Baldwin,SP,CHA,1322.6666666666667,1287.0,8.0,79,74,2,844,266,202,5.014868951612903,1.4584173387096773,94.68200546947395,9.48,-1.5329935001090158,-0.23822742814436923,-0.43261254033870444,-0.21814076687165768,-0.4402321867028275,0.24870313701982108,-0.37045618483155196,1995,2005,False
951,obrieda02,Cinders O'Brien,SP,CL4,1080.6666666666667,1080.6666666666667,4.0,59,65,2,398,136,126,3.681061073411474,1.4851943244910548,,0.0,-1.5354109334751551,-0.28415995067399535,-0.2047648582285657,-0.6263853265420724,-0.32998363114904417,-0.12329153174297197,0.14282628097067435,1888,1891,False
952,honeyri01,Rick Honeycutt,RP,LAN,2160.0,2027.3333333333333,16.0,109,143,38,1038,797,268,3.720833333333333,1.3148148148148149,111.15870132785022,21.25,-1.5517594655698184,-0.15308380127291862,0.1416534574716767,0.17250315910766073,-0.7451447406742757,-0.3215423035665715,-0.34242606392178737,1977,1997,False
953,niesejo01,Jonathon Niese,SP,NYN,1189.3333333333333,1149.6666666666667,7.0,69,68,0,914,211,197,4.071188340807175,1.3839686098654709,94.71646311993989,6.91,-1.551894378774997,-0.2699729275920551,-0.19162133933783174,-0.5064243661171035,-0.30981508702965616,0.010718302615529899,-0.35642144345496024,2008,2016,False
954,portebo01,Bob Porterfield,SP,WS1,1567.6666666666667,1548.0000000000002,11.0,87,97,8,572,318,193,3.7890708058685942,1.3542419732085902,107.78090492743843,17.15,-1.556102478412807,-0.20104683183627992,0.11931298167502036,0.11753737275588622,-0.8562864388713233,-0.13101019339302958,-0.5179739489092098,1948,1959,False
955,buhlbo01,Bob Buhl,SP,ML1,2587.0,2584.0,14.0,166,132,6,1268,457,369,3.5450328565906455,1.3726323927328952,106.36984504415081,27.96,-1.5565266507031597,-0.12047419897083278,0.1915599447428582,-0.2942161830180103,-0.5448078120795466,0.33553444904487156,-0.5295546679510975,1953,1967,False
956,dunnja01,Jack Dunn,SP,BRO,1076.6666666666665,1046.0,5.0,64,59,3,171,142,118,4.112693498452013,1.440557275541796,95.47978779008929,7.740000000000001,-1.560653376542747,-0.2984040872930682,-0.4192473280298173,-0.16075176113433556,-1.1064399976230994,0.14943503224525745,0.37996678073538354,1897,1904,False
957,walkbo01,Bob Walk,SP,PIT,1666.0,1652.0,12.0,105,81,5,848,350,259,4.030012004801921,1.3667466986794718,95.31474255092691,5.59,-1.5625607646320012,-0.18917200540339002,-0.24053085031196383,-0.23568737571287665,-0.6087403741985976,0.46017669941400285,-0.4040471394026089,1980,1993,False
958,nagych01,Charles Nagy,SP,CLE,1954.6666666666667,1942.3333333333333,13.0,129,105,0,1242,318,297,4.512278308321965,1.4191678035470667,107.55238117280427,24.81,-1.5773839621466523,-0.16242155093324032,-0.30150307192910386,-0.24693099943610547,-0.32209959777784963,0.38803682543664675,-0.3850047862369741,1990,2003,False
959,langfri01,Rick Langford,SP,OAK,1491.0,1439.3333333333335,8.0,73,106,0,671,260,196,4.00804828973843,1.3319919517102616,100.28596235242797,10.77,-1.5902535325267761,-0.22097084750256268,-0.05320899043884969,0.19110197556649786,-0.6023090070458832,-0.4209186171167412,-0.5079856895194976,1976,1986,False
960,pineijo01,Joel Pineiro,SP,SEA,1754.3333333333333,1735.0,11.0,104,93,2,1058,335,263,4.406802204066122,1.3480904427132814,102.52782705952518,13.31,-1.5965274091455397,-0.18403774168824666,-0.2016893506830447,0.026718333444227953,-0.670321544840465,0.13446598079460778,-0.33123874569371026,2000,2011,False
961,eovalna01,Nathan Eovaldi,SP,MIA,1148.3333333333333,1113.6666666666665,9.0,61,65,0,957,220,201,4.1851959361393325,1.330624092888244,111.10383898672903,26.35,-1.5986854725185273,-0.2871030480428364,-0.30939671593587725,-0.3515723890001021,-0.31008146901836714,-0.07358124727377974,-0.3542204011424934,2011,2021,False
962,lonboji01,Jim Lonborg,SP,PHI,2464.3333333333335,2423.0,13.0,157,137,4,1475,425,368,3.856621128094143,1.3078587853374812,97.54001662952285,14.7,-1.599138685170443,-0.13199658977882317,-0.4176151430075922,-0.09918189075798042,-0.04707126094294362,0.2759948877158977,-0.48582056692020814,1965,1979,False
963,tomlijo01,Josh Tomlin,SP,CLE,1067.0,1025.3333333333333,10.0,69,56,2,736,286,150,4.774133083411434,1.2305529522024368,92.54509450402021,5.09,-1.6075881783017294,-0.3135737668989069,-0.7403714302628019,0.24518157245009567,-0.8920725491496762,0.18191653637330354,-0.34311454730103674,2010,2021,False
964,blassst01,Steve Blass,SP,PIT,1597.3333333333333,1592.3333333333333,9.0,103,76,2,896,282,231,3.6285475792988318,1.3491235392320535,106.36684822376542,7.01,-1.6087476405235897,-0.2020616672208821,-0.19174819671976112,-0.4425981423691747,-0.4828963671275659,0.5218000677050451,-0.5125582256414395,1964,1974,False
965,chenbr01,Bruce Chen,SP,KCA,1532.0,1471.0,13.0,82,81,1,1140,400,227,4.617493472584856,1.3864229765013054,99.96454500097703,10.770000000000001,-1.6104215797433281,-0.21895602715748858,-0.41475724837171374,-0.20453164202767285,-0.10742213746533844,-0.06416836190441545,-0.3474715732851228,1998,2015,False
966,elartsc01,Scott Elarton,SP,HOU,1065.3333333333333,1013.0,8.0,56,61,3,698,232,170,5.288485607008761,1.431476846057572,93.58534739977375,2.92,-1.6128783024726396,-0.3184359925908469,-0.673383158402205,-0.13829305576959794,-0.29464375015866084,-0.17369777879999299,-0.33827159520237765,1998,2008,False
967,colliph01,Phil Collins,RP,PHI,1324.3333333333333,1319.3333333333333,7.0,80,85,24,423,292,141,4.661968285930028,1.5388874905612888,101.59239518726913,15.58,-1.6234264158897478,-0.24609799129202847,-0.4507635322311845,-0.5090443254043874,-0.33988861397375614,-0.11105519410473315,0.8404273473256234,1923,1935,False
968,tillmch01,Chris Tillman,SP,BAL,1145.0,1118.3333333333335,9.0,74,60,0,847,210,205,4.574672489082969,1.3781659388646288,99.34224707519351,8.81,-1.6254808439099038,-0.2906970212655565,-0.518760793088867,-0.39338721914981295,-0.49592455167011434,0.36124241563032383,-0.3572359099792836,2009,2018,False
969,delarjo01,Jorge De La Rosa,SP,COL,1522.6666666666667,1489.3333333333333,13.0,104,87,1,1273,430,241,4.580779334500876,1.4435201401050788,,0.0,-1.640650594584172,-0.22032013356098995,-0.46858668034409856,-0.6336232445442311,0.14377463327827125,0.3445745506708371,-0.3494229309859826,2004,2018,False
970,smithch02,Charlie Smith,SP,WS1,1349.3333333333335,1329.3333333333333,9.0,66,87,3,570,212,148,2.8147233201581026,1.2317193675889326,98.6110661069664,9.42,-1.6429681818040447,-0.24718678763350724,-0.22590092428289638,-0.23617086335905063,0.03030865747342903,-0.4617255036206254,-0.45385471493581164,1902,1914,False
971,macfada01,Danny MacFayden,SP,BOS,2706.0,2664.6666666666665,14.0,132,159,9,797,465,332,3.96119733924612,1.4238728750923872,104.39882279336207,25.98,-1.6570657429840951,-0.12437321063178096,0.22428175059557562,0.12249735766673872,-0.568944234093886,-0.24675191542227123,-0.4792875779412811,1926,1943,False
972,bielemi01,Mike Bielecki,SP,CHN,1231.0,1199.6666666666665,12.0,70,73,5,783,347,178,4.181965881397238,1.4069861900893583,101.0064664687546,7.56,-1.6607267043681255,-0.27686469091994315,-0.34318420277548256,-0.41543383896510266,-0.12693669222506596,-0.10531305786428637,-0.3894950470302186,1984,1997,False
973,mahafro01,Roy Mahaffey,SP,PHA,1056.0,1042.0,7.0,67,49,5,365,224,128,5.011363636363637,1.5464015151515151,92.3999138122886,5.15,-1.6658820492404707,-0.3197470344031614,-0.7998870052899489,-0.5779781054147263,-0.15275137880522768,0.5130427298554958,-0.4733902693704607,1926,1936,False
974,scanldo01,Doc Scanlan,SP,BRO,1252.0,1243.0,7.0,65,71,5,584,181,149,2.997603833865815,1.3330670926517572,94.37656823780452,11.24,-1.6754779725786606,-0.2695861580979341,-0.44631031279638245,-0.8448719909879889,0.3483727042200846,-0.10271066197808504,0.04077009399758827,1903,1911,False
975,fillida01,Dana Fillingim,SP,BSN,1076.3333333333333,1028.3333333333333,6.0,47,73,5,270,200,113,3.5620935274078667,1.377825952307216,95.07681068824624,5.19,-1.682191554184287,-0.327168535659829,-0.018270370793298046,0.0008097120254126349,-0.847825914061444,-0.6527959750000586,-0.22678993155556998,1915,1925,False
976,ohkato01,Tomo Ohka,SP,MON,1070.0,1057.0,9.0,51,68,0,590,202,178,4.25607476635514,1.3869158878504673,109.9470048370477,11.99,-1.694676422164045,-0.32065779038108705,-0.013908500293219328,-0.10411357325475155,-0.8520195951398691,-0.4252402173047624,-0.35700309505167976,1999,2009,False
977,heimafr01,Fred Heimach,RP,PHA,1288.6666666666667,1217.3333333333333,8.0,62,69,7,334,296,127,4.4627521986549405,1.4511122607346094,94.15385199469765,5.49,-1.6967619721886709,-0.27876702719419566,-0.3544953116334723,-0.037148215409475,-0.5629428124736586,-0.1561968728790515,-0.37028208362916765,1920,1933,False
978,rhoadbo01,Bob Rhoads,SP,CLE,1691.6666666666667,1691.6666666666667,8.0,97,82,2,522,218,185,2.6122167487684727,1.2401970443349752,108.46153835755416,11.48,-1.7004102194990494,-0.20103372053190732,0.06977565539546303,-0.27451370431379857,-0.8437022007309943,0.2787520201095706,-0.3685917217803863,1902,1909,False
979,reynoar02,Armando Reynoso,SP,COL,1079.6666666666667,1047.0,9.0,68,62,1,554,198,186,4.743130595862921,1.4458166100648346,101.69414799824109,12.3,-1.7097113442829908,-0.32659242488691326,-0.28026209867537866,-0.21191094073612407,-0.9706363805615656,0.13842722686014688,-0.37107334293753735,1991,2002,False
980,haranaa01,Aaron Harang,SP,CIN,2322.0,2322.0000000000005,14.0,128,143,0,1842,387,381,4.25968992248062,1.359603789836348,99.12865557910546,23.82,-1.7203823366850197,-0.14818107981783113,-0.20809213050998185,-0.2053336343470207,0.0806090743239277,-0.12816310925834862,-0.3531383161669627,2002,2015,False
981,anderbr04,Brett Anderson,SP,OAK,1140.3333333333333,1094.0,11.0,67,74,3,772,222,210,4.072493422975739,1.3338205203156972,107.32827074828613,11.05,-1.7234331243889223,-0.31507004102174085,-0.05663517660484338,-0.23167730449666527,-0.8959372254005439,-0.13356558285644962,-0.3363471189182643,2009,2021,False
982,smithza01,Zane Smith,SP,ATL,1919.3333333333333,1899.3333333333335,12.0,100,115,3,1011,360,291,3.741924279263633,1.3353594998263287,114.0381630101946,20.74,-1.7363426802278468,-0.18283706706505928,0.15885159154363393,0.010120222323774412,-0.6820057705904828,-0.24417454350802562,-0.39843957712209666,1984,1996,False
983,craigro01,Roger Craig,SP,NYN,1536.3333333333333,1481.6666666666667,10.0,74,98,19,803,368,186,3.8253417227164244,1.334345845085702,111.80126013431948,16.64,-1.7410595680655565,-0.23501366498072748,-0.08873520514642694,-0.09701327024502393,-0.42728823079267136,-0.40987427319520614,-0.21144045335289202,1955,1966,False
984,norribu01,Bud Norris,SP,HOU,1221.3333333333333,1221.3333333333335,10.0,67,90,47,1153,355,188,4.4508733624454155,1.3960152838427948,92.57440040731149,5.11,-1.7435501794146757,-0.28551585907445565,-0.5379900495706925,-0.5834708170784697,0.45576287792855474,-0.4458179827763502,-0.07139621442605926,2009,2018,False
985,pavanca01,Carl Pavano,SP,MIN,1788.6666666666667,1743.0,12.0,108,107,0,1091,302,284,4.3926574729780095,1.3395452851285874,100.97049237861782,16.62,-1.7450841986474692,-0.2002391507340756,-0.18738004287125523,0.057368830985708726,-0.6358016102274449,-0.024440526698781422,-0.3568792037744367,1998,2012,False
986,wellsed01,Ed Wells,RP,NYA,1232.3333333333333,1170.6666666666667,8.0,68,69,13,403,291,140,4.6521503922099,1.5296186096835274,93.0526500719598,6.8100000000000005,-1.7512895550229512,-0.29919525427499166,-0.49586451048499014,-0.4893774654481288,-0.06428461192051642,-0.07909993402136849,-0.24207851103334874,1923,1934,False
987,heintke01,Ken Heintzelman,SP,PHI,1501.6666666666667,1455.0,10.0,77,98,10,564,319,183,3.9316315205327412,1.4450610432852387,99.87048897901745,16.78,-1.7520692810003136,-0.24083426542959635,-0.06508693152306665,-0.26459958045284604,-0.340501935307828,-0.3238167535149135,-0.27104807132343056,1937,1952,False
988,pittito01,Togie Pittinger,SP,BSN,2040.6666666666665,2040.6666666666665,8.0,115,113,3,832,262,227,3.096047043449853,1.3480888598497225,99.57242758543643,20.21,-1.7551383610693396,-0.17201617390421495,-0.22190276635236397,-0.6029207134108922,0.14832159937169181,-0.04435238645159918,0.13395853452580572,1900,1907,False
989,castege01,George Caster,RP,PHA,1377.6666666666667,1340.6666666666665,11.0,76,100,39,595,376,127,4.540285506895717,1.499637067505444,103.3387089264105,9.42,-1.755335468887215,-0.261860089838968,-0.5648707226093028,-0.48840289424261285,0.3261828436179681,-0.5036840003908751,0.4316445148900327,1934,1946,False
990,masteju01,Justin Masterson,SP,CLE,1201.0,1201.0,8.0,64,74,0,1004,258,184,4.308909242298085,1.3980016652789342,98.25671339377404,9.99,-1.7593322450765139,-0.2929778926022505,-0.4049271241764854,-0.5318235767660718,0.10804130714376023,-0.22559390271507135,-0.35279698252348873,2008,2015,False
991,arroybr01,Bronson Arroyo,SP,CIN,2435.6666666666665,2391.3333333333335,14.0,148,137,1,1571,419,383,4.278910633638977,1.3006705898453539,104.5295589965919,24.68,-1.7643328899517523,-0.14756059854628542,-0.1881168891695927,0.15911504771398896,-0.623309190399809,0.0983682549218441,-0.3532195108679144,2000,2017,False
992,forscbo01,Bob Forsch,SP,SLN,2794.6666666666665,2794.666666666667,16.0,168,136,3,1133,498,422,3.7646708015267176,1.2913883587786261,100.70295686374469,18.869999999999997,-1.7652391084868917,-0.1263291346722489,-0.004536816762131196,0.2343922618029928,-1.0020182639585329,0.32214896967762763,-0.47819137076283225,1974,1989,False
993,clevere01,Reggie Cleveland,RP,BOS,1809.0,1779.0,11.0,105,106,25,930,428,203,4.014925373134329,1.3189607517965727,99.609124982536,8.35,-1.772660149503979,-0.199287256830127,-0.43153347452081864,0.013141413994112254,-0.3878018915503004,0.058174913673718555,-0.2876384612313396,1969,1981,False
994,mastewa02,Walt Masterson,RP,WS1,1649.6666666666667,1624.6666666666665,13.0,78,100,20,815,399,184,4.146292180238432,1.5148514851485149,103.58493028004001,10.93,-1.7779042131117762,-0.21886387522918874,-0.33338325527531193,-0.6207150604039827,0.5533058683465508,-0.3805860116478201,-0.037482241386193854,1939,1956,False
995,nixonwi01,Willard Nixon,SP,BOS,1234.0,1233.9999999999998,9.0,69,72,3,616,225,177,4.390599675850892,1.4643435980551054,99.32028539069636,6.44,-1.781897422911323,-0.28880023061771853,-0.5387925366617933,-0.5071671220139795,0.16032532077934053,-0.03002731901157418,-0.5336991630232856,1950,1958,False
996,kirbycl01,Clay Kirby,SP,SDN,1548.0,1548.0,8.0,75,104,0,1061,261,239,3.8372093023255816,1.3843669250645996,95.12854895153889,8.9,-1.7922736498218432,-0.23155990307775753,-0.3346928640491992,-0.44556316392205936,0.546426324980196,-0.46363976850832433,-0.5305320737931721,1969,1976,False
997,odayha01,Hank O'Day,SP,WS8,1651.3333333333335,1651.3333333333335,7.0,73,110,4,663,201,192,3.7442470730722643,1.352240613645539,,0.0,-1.8001528159275855,-0.21802416018501233,-0.3288519914289528,-0.28248418994148833,-0.2241048144594088,-0.5833330122034714,0.8897716976717288,1884,1890,False
998,novaiv01,Ivan Nova,SP,NYA,1347.6666666666667,1308.0,9.0,90,77,1,963,240,227,4.380905268365075,1.3586445708632202,100.07882581196417,12.94,-1.8032360565135779,-0.2757241676626266,-0.2629222032740703,-0.33075263309892045,-0.7501847534182078,0.30768344141421217,-0.3495434379767355,2010,2020,False
999,ruhleve01,Vern Ruhle,SP,HOU,1411.3333333333333,1378.3333333333335,12.0,67,88,11,582,327,188,3.7305148795465284,1.2973547472838924,101.97480199334117,11.959999999999999,-1.8125613397510523,-0.2630076913786291,-0.0510210522706085,0.18261544649565037,-0.8740585912013786,-0.4131930012267213,-0.3852452662614754,1974,1986,False
1000,nolasri01,Ricky Nolasco,SP,FLO,1887.6666666666667,1829.0000000000002,10.0,114,118,0,1513,330,312,4.562775913826593,1.327035140384955,92.33809772101645,13.06,-1.8219072254691278,-0.19922440956469412,-0.4767952927981139,-0.04388680703190396,-0.08092716664910672,-0.08764312072209629,-0.35339827132949003,2006,2017,False
1001,mlickda01,Dave Mlicki,SP,NYN,1232.6666666666665,1197.6666666666665,8.0,66,80,1,834,262,193,4.716603569497026,1.4675500270416444,94.70549651405605,5.85,-1.823314722713319,-0.3044778273387118,-0.3295305705883298,-0.3759932270861276,-0.2658611712392343,-0.19080734493680176,-0.36763174684890215,1992,2002,False
1002,loaizes01,Esteban Loaiza,SP,PIT,2099.0,2034.6666666666667,12.0,126,114,1,1382,377,333,4.647927584564078,1.4082896617436875,103.53086752019342,22.95,-1.8300771857052238,-0.17988963162240085,-0.28214832849917526,-0.1874909054255126,-0.30810537146553657,0.17340255366530355,-0.35539259581182187,1995,2008,False
1003,mcgloji01,Jim McGlothlin,SP,CAL,1300.3333333333333,1282.3333333333335,8.0,67,77,3,709,256,201,3.6129197641630353,1.2804409125865164,96.43521561092561,6.2700000000000005,-1.8315135157800435,-0.2856532647434432,-0.2593299990528413,-0.053154180907512893,-0.5912845449810586,-0.17406569713087536,-0.45417102736013554,1965,1973,False
1004,petryda01,Dan Petry,SP,DET,2080.3333333333335,2080.3333333333335,13.0,125,104,1,1063,370,300,3.945521551033488,1.36324307002083,105.40512015738032,17.08,-1.8318243806993104,-0.17610873712859898,-0.1551597853850914,-0.19850785029318144,-0.46814340246366815,0.26928263469710045,-0.4791967465571717,1979,1991,False
1005,gumbead01,Ad Gumbert,SP,CHN,1996.3333333333333,1996.3333333333333,9.0,123,102,1,549,264,236,4.2693270996827515,1.4902320921689765,95.93918520154008,15.41,-1.8527576815214208,-0.1856160642699704,-0.24118444799263603,-0.0840922028643262,-0.5982593883798747,0.2972008777355009,-0.44085199426855026,1888,1896,False
1006,tavarju01,Julian Tavarez,RP,BOS,1404.3333333333333,1330.666666666667,14.0,88,82,23,842,828,108,4.460479468312367,1.497507714217897,107.88241287288602,4.92,-1.8537180981389147,-0.27861494461005726,-0.05430427271279337,-0.5187441286565603,-0.67374985493789,0.14075952531896796,-0.22042943350116578,1993,2009,False
1007,oliveda02,Darren Oliver,RP,TEX,1915.6666666666667,1912.3333333333337,19.0,118,98,7,1259,766,229,4.510179223942926,1.4391856620845658,113.62434398231362,21.15,-1.8600229559335049,-0.19452915697404619,-0.19758328828690827,-0.35402326717458327,-0.42024129034061813,0.25132343911027016,-0.34000086339644353,1993,2013,False
1008,beckbo01,Boom-Boom Beck,RP,PHI,1034.0,1007.9999999999999,9.0,38,69,6,352,265,100,4.299806576402321,1.4148936170212767,91.66469535328005,4.48,-1.8642730436852704,-0.369895445175649,-0.34953857298318164,-0.03993773758403767,-0.3008491486264082,-0.8130953826303129,-0.32052608384606535,1924,1945,False
1009,weavesa01,Sam Weaver,SP,LS2,1301.6666666666667,1290.6666666666667,4.0,67,80,0,346,152,149,3.22202304737516,1.180025608194622,100.54043403361428,13.07,-1.864802787171352,-0.2889673740451475,-0.34400112075056954,0.05317838928265436,-0.7924424265118599,-0.14085535981442443,-0.29602133912911793,1878,1886,False
1010,mccatst01,Steve McCatty,SP,OAK,1188.3333333333333,1154.0,7.0,63,63,5,541,221,161,3.991304347826087,1.423842917251052,99.6324412861253,9.27,-1.8744745808981822,-0.3248656119407594,-0.20618078522719255,-0.4715334669836816,-0.6152965912968915,0.03353040787081631,-0.3908381220282576,1977,1985,False
1011,fitzmal01,Al Fitzmorris,SP,KCA,1277.0,1266.3333333333335,9.0,77,59,7,458,288,159,3.650743931088489,1.3445575567736883,107.45375550011342,15.8,-1.8762302336050896,-0.29632485921638685,-0.06158638377722356,-0.14057232576589895,-1.381684599757788,0.39025250502492886,-0.441802776929767,1969,1978,False
1012,smithpe02,Pete Smith,SP,ATL,1025.6666666666667,969.6666666666667,9.0,47,71,1,640,231,163,4.545336366590835,1.4107897302567434,91.56827175092789,5.24,-1.8777067669011258,-0.3872891234584653,-0.5214169977147228,-0.35017148536586856,-0.15981167366258517,-0.4538810710911501,-0.39385141076371943,1987,1998,False
1013,grosske01,Kevin Gross,SP,PHI,2487.6666666666665,2462.3333333333335,14.0,142,158,5,1727,474,368,4.113493233284203,1.4089508240653894,96.1084639858399,25.74,-1.8845602165911233,-0.153071088392402,-0.17197163433240822,-0.3558067006340936,0.26677070895230426,-0.17582968211284522,-0.39314710018668336,1983,1997,False
1014,dubucje01,Jean Dubuc,SP,DET,1444.3333333333333,1433.6666666666665,8.0,85,76,13,438,256,150,3.0408492960997,1.2926378952227096,97.07788245656037,8.12,-1.8969758026864558,-0.2646327555479827,-0.24293043421604577,-0.273297171095705,-1.1012324913597453,0.22349367023435934,0.39971910005032235,1908,1919,False
1015,frienbo01,Bob Friend,SP,PIT,3611.0,3611.0,16.0,197,230,11,1734,602,497,3.5840487399612297,1.2921628357795625,109.92319070509855,46.76,-1.9019735967074725,-0.10534331745818179,0.15757180818824992,0.1939698760919418,-0.5407834270717046,-0.2113682198671677,-0.4279840914045526,1951,1966,False
1016,overmst01,Stubby Overmire,SP,DET,1130.6666666666667,1113.3333333333333,9.0,58,67,10,301,266,137,3.9640330188679243,1.400943396226415,102.00566444894409,8.05,-1.9059615593437877,-0.3423883040737344,-0.23485335034277266,-0.06198520231626871,-1.1504055594379565,-0.08933598568441657,-0.1712036469969624,1943,1952,False
1017,richmle01,Lee Richmond,SP,WOR,1583.0,1556.0,4.0,75,100,3,552,191,179,3.0587492103600757,1.2836386607706887,98.53890316397697,11.33,-1.9210036938473585,-0.24691564188269385,-0.4843452438200902,-0.676907090602946,0.24034086925255543,-0.39711499005617745,0.7475226588378966,1879,1886,False
1018,craneed01,Ed Crane,SP,NY1,1551.0,1533.0,7.0,72,97,2,719,204,176,3.986460348162476,1.5538362346872985,102.90139574561039,-0.3499999999999995,-1.9213232632945614,-0.250661873880569,-0.3637268423412921,-0.8333422808046175,0.6228990670600505,-0.44228226175485263,0.12482045844868933,1884,1893,False
1019,gomezru01,Ruben Gomez,SP,NY1,1454.0,1442.6666666666667,9.0,76,86,5,677,289,205,4.085281980742779,1.3823933975240714,102.21780483342255,13.93,-1.9285583048497361,-0.26736020862057336,-0.2972668025350756,-0.16899734026207858,-0.3463806824089262,-0.11424045067122873,-0.5122320641324011,1953,1967,False
1020,breweto01,Tom Brewer,SP,BOS,1509.3333333333333,1509.3333333333335,8.0,91,82,3,733,241,217,4.001104240282686,1.4224823321554771,105.65244193298297,12.71,-1.9423098764378022,-0.25737321684246495,-0.21302474200966712,-0.46782692380827284,-0.3345824497334618,0.1579060642558396,-0.5182502329245545,1954,1961,False
1021,weaveje01,Jeff Weaver,SP,DET,1838.0,1838.0,11.0,104,119,2,1214,355,274,4.705658324265506,1.367247007616975,95.98797777318022,14.24,-1.9520745051527049,-0.2124128950111757,-0.33167435567214343,0.03187839343315627,-0.33604874305192317,-0.18247892999599713,-0.33758369841844865,1999,2010,False
1022,genewjo01,Joe Genewich,SP,BSN,1401.6666666666667,1378.6666666666667,8.0,73,92,12,316,272,166,4.289179548156956,1.4354340071343639,94.28061849701996,8.63,-1.9558984611169734,-0.28373768778292646,-0.22399449690853132,-0.006505851958036301,-0.8201252706589215,-0.32997119280133685,0.039066921257671576,1922,1930,False
1023,vogelry01,Ryan Vogelsong,SP,SFN,1190.0,1089.3333333333333,8.0,61,75,0,900,289,179,4.477310924369748,1.4075630252100841,89.81579767798382,0.56,-1.9677349992472801,-0.36127325567575524,-0.39381719299246665,-0.5184141850943957,-0.2721737906803034,-0.18187835117027443,-0.35623307399419385,2000,2016,False
1024,stoneli01,Lil Stoner,RP,DET,1003.6666666666666,984.3333333333334,7.0,50,58,14,299,229,111,4.7615410162736636,1.5483228163400864,89.55751880691108,2.5500000000000003,-1.970801885828085,-0.4004338406694381,-0.8005226961620133,-0.6346196043758221,-0.10228947437750566,-0.24620736912181018,0.2805110316488397,1922,1931,False
1025,stratsc01,Scott Stratton,SP,LS2,1892.3333333333335,1862.3333333333335,7.0,97,114,1,570,231,214,3.866654923375022,1.3797780517879161,108.18804949731367,12.610000000000001,-1.9729533108387658,-0.21187971836464276,-0.02894227990094808,0.1988544618226654,-0.7056079671276474,-0.34241553861976354,-0.4475306269558993,1888,1895,False
1026,trachst01,Steve Trachsel,SP,CHN,2501.0,2404.6666666666665,13.0,143,159,0,1591,420,417,4.386645341863255,1.4114354258296682,102.67388614622172,24.75,-1.9779332704314432,-0.1645078960713704,0.005247961217245251,-0.10718742007052519,-0.4222326067827427,-0.08986040872897161,-0.36604428255707516,1993,2008,False
1027,esperdu01,Duke Esper,SP,PHI,1727.6666666666665,1727.6666666666667,9.0,101,100,5,453,236,198,4.386262782172487,1.5726413274165543,99.11619203968522,18.099999999999998,-1.9892734942218326,-0.23028440990412885,-0.23393917566871744,-0.36457930263460403,-0.5281665903288817,0.016031317935481706,0.21772264150381593,1890,1898,False
1028,lampde01,Dennis Lamp,RP,CHN,1830.6666666666667,1772.6666666666667,14.0,96,96,35,857,639,163,3.928077203204661,1.3787327021121631,109.9416993450949,15.94,-2.0066384373559805,-0.22639771764076502,-0.11492299330107397,-0.257794867335082,-0.6362662995802842,0.08275132604249932,-0.1590883365038962,1977,1992,False
1029,roberch01,Charlie Robertson,SP,CHA,1005.0,975.0000000000001,6.0,49,80,1,310,166,142,4.441791044776119,1.518407960199005,92.96309257296315,6.199999999999999,-2.0074114978940454,-0.4117767175167273,-0.3457949028252647,-0.38876203069269355,-0.08569526089993172,-0.6920274686648838,-0.7259293822427448,1919,1928,False
1030,wegmabi01,Bill Wegman,SP,ML4,1482.6666666666667,1435.3333333333335,9.0,81,90,2,696,262,216,4.158048561151079,1.2942895683453237,106.47712232891963,17.78,-2.0091677923880242,-0.2799583547219727,-0.24378334529782303,0.22373852911449213,-1.0002472562545164,-0.16642857693482155,-0.41611984038272376,1985,1995,False
1031,hendeha01,Hardie Henderson,SP,BL2,1788.3333333333333,1753.0,5.0,81,121,0,930,210,206,3.502702702702703,1.2984156570363468,103.6820665382917,10.24,-2.013333111481183,-0.22970143884554284,-0.3181125252297966,-0.36120365610582544,0.3533984929499938,-0.5050653890190938,-0.2953901429781725,1883,1888,False
1032,fosteal01,Alan Foster,SP,SLN,1025.3333333333333,980.3333333333333,7.0,48,63,0,501,217,148,3.7392717815344607,1.3371261378413526,99.83619711047947,6.06,-2.0154072323879926,-0.41116774547187884,-0.24072500755277723,-0.22568069587164488,-0.7798694736667001,-0.4296444254991214,-0.5364858861018911,1967,1976,False
1033,bengera01,Ray Benge,SP,PHI,1875.3333333333333,1836.6666666666667,9.0,101,130,19,655,346,249,4.515997156061145,1.4797369356558834,99.23741020291203,14.91,-2.0225712230159347,-0.22024369034656271,-0.3471710518975823,-0.2132622313630014,-0.036665418080504344,-0.43618654887369285,0.1443502385942269,1925,1938,False
1034,mullige01,George Mullin,SP,DET,3686.6666666666665,3654.333333333333,13.0,228,196,8,1482,487,428,2.8220614828209767,1.2900542495479206,103.53927356388719,34.32,-2.0262501952000243,-0.11089575090030236,-0.0643783613027591,-0.4376388372965504,-0.14789119418746752,0.2314549218424264,-0.021041967814667165,1902,1915,False
1035,niekrjo01,Joe Niekro,SP,HOU,3584.0,3548.3333333333335,20.0,221,204,16,1747,702,500,3.593470982142857,1.3191964285714286,100.69806301126495,28.71,-2.030720411886162,-0.11446052110208521,0.0915156026988873,0.012923521263553622,-0.6465039258423654,0.15734748549820593,-0.4273901402386355,1967,1988,False
1036,travebi01,Bill Travers,SP,ML4,1120.6666666666667,1111.0,8.0,65,71,1,488,205,168,4.103807257584771,1.3866745984533015,97.63316125598762,7.450000000000001,-2.032401357055236,-0.36586883115305774,-0.38638705571387433,-0.275406649416924,-0.6689488106938842,-0.022348038290777226,-0.49647318511375554,1974,1983,False
1037,mercewi01,Win Mercer,SP,WAS,2484.6666666666665,2484.6666666666665,9.0,132,164,10,532,335,300,3.9771934531795012,1.543869063590019,109.19794608382014,23.630000000000003,-2.037065857080311,-0.16397095710332524,0.04712397087836756,-0.3938986225708351,-0.5788246188810452,-0.3449300041899649,1.0747363043399367,1894,1902,False
1038,thomsjo01,John Thomson,SP,COL,1270.3333333333333,1259.6666666666667,9.0,63,85,0,800,216,212,4.683022828653897,1.3909734977696144,105.31201178273918,11.6,-2.039494157096569,-0.323814896601731,-0.35929171787197556,-0.11363008642186673,-0.4649736643553215,-0.38072689177199387,-0.3644433430280731,1997,2007,False
1039,phillbi02,Bill Phillips,SP,CIN,1294.6666666666667,1294.6666666666665,7.0,70,76,3,373,176,152,4.094490216271884,1.4212152420185376,93.63083127914594,4.3100000000000005,-2.065259567557793,-0.31904112784105976,-0.5659128617686492,-0.29257394514086715,-0.33576951578032377,-0.15939170763015317,-0.05387181431585185,1890,1903,False
1040,johnssi01,Si Johnson,SP,CIN,2281.3333333333335,2253.3333333333326,14.0,101,165,15,840,492,272,4.0870835768556395,1.401373465809468,95.79214664776687,12.08,-2.073419611644639,-0.1840313264773349,-0.1077278317559161,0.05384581802108459,-0.09294192339019765,-0.6844390178059971,-0.17176708839763757,1928,1947,False
1041,butchma01,Max Butcher,SP,PIT,1786.3333333333333,1786.3333333333333,10.0,95,106,9,485,334,229,3.733345773465199,1.4095913416682218,108.64621239724264,17.81,-2.0807873465113014,-0.23296742077006544,0.13565013605581802,-0.04780956429458532,-0.9856492916031858,-0.13667734523432104,-0.30462236342872223,1936,1945,False
1042,falcope01,Pete Falcone,SP,NYN,1435.3333333333333,1435.3333333333335,10.0,70,90,7,865,325,217,4.069437993497446,1.4324198792382723,93.88650261483826,10.31,-2.0815650291441243,-0.2900462186452565,-0.3602942028531494,-0.5621267187460882,0.31543377517298005,-0.40544348353825754,-0.41439046572391564,1975,1984,False
1043,scarbra01,Ray Scarborough,SP,WS1,1428.6666666666667,1428.6666666666665,10.0,80,85,12,564,318,168,4.1325244983667755,1.4685020998600093,101.85116166722821,10.19,-2.097431232731526,-0.2936207978625561,-0.32348136943838013,-0.4149762267766042,-0.23371733080944754,-0.122626039050803,-0.28587375712050117,1942,1953,False
1044,willije02,Jerome Williams,SP,LAA,1029.6666666666667,970.0,8.0,52,66,2,655,236,149,4.588863709938491,1.3907413402395596,68.65713944759766,-1.2000000000000002,-2.099983118570289,-0.4329862100144926,-0.4871903063737375,-0.3546229571418688,-0.6782379469784792,-0.25658402613045256,-0.327361204049201,2003,2016,False
1045,hamilea01,Earl Hamilton,SP,SLA,2342.6666666666665,2336.6666666666665,13.0,116,147,13,790,410,261,3.1579396698918614,1.3198634035287422,107.32719040714927,24.95,-2.1085062607245817,-0.1804712919307773,0.08844481070378055,-0.08392051438329584,-0.5118201623057179,-0.38815034386406294,-0.01608264776942279,1911,1924,False
1046,garvene01,Ned Garver,SP,SLA,2477.3333333333335,2430.666666666667,12.0,129,157,12,881,402,330,3.7310279870828844,1.3530678148546824,114.24378365863046,38.74,-2.120563397117729,-0.17448409740409176,0.16061006836173425,0.1833435428500944,-0.8866144635415454,-0.26144050585742334,-0.30861506327255156,1948,1961,False
1047,warhoja01,Jack Warhop,SP,NYA,1412.6666666666667,1376.3333333333333,7.0,69,93,7,463,221,150,3.1153846153846154,1.2501179801793298,99.7762776844012,17.55,-2.1288175578789574,-0.30934621814661534,-0.23144181256249713,0.05068270411138841,-0.943488235267246,-0.4679013199658398,0.18121470012779128,1908,1915,False
1048,lawve01,Vern Law,SP,PIT,2672.0,2672.0,16.0,162,147,13,1092,483,364,3.7657185628742513,1.283682634730539,106.53363258876715,26.040000000000003,-2.139429188922434,-0.16013691533850555,-0.02696848084305193,0.2319143160383498,-1.0549776385872942,0.1817600683175655,-0.3672986008338421,1950,1967,False
1049,lopezro01,Rodrigo Lopez,SP,BAL,1350.6666666666667,1289.6666666666665,8.0,81,89,0,865,257,215,4.824284304047384,1.4230009871668312,,0.0,-2.14755655553423,-0.3330405617266834,-0.47863118224936024,-0.26344624086877044,-0.45184399146014553,-0.11002064147966588,-0.3514827935918837,2000,2012,False
1050,leakemi01,Mike Leake,SP,CIN,1829.0,1829.0000000000002,10.0,105,98,0,1231,301,296,4.054674685620558,1.2810278840896665,100.26164568181089,13.66,-2.149296382865028,-0.23502420807709437,-0.1369020637462448,-0.018887410113915187,-0.9184671342982248,0.11881863234147295,-0.3614713922070398,2010,2019,False
1051,seleaa01,Aaron Sele,SP,BOS,2153.0,2120.6666666666665,14.0,148,112,0,1407,404,352,4.606595448211798,1.4914073385973061,104.03683309549216,19.95,-2.1510924037042907,-0.2028694502078866,-0.2452157169519574,-0.5408289589404518,-0.3246502541295424,0.47601035007127357,-0.36630300423130546,1993,2007,False
1052,davisdo02,Doug Davis,SP,MIL,1715.6666666666667,1674.6666666666667,11.0,92,108,0,1279,306,286,4.437925004857198,1.5131144355935495,106.57139005325176,21.47,-2.1589466870006424,-0.25783598968956717,-0.07228322002951311,-0.6803084628478551,0.0021226273992714486,-0.17318851874477806,-0.3547489070112376,1999,2011,False
1053,colboji01,Jim Colborn,SP,ML4,1597.3333333333333,1572.333333333333,8.0,83,88,7,688,301,204,3.803213689482471,1.3109348914858097,100.26128206671903,16.36,-2.168488074067153,-0.27583057969902314,-0.22230854183522442,0.09116744837349806,-0.8665094065582252,-0.1311348486574637,-0.4166624263194006,1969,1978,False
1054,ortizra01,Ramon Ortiz,SP,ANA,1448.3333333333333,1359.6666666666665,9.0,87,86,0,895,303,218,4.946375143843499,1.4264672036823935,,0.0,-2.1690766741702783,-0.3190600648448559,-0.5074629903593817,-0.2665137779680544,-0.5144689684131082,0.06610442643281678,-0.3589296436693848,1999,2013,False
1055,groveor01,Orval Grove,SP,CHA,1176.6666666666667,1163.0000000000002,7.0,63,73,4,374,207,152,3.7784702549575067,1.428611898016997,97.29560428280884,2.5300000000000002,-2.170508569213067,-0.3732602870529779,-0.24691933457679124,-0.4119668351170002,-0.646633169228958,-0.19120172215222775,-0.4097176635329287,1940,1949,False
1056,bowmajo01,Joe Bowman,SP,PIT,1465.6666666666667,1454.6666666666665,10.0,77,96,11,502,298,184,4.402774619058449,1.4600864225608368,91.75127535038195,4.13,-2.1778640927838895,-0.29943136014443944,-0.3691211696407553,-0.2181507958862946,-0.3728028613719068,-0.2745701500192138,-0.23138766484452794,1932,1945,False
1057,cahiltr01,Trevor Cahill,SP,OAK,1507.6666666666667,1445.6666666666665,11.0,86,99,1,1151,361,233,4.256245854521335,1.3676763210258678,103.37523261903956,12.18,-2.180388884809743,-0.301644761560029,-0.26148174014301795,-0.3805231457360384,-0.44688196797181984,-0.06097752109902172,-0.3502420268168118,2009,2021,False
1058,stonebi01,Bill Stoneman,SP,MON,1236.3333333333333,1207.0000000000002,7.0,54,85,5,934,245,169,4.083850094365058,1.442976543542734,95.51735793158892,6.09,-2.186166417804984,-0.36224795655426406,-0.614777847642766,-0.820705899307341,0.8806019828587807,-0.6575386346219785,-0.4798968946409765,1967,1974,False
1059,danksjo01,John Danks,SP,CHA,1503.3333333333333,1481.0000000000002,9.0,79,104,0,1102,247,247,4.376274944567628,1.3463414634146342,101.63860501593346,20.41,-2.201982929495043,-0.29736433889197067,-0.3743434953705177,-0.17553754072848562,-0.3230560067171233,-0.3007667611761613,-0.35129526288562885,2007,2016,False
1060,mccaski01,Kirk McCaskill,SP,CAL,1729.0,1729.0000000000002,12.0,106,108,7,1003,380,242,4.117408906882591,1.3956043956043955,102.85012667884546,14.329999999999998,-2.2062628744912227,-0.25520681023611597,-0.25074753934021443,-0.3616742170707192,-0.3270050167481767,0.01074722392703155,-0.3884981256915347,1985,1996,False
1061,leebi03,Bill Lee,SP,BOS,1944.3333333333333,1895.0,12.0,119,90,19,713,416,225,3.624378535916338,1.364477970169724,112.33085377595127,21.35,-2.2063481834879974,-0.23285996659503938,0.01636334237402085,-0.17373596466370347,-1.2590980926181428,0.4777069333923752,-0.3377623330526182,1969,1982,False
1062,schnepe01,Pete Schneider,SP,CIN,1274.0,1245.0,5.0,59,86,4,487,207,162,2.663265306122449,1.3320251177394034,105.61037682108996,6.6,-2.2112861553796725,-0.3552266916272566,0.06957242813930256,-0.7319018363314526,-0.1722167445303197,-0.5815807969900894,-0.38884831275137216,1914,1919,False
1063,bailebi01,Bill Bailey,SP,SLA,1084.3333333333333,972.6666666666666,7.0,38,76,0,570,203,117,3.5690132185674766,1.4405164463572089,85.07644941179693,-2.3600000000000003,-2.2255209829925144,-0.457612265180092,-0.7397698441813295,-0.9388987934337903,1.1150404641998273,-0.929760500531405,-0.7500109850999641,1907,1922,False
1064,barrji01,Jim Barr,SP,SFN,2065.3333333333335,2030.0000000000002,11.0,101,112,12,741,454,252,3.5558424790187213,1.27775984506133,109.22879446204958,30.79,-2.2295800794978393,-0.2196630620194915,0.12405305324164366,0.2645089646205976,-1.278345441415735,-0.12924478732747988,-0.3528552073640887,1971,1983,False
1065,youngma01,Matt Young,RP,SEA,1189.6666666666667,1152.3333333333333,9.0,55,95,25,857,333,163,4.4029139815074245,1.489492855141496,98.34993947058207,7.31,-2.233405012361518,-0.38763176378851916,-0.5060432459059803,-0.7947067319735638,0.5542761888133325,-0.7321624635086653,-0.20686776067239618,1983,1993,False
1066,chaseke01,Ken Chase,SP,WS1,1165.0,1162.6666666666667,7.0,53,84,1,582,188,160,4.2721030042918455,1.6154506437768241,100.27661638382858,7.129999999999999,-2.2441535066144964,-0.3860355802662552,-0.3893059878819101,-1.106740082654061,0.8674142629511774,-0.6281978785810299,-0.5986733950629174,1936,1943,False
1067,purkebo01,Bob Purkey,SP,CIN,2114.6666666666665,2091.0,11.0,129,115,9,793,386,276,3.792087011349307,1.2673392181588903,108.25149340049335,24.86,-2.2556648960422923,-0.21574987049663238,-0.08138552400307866,0.28904895595768015,-1.3716013552358308,0.2621953636176825,-0.45784530161653114,1954,1966,False
1068,mileywa01,Wade Miley,SP,ARI,1581.0,1566.6666666666665,10.0,97,92,0,1252,283,277,4.149905123339659,1.3795066413662238,107.80154494794407,17.97,-2.258381021646268,-0.2883039602101619,-0.2014234981515933,-0.5217159175184535,-0.4804737743099029,0.12639373126906592,-0.3670309768448273,2011,2021,False
1069,alexado01,Doyle Alexander,SP,TOR,3367.6666666666665,3367.6666666666665,19.0,194,174,3,1528,561,464,3.757497772938731,1.292883301989508,107.84421457487201,34.78,-2.2772440864003927,-0.1352416561259265,-0.04228574956577444,0.16805606966425105,-0.7916119884484576,0.19824089213620805,-0.4801001688809574,1971,1989,False
1070,estessh01,Shawn Estes,SP,SFN,1678.3333333333333,1655.0000000000002,11.0,101,93,0,1210,283,281,4.713604766633566,1.5288977159880834,93.47191499118998,9.26,-2.278548741193315,-0.2753533221985878,-0.3228106236968554,-0.7659406533710308,-0.035062251979760636,0.20296657423253037,-0.3674636738217023,1995,2008,False
1071,rueteki01,Kirk Rueter,SP,SFN,1918.0,1918.0,13.0,130,92,0,818,340,336,4.274765380604797,1.3941605839416058,101.77493474759191,15.97,-2.2949903311584166,-0.23931077488617483,0.0295606966162633,-0.07392673994803828,-1.4565931971971644,0.49856152959575717,-0.36612930532949567,1993,2005,False
1072,blaehge01,George Blaeholder,SP,SLA,1914.3333333333335,1903.3333333333333,9.0,104,125,12,572,338,251,4.541528817691102,1.439143304892913,103.8467627265425,25.11,-2.301136587402865,-0.24180069219644817,-0.35161303385631165,-0.010056855237393827,-0.47200969517084024,-0.25608741497859383,-0.05763797893134928,1925,1936,False
1073,thurssl01,Hollis Thurston,SP,CHA,1542.6666666666667,1542.6666666666667,9.0,89,86,13,306,288,178,4.241356957649092,1.4442523768366464,98.00426637779783,11.950000000000001,-2.303088287233985,-0.2985853440666359,-0.24008696721191067,-0.10657758655475498,-1.110257796663886,0.03995104442136747,0.02142144823534347,1923,1933,False
1074,lushjo01,Johnny Lush,SP,SLN,1239.3333333333335,1222.3333333333333,6.0,66,85,2,490,182,155,2.6796664873587948,1.2764927380311994,99.04770083307575,6.499999999999999,-2.321302474017224,-0.3798149671148989,-0.22725954346913374,-0.6788155507715571,-0.1645647891670149,-0.4132748413727034,-0.3772826744678247,1904,1910,False
1075,vangiel01,Elam Vangilder,SP,SLA,1715.6666666666667,1691.3333333333333,9.0,99,102,19,474,367,187,4.275306003497183,1.5113658441810762,105.00760077708757,13.08,-2.3248762870332436,-0.2749163918446879,-0.41091797831075155,-0.5107458409962373,-0.3858115004581517,-0.08517248304845658,0.4969635968338099,1919,1929,False
1076,barrbo01,Bob Barr,SP,RC2,1328.3333333333335,1301.3333333333333,4.0,49,98,1,588,159,152,3.8484316185696357,1.3723964868255958,88.98409338498224,-0.21999999999999997,-2.332449997115485,-0.358470798737011,-0.4479352874859886,-0.3035423766351897,-0.05456239259861934,-0.7703042029615865,-0.05628063594675208,1883,1891,False
1077,zahnge01,Geoff Zahn,SP,MIN,1849.0,1790.3333333333333,10.0,111,109,1,705,304,270,3.7431043807463493,1.3542455381287182,112.44139444584337,20.47,-2.3419982175683502,-0.2616270583766543,0.04631007464432465,-0.09244480712681208,-1.066471589538242,0.06603865757124817,-0.5000678886263359,1973,1985,False
1078,kruegbi01,Bill Krueger,SP,OAK,1194.3333333333333,1122.0,9.0,68,66,4,639,301,164,4.348032375104661,1.505442366731789,95.10606232909721,2.7700000000000005,-2.352302505983614,-0.4193052595336211,-0.4016765164023343,-0.8541513892000878,-0.4788838590141342,0.156742826675111,-0.40920076665210753,1983,1995,False
1079,mclisca01,Cal McLish,SP,CLE,1609.0,1574.666666666667,10.0,92,92,6,713,351,209,3.9993784959602237,1.389683032939714,99.4613452048785,7.62,-2.3554504275988144,-0.2991681322098409,-0.19221260722399303,-0.28853372636763835,-0.7589314843410596,0.09722779113658422,-0.4664081017103792,1944,1964,False
1080,zachato01,Tom Zachary,SP,WS1,3126.3333333333335,3097.6666666666665,17.0,186,191,22,720,533,409,3.7280093826633967,1.4374666808828234,110.03988114658519,37.52,-2.3616920602431852,-0.15248200109178,0.273242283182349,-0.07877848028785121,-0.9456717329976255,-0.013110102818653702,-0.09341584652148587,1918,1936,False
1081,bellge01,George Bell,SP,BRO,1086.0,1086.0,5.0,43,79,4,376,160,124,2.850828729281768,1.210865561694291,96.83818247119643,8.24,-2.3960450756529403,-0.4412606032510019,-0.39872958400949743,-0.1305540817448213,-0.6197199612688323,-0.946532176969743,0.04310740835292899,1907,1911,False
1082,vargaja01,Jason Vargas,SP,SEA,1643.0,1620.666666666667,12.0,99,99,0,1147,298,277,4.294583079732197,1.321972002434571,96.10493564926561,16.75,-2.3986248158343795,-0.2960047078364105,-0.2884209979852227,-0.1548643140331603,-0.6788466893624797,-0.022492574025400763,-0.35930864559630676,2005,2019,False
1083,spillda01,Dan Spillner,RP,CLE,1492.6666666666667,1492.6666666666665,12.0,75,89,50,878,556,123,4.214604734256365,1.4671728450200983,96.88506101391087,9.33,-2.4036105803150676,-0.3220559062503441,-0.5302148853613132,-0.7660126370005829,0.21200972363764534,-0.2605063140698269,0.11700292426566285,1974,1985,False
1084,beattji01,Jim Beattie,SP,SEA,1148.6666666666667,1148.6666666666665,9.0,52,87,1,660,203,182,4.168311085316309,1.4233894370284388,103.147302536719,14.82,-2.416683638229656,-0.42078066829303357,-0.38818757218404126,-0.5035135649366518,0.052570642152893254,-0.7980698176590323,-0.48755548911632385,1978,1986,False
1085,colemjo04,Joe Coleman,SP,PHA,1134.0,1078.0,7.0,52,76,6,444,223,140,4.380952380952381,1.5326278659611994,97.01681306770777,5.92,-2.420986318915926,-0.44916258235917,-0.37931207416138246,-0.5427626260669122,-0.2583991084936835,-0.6148054959859331,-0.44002986406172856,1942,1955,False
1086,hollade01,Derek Holland,SP,TEX,1466.0,1429.0,12.0,82,83,0,1241,346,228,4.6227830832196455,1.379263301500682,99.94970012682532,9.07,-2.4321952525158723,-0.34040521378808564,-0.6467600941731688,-0.5027050071154124,-0.09647573729024747,0.052456405242810485,-0.3510644118795908,2009,2021,False
1087,klippjo01,Johnny Klippstein,RP,CHN,1967.6666666666667,1921.3333333333333,16.0,101,118,66,1158,711,161,4.240047433508385,1.470269354565475,101.63632164037924,13.64,-2.453902781900073,-0.25543748597155513,-0.46287434655581466,-0.695977535162176,0.4477157115164896,-0.32728223996564615,0.295316819365991,1950,1967,False
1088,ruffibr01,Bruce Ruffin,RP,PHI,1268.0,1212.0,10.0,60,82,63,843,469,152,4.194794952681388,1.5063091482649842,105.96564677765366,9.83,-2.462522904619707,-0.406356914953747,-0.3262385697703128,-0.9652538327532576,-0.017152032903730133,-0.37570000969082806,-0.049134058039426935,1986,1997,False
1089,anderbr02,Brian Anderson,SP,ARI,1547.0,1505.0000000000002,11.0,82,83,1,723,291,245,4.735617323852618,1.3445378151260505,99.34296067688058,10.86,-2.4630906662935548,-0.3273210187765521,-0.323905032936419,0.18371356565144029,-1.2739880803586956,0.009003535652468586,-0.35535361291566764,1993,2005,False
1090,silvaca01,Carlos Silva,SP,MIN,1241.6666666666667,1211.3333333333335,8.0,70,70,2,554,316,180,4.675167785234899,1.396510067114094,98.67831534368032,8.99,-2.4666350499621457,-0.4072595019200019,-0.3045853058890879,-0.16999514093696763,-1.3686336570237247,0.12629995697282131,-0.33446533094347397,2002,2010,False
1091,wiseri01,Rick Wise,SP,PHI,3127.0,3125.0,17.0,188,181,0,1647,506,455,3.686920370962584,1.2890949792133035,102.560543581605,31.88,-2.479941231122641,-0.15871623879184904,-0.18730743533229274,0.04334902894028144,-0.4143905993245278,0.07090022005306915,-0.5402856133955445,1964,1982,False
1092,lapoida01,Dave LaPoint,SP,SLN,1486.6666666666665,1456.0000000000002,9.0,80,86,1,802,294,227,4.0197309417040366,1.4508968609865471,98.02121403236636,8.37,-2.498848292928832,-0.3432483918858285,-0.1806986695478845,-0.6596445465451402,-0.3660569930630783,-0.06153868607296435,-0.4764345203536374,1980,1991,False
1093,sadecra01,Ray Sadecki,SP,SLN,2500.6666666666665,2497.6666666666665,17.0,135,131,7,1614,563,328,3.782591308984271,1.3508397760597175,100.7568529783557,16.45,-2.4996226028384245,-0.20015662107340915,-0.31074188472539566,-0.4054240627071418,0.13174569475281936,0.03547486076522703,-0.5014035944257705,1960,1977,False
1094,ramospe01,Pedro Ramos,RP,WS1,2355.6666666666665,2339.3333333333335,13.0,117,160,55,1305,582,268,4.080373567284562,1.3108815621904628,98.7717795278167,22.42,-2.5004921732633867,-0.2137781852319795,-0.362704339222243,0.07901676513193913,-0.22910173767019054,-0.4847430960066171,-0.0008732497404191202,1955,1970,False
1095,porceri01,Rick Porcello,SP,DET,2096.3333333333335,2096.333333333333,12.0,150,125,0,1561,355,351,4.400540626490698,1.316107489266974,101.02148734107112,18.76,-2.511821593856222,-0.23963952239048072,-0.42355330389730733,-0.1636300111369298,-0.5883807154948887,0.31749935311404665,-0.3501590139148062,2009,2020,False
1096,limajo01,Jose Lima,SP,HOU,1567.6666666666667,1543.6666666666667,11.0,89,102,5,980,348,235,5.264512013608335,1.3880501807357006,91.26583389576483,6.21,-2.512022965795114,-0.3254618396625067,-0.6963071464818156,0.02795581949698594,-0.5017755206411935,-0.11897172958001946,-0.34224557872056716,1994,2006,False
1097,krausle02,Lew Krausse,SP,KC1,1283.6666666666667,1242.0,9.0,68,91,21,721,321,167,4.003375746559335,1.3227733056349,89.13780769994978,2.04,-2.519746707900157,-0.40575631367152293,-0.5953578424418643,-0.2435242596893838,-0.5364516015890664,-0.3233591272260786,-0.048094270417744035,1961,1974,False
1098,grimsro02,Ross Grimsley,SP,BAL,2039.3333333333333,2039.3333333333333,11.0,124,99,3,750,345,295,3.8085975809087937,1.306309251389343,96.22584200879768,6.44,-2.524581445370751,-0.24758889624427108,-0.19850723085234373,0.08595367653858055,-1.2147613557139492,0.3775405006508065,-0.4524567493741444,1971,1982,False
1099,feldmsc01,Scott Feldman,SP,TEX,1386.3333333333335,1306.0,10.0,78,84,0,882,342,204,4.427506612166385,1.3560952151959604,101.5355047683572,8.22,-2.5253010815785877,-0.3867229833964146,-0.4285350993708135,-0.22721038294019977,-0.8683847929553278,-0.07673834655326675,-0.35288256444048444,2005,2017,False
1100,sullimi02,Mike Sullivan,SP,NY1,1111.3333333333333,1071.3333333333335,8.0,54,65,4,285,160,119,5.037192561487703,1.6736652669466108,88.14244650549884,0.5099999999999999,-2.530870705802947,-0.47247119585618164,-0.6432583305238465,-0.7885271252140906,-0.4394021938025129,-0.18294510205277087,0.26283307142903384,1889,1899,False
1101,karlsc01,Scott Karl,SP,ML4,1002.0,1002.0000000000001,6.0,54,56,0,513,178,161,4.81437125748503,1.529940119760479,101.21356805849632,8.4,-2.531939663140403,-0.5053771782715375,-0.33713333596375783,-0.6370907883793381,-1.0715107957062078,-0.04766072514519257,-0.379868430154833,1995,2000,False
1102,maysal01,Al Mays,SP,NY4,1251.0,1242.0,5.0,53,89,0,469,150,147,3.906474820143885,1.4036770583533174,95.90428216634362,3.6,-2.557573549193325,-0.41184759246269326,-0.3224125887268285,-0.3984726409689181,-0.2708751996658304,-0.7281610690273438,-0.31819031300121736,1885,1890,False
1103,bahnsst01,Stan Bahnsen,SP,NYA,2529.0,2483.0000000000005,14.0,146,149,20,1359,574,327,3.604982206405694,1.3301700276789246,101.88907025580195,23.92,-2.5697177279354513,-0.20698491566133315,-0.10932494619302845,-0.19662622579746625,-0.3936533996806555,-0.06319052234767318,-0.4216856734365916,1966,1982,False
1104,redmama01,Mark Redman,SP,MIN,1238.6666666666667,1226.0,9.0,68,85,0,747,219,203,4.853606027987083,1.4297631862217437,97.0375240142149,11.11,-2.5835338449396206,-0.4214573972169039,-0.45915589705068693,-0.301410956470532,-0.6002695163548398,-0.37871375049740635,-0.3551903046614986,1999,2008,False
1105,bohanbr01,Brian Bohanon,SP,COL,1116.0,1022.6666666666667,9.0,54,60,2,671,304,157,5.185483870967742,1.539426523297491,101.04418380661228,7.87,-2.585144856640839,-0.5055693983000337,-0.6052716630042776,-0.6705250911594444,-0.5647838277805814,-0.037550451522568105,-0.3676790798769453,1990,2001,False
1106,jacksda02,Danny Jackson,SP,KCA,2072.666666666667,2017.3333333333333,13.0,112,131,1,1225,353,324,4.007880347378578,1.4117079446767447,106.93117940369764,17.95,-2.6242601637285805,-0.2601711993121527,-0.06969817708640767,-0.38516010296922143,-0.30670286611848685,-0.21770201686606305,-0.41575652701335497,1983,1997,False
1107,cashnan01,Andrew Cashner,SP,SDN,1196.0,1185.3333333333333,9.0,57,87,1,901,300,188,4.101170568561873,1.3561872909698998,104.54426828541382,10.129999999999999,-2.62792585455131,-0.4434070620727745,-0.1902874698694837,-0.4533510971498873,-0.6313195718477895,-0.6083848379031851,-0.3455653836773675,2010,2019,False
1108,blairwi01,Willie Blair,RP,DET,1274.0,1214.0000000000002,10.0,60,86,4,759,418,139,5.036891679748822,1.4544740973312402,90.95590662038788,3.6900000000000004,-2.643419156733636,-0.4354891526744044,-0.5085132216545153,-0.21821887521664055,-0.5143552658463647,-0.590107925602734,-0.3291349016679571,1990,2001,False
1109,splitpa01,Paul Splittorff,SP,KCA,2554.6666666666665,2518.0,13.0,166,143,1,1057,429,392,3.811847599164927,1.340292275574113,102.66787651015588,22.41,-2.644203127966078,-0.21002407688372343,-0.11785433134473713,-0.03725090674952933,-0.9126411884353732,0.309876123016401,-0.5069475427636231,1970,1984,False
1110,clonito01,Tony Cloninger,SP,ML1,1767.6666666666667,1741.6666666666667,11.0,113,97,6,1120,352,247,4.068074674712427,1.380916462379785,89.89584683646322,2.0999999999999996,-2.645085046368434,-0.30374182350642304,-0.6316014592350266,-0.5985561398977433,-0.06342312824419906,0.30156001851219183,-0.43829801776829097,1961,1972,False
1111,krameja01,Jack Kramer,SP,SLA,1637.3333333333333,1628.3333333333333,11.0,95,103,7,613,322,215,4.243485342019544,1.4920602605863194,102.80306055150972,10.94,-2.65505230764013,-0.3261067317469965,-0.4151438276874367,-0.48048779190474217,-0.21116308813385126,-0.04714031425901549,-0.4274392704323756,1939,1951,False
1112,odombl01,Blue Moon Odom,SP,OAK,1509.0,1463.0,10.0,84,85,1,857,295,229,3.697813121272366,1.4247846255798542,97.44104212904519,2.22,-2.655431582379511,-0.36301183627881217,-0.1842090538395244,-0.7607692418955673,-0.3786917234051522,0.01679006379867508,-0.5438693042374373,1964,1976,False
1113,cardwdo01,Don Cardwell,SP,CHN,2122.6666666666665,2103.3333333333335,13.0,102,138,7,1211,410,301,3.917713567839196,1.2625628140703518,97.95566107748448,16.93,-2.6560423220188656,-0.2525555298274674,-0.3724872217407778,0.15031602402057498,-0.26950554234784035,-0.4828099831234696,-0.4654962530315462,1957,1970,False
1114,grubehe01,Henry Gruber,SP,CL4,1239.3333333333333,1239.3333333333333,5.0,61,78,1,346,151,139,3.6672942442173215,1.4580419580419581,101.67572099213547,4.93,-2.674257993140306,-0.4315639580108079,-0.12844842851514404,-0.3406476495251825,-1.0143032139970893,-0.41510212095490284,-0.28408871510327716,1887,1891,False
1115,mountfr01,Frank Mountain,SP,CL5,1215.6666666666667,1182.6666666666667,5.0,58,83,1,383,143,142,3.4721689059500958,1.3013435700575815,93.04832822966246,0.6799999999999997,-2.6786028233296593,-0.45297680214143055,-0.43374725297416833,-0.5303614990875409,-0.7574353390241091,-0.4780015081791475,0.35137755314648217,1880,1886,False
1116,wellski01,Kip Wells,SP,PIT,1338.3333333333333,1227.6666666666667,9.0,69,103,2,963,296,219,4.707347447073475,1.5130759651307597,97.80892481648729,7.130000000000001,-2.6866203787986347,-0.43767912768916123,-0.37330965227449225,-0.7215018271388373,-0.04896500018225567,-0.5987283313695795,-0.3443759152546177,1999,2012,False
1117,foxho01,Howie Fox,SP,CIN,1108.3333333333333,1101.0000000000002,7.0,43,72,6,342,248,132,4.32812030075188,1.4517293233082709,94.53655508289695,8.9,-2.6873644929681957,-0.4881679369606166,-0.37758057664064915,-0.18180318359927597,-0.8918415921550548,-0.6531265776727647,-0.3384363408935608,1944,1954,False
1118,haynejo01,Joe Haynes,RP,CHA,1581.0,1553.0000000000002,13.0,76,82,21,475,379,147,4.007590132827325,1.4497153700189753,103.25484463495161,9.030000000000001,-2.693924179334754,-0.3469316393219259,-0.2531431164349103,-0.3186802959115306,-0.9330591102152274,-0.03365012305357284,-0.010949986151112787,1939,1952,False
1119,kellnal01,Alex Kellner,SP,PHA,1849.3333333333333,1789.3333333333335,10.0,101,112,5,816,321,250,4.409156452775775,1.4448449891852921,98.54548845831134,12.45,-2.7183615665181686,-0.30384071160784304,-0.46983900931508155,-0.30717101970021243,-0.21257355045309256,-0.13220463257664433,-0.4063256774807205,1948,1959,False
1120,healyjo01,Egyptian Healy,SP,IN3,1875.0,1875.0,8.0,78,136,0,822,227,222,3.8352,1.3434666666666666,98.59257959586633,8.899999999999999,-2.722404463421811,-0.29038980943165993,-0.3753802636841082,-0.09541071320468528,0.1721140780267661,-0.8399484039830765,-0.3912520001819939,1885,1892,False
1121,hobbigl01,Glen Hobbie,SP,CHN,1263.0,1258.6666666666667,7.0,62,81,6,682,284,170,4.2042755344418055,1.4077593032462392,94.86412978073068,6.74,-2.73067751150459,-0.4339000283111106,-0.46132941844947667,-0.5126556718032819,-0.34915894706329836,-0.39892396257831886,-0.40787173819597433,1957,1964,False
1122,roberna01,Nate Robertson,SP,DET,1152.3333333333333,1144.0,8.0,57,77,1,775,223,187,5.014174139427249,1.4743997685854788,91.65163670470511,4.35,-2.767035873984999,-0.4837475304169578,-0.6430796696415365,-0.5553691874328578,-0.30519037873258603,-0.4137905633899895,-0.33170756136446305,2002,2010,False
1123,portehe01,Henry Porter,SP,BR3,1793.3333333333335,1770.3333333333335,5.0,96,107,0,659,207,206,3.698698884758364,1.3154275092936802,99.08681297159336,8.620000000000001,-2.767415261287326,-0.3126434111791368,-0.3309497033417621,-0.23683381617852728,-0.5460364913808482,-0.17597815110607418,-0.26294602801679917,1884,1889,False
1124,youngir01,Irv Young,SP,BSN,1384.6666666666667,1384.6666666666667,6.0,63,95,4,560,209,161,3.113384689455946,1.211121810303322,90.03269186354171,11.5,-2.7681127936201895,-0.3998237063486071,-0.7023217832568062,-0.15271112912471277,-0.14893662667214455,-0.6275340313779045,-0.30771346643217345,1905,1911,False
1125,ruthvdi01,Dick Ruthven,SP,PHI,2109.0,2098.3333333333335,13.0,123,127,1,1145,355,332,4.139402560455192,1.3854907539118066,94.15027489128924,17.349999999999998,-2.7691573449966866,-0.2639387461474205,-0.4728419425106976,-0.30407651866654356,-0.04538657618186091,-0.044969050565105695,-0.5038958262335107,1973,1986,False
1126,jennija01,Jason Jennings,SP,COL,1128.3333333333333,1061.6666666666667,7.0,62,74,1,749,225,180,4.953323485967504,1.5580502215657313,101.2200197664961,9.62,-2.7703177130675747,-0.5218808878620235,-0.5421164046986502,-0.9508120303082275,-0.27852710768986366,-0.2915130509709674,-0.3464074737813776,2001,2009,False
1127,rawlesh01,Shane Rawley,RP,PHI,1871.3333333333333,1871.3333333333335,12.0,111,118,40,991,469,230,4.020662629141432,1.4257214107588172,99.34402203992964,20.94,-2.7884542573580577,-0.29801791136708844,-0.23884705398742626,-0.5547055924548862,-0.3633287877185507,-0.07391669545005203,-0.12180653122789746,1978,1989,False
1128,buzhajo01,John Buzhardt,SP,CHA,1490.6666666666667,1466.3333333333333,10.0,71,96,7,678,326,200,3.664803220035778,1.2625223613595706,100.98103346067062,11.75,-2.789900499028608,-0.3805274606540499,-0.1256620951941137,0.07400056957911444,-1.1043519988695636,-0.49159463611655496,-0.48422752253076257,1958,1968,False
1129,smithmi03,Mike Smithson,SP,MIN,1356.3333333333333,1356.3333333333333,8.0,76,86,2,731,240,204,4.578520521012534,1.3683951830916687,94.47885934632266,6.140000000000001,-2.8098352301190763,-0.4143281243724369,-0.7851364613154498,-0.2315286007885818,-0.39627551868946514,-0.17778380654815687,-0.45349993798904564,1982,1989,False
1130,keougma02,Matt Keough,SP,OAK,1190.0,1180.0,8.0,58,84,0,590,215,175,4.174789915966387,1.4285714285714286,96.77507443536837,5.75,-2.8121263737816062,-0.4766315887765435,-0.42519389432456617,-0.5427058406860547,-0.35690566346906716,-0.5436600732710559,-0.5069509554155325,1977,1986,False
1131,hogsech01,Elon Hogsett,RP,DET,1222.0,1187.0,9.0,63,87,33,441,330,114,5.02291325695581,1.646481178396072,97.78304101410146,5.37,-2.821718769801878,-0.47543702945271743,-0.8017249391063179,-1.0212773386689968,-0.09305836454986881,-0.4722769239474849,0.9338059769058212,1929,1944,False
1132,hudliwi01,Willis Hudlin,SP,CLE,2613.3333333333335,2579.0,14.0,158,156,31,677,491,328,4.411607142857142,1.4758928571428571,105.28380402793705,30.6,-2.8510903149767377,-0.22110045094817668,-0.24664866946168276,-0.20903424962965847,-0.84341801819545,0.03843863764887983,0.5381615493397279,1926,1944,False
1133,kemmeru01,Russ Kemmerer,RP,WS1,1066.6666666666667,1012.6666666666666,7.0,43,59,8,505,302,109,4.4634374999999995,1.4371874999999998,90.01034677857797,5.3,-2.8870049262450808,-0.5701787214440582,-0.6536657193034526,-0.5627977140595163,-0.5645675751487033,-0.5371918596265249,-0.45710976148270155,1954,1963,False
1134,stobbch01,Chuck Stobbs,SP,WS1,1920.3333333333333,1904.3333333333335,13.0,107,130,19,897,459,238,4.29300468668634,1.4257941329630273,99.38670119429692,14.209999999999999,-2.925138440651807,-0.3072086582165384,-0.43186086306324334,-0.2857527726285746,-0.16228408700328564,-0.32434289803070276,-0.30479852286786213,1947,1961,False
1135,caldwmi01,Mike Caldwell,SP,ML4,2408.6666666666665,2401.9999999999995,13.0,137,130,18,939,475,307,3.8112371990035983,1.3194021588707445,103.88519626831393,18.950000000000003,-2.932891417337827,-0.24420411468258355,-0.1550348544560454,0.03160193341724241,-1.0310703547522666,0.12149982361758589,-0.31431778195946575,1971,1984,False
1136,dotsori01,Richard Dotson,SP,CHA,1857.3333333333333,1804.3333333333333,10.0,111,113,0,973,305,295,4.225412778176597,1.4127781765972722,101.14404524005221,15.99,-2.940998510640903,-0.3259928147763795,-0.3756929514084886,-0.4353781157051649,-0.38668594470016754,0.014720446024209752,-0.4883194826277444,1979,1990,False
1137,ruschgl01,Glendon Rusch,SP,NYN,1477.3333333333333,1453.6666666666665,10.0,67,99,4,1088,342,220,5.038131768953069,1.483754512635379,91.14184141962589,5.359999999999999,-2.949739229682378,-0.40583433565912114,-0.6010328671534602,-0.518688232736118,0.01818988819942343,-0.4851918768204128,-0.325036629625286,1997,2009,False
1138,murphto02,Tom Murphy,RP,CAL,1444.0,1425.6666666666667,11.0,68,101,59,621,439,147,3.7770083102493075,1.3282548476454294,101.00065711966236,8.67,-2.95023161019349,-0.41387396916438945,-0.23216273611443308,-0.10970822701075979,-1.1014868394175747,-0.6284144230901321,0.2845174381465122,1968,1979,False
1139,learyti01,Tim Leary,SP,LAN,1491.3333333333333,1424.3333333333333,9.0,78,105,1,888,292,224,4.363209655789003,1.4114886008046492,93.52830489827763,10.469999999999999,-2.978029291157426,-0.41816465590789975,-0.5105559027587355,-0.4389100338805068,-0.2641356261909466,-0.42593770056523966,-0.42783506396851867,1981,1994,False
1140,dukeza01,Zach Duke,RP,PIT,1360.0,1273.3333333333333,11.0,69,91,4,854,570,169,4.308088235294117,1.450735294117647,111.49771854220155,10.76,-3.00105877645153,-0.4713704884478845,-0.18150560172187905,-0.594606019628281,-0.7645910610164296,-0.4900070120365745,-0.3300468633356822,2005,2019,False
1141,westbja01,Jake Westbrook,SP,CLE,1747.6666666666667,1706.3333333333333,11.0,105,103,0,965,315,273,4.320617966812893,1.4053023078390234,98.87881424059402,12.82,-3.0010862946213233,-0.35175850298355027,-0.19269443649724174,-0.36872941395890574,-0.9607188162167875,0.10627316481873046,-0.3542918043636155,2000,2013,False
1142,renkost01,Steve Renko,SP,MON,2494.0,2494.0000000000005,15.0,134,146,6,1455,451,365,3.994787489975942,1.3825180433039295,99.25611891953557,20.93,-3.0043310062666952,-0.2409246997808095,-0.40132760662823674,-0.35306048535914,0.0575780085772172,-0.09033895172336248,-0.45775488154736244,1969,1983,False
1143,gibsoky01,Kyle Gibson,SP,MIN,1336.3333333333333,1336.3333333333335,9.0,79,83,0,1058,236,230,4.451733599401347,1.391119980044899,95.3447905150427,14.16,-3.0047701398559408,-0.44970368768110863,-0.4471249825407562,-0.6236177309417426,-0.6152272452953479,-0.0892520341138754,-0.35241850870382163,2013,2021,False
1144,klinero01,Ron Kline,RP,PIT,2078.0,2071.666666666667,16.0,114,144,108,989,736,203,3.7507218479307025,1.3686236766121271,109.25410204925215,20.22,-3.0073186556037257,-0.29032843014677956,-0.07920705135481683,-0.33503503626907766,-0.6892627891194179,-0.41048702287745126,0.3318205415856794,1952,1970,False
1145,freybe01,Benny Frey,RP,CIN,1160.0,1136.0,7.0,57,82,8,179,256,127,4.5,1.446551724137931,93.10947900515684,6.0600000000000005,-3.021892059696121,-0.5320232499465002,-0.2679884951931061,0.009255866919287524,-1.7283601532147752,-0.5156689420867262,-0.18534273817745195,1929,1936,False
1146,aukerel01,Elden Auker,SP,DET,1963.3333333333335,1963.3333333333335,10.0,130,101,2,594,333,261,4.419015280135823,1.495415959252971,103.52676928197603,15.84,-3.032251714936394,-0.30888812036703506,-0.37894803374812225,-0.37368234501936926,-0.724125416150603,0.42345918752004647,-0.605972799490508,1933,1942,False
1147,francje01,Jeff Francis,SP,COL,1291.0,1212.3333333333333,8.0,72,82,1,869,254,217,4.970565453137103,1.4415182029434548,95.17353601472375,10.15,-3.044335160312815,-0.502227411654575,-0.735315530468028,-0.5600759053831339,-0.47552601612567486,-0.23987389215041552,-0.35299571036566296,2004,2015,False
1148,lohseky01,Kyle Lohse,SP,MIN,2531.6666666666665,2522.3333333333335,15.0,147,143,2,1615,457,418,4.404608294930876,1.3449637919684003,100.09459466919316,19.45,-3.0497366476531576,-0.2418186848938674,-0.3012640763280052,-0.10493323055786931,-0.6385613909887651,0.10763259574068819,-0.34083599122783353,2001,2016,False
1149,saundjo01,Joe Saunders,SP,LAA,1387.3333333333333,1378.0,9.0,89,86,0,792,235,229,4.372417107160019,1.4214320038443058,98.36339369785564,8.45,-3.0513082702663388,-0.4428604165843743,-0.33702354670602924,-0.5300304973581788,-1.0308581959507135,0.07568356321962724,-0.35061979022104933,2005,2014,False
1150,willeed01,Ed Willett,SP,DET,1773.3333333333333,1748.3333333333333,9.0,102,99,5,600,274,202,3.075563909774436,1.2879699248120302,97.5806413360839,11.36,-3.0790339245285394,-0.3522250437973543,-0.3206935039601187,-0.31423719808899436,-0.8472199576287528,0.06965845898449081,-0.3798006855622359,1906,1915,False
1151,curtijo01,John Curtis,RP,SLN,1641.0,1584.0,12.0,89,97,11,825,438,199,3.9597806215722122,1.440585009140768,93.77882309379046,7.07,-3.0958582188654407,-0.3908911892506871,-0.34078422352737836,-0.6520923529803573,-0.4072499864965503,-0.0879422556437595,-0.39004700319471114,1970,1984,False
1152,seiboso01,Socks Seibold,SP,BSN,1063.6666666666667,1005.3333333333333,6.0,48,86,5,296,191,135,4.425258539642745,1.4891883422124725,91.04895274998246,5.009999999999999,-3.097338347075481,-0.6161813687815944,-0.5925755441578565,-0.5000811386092288,-0.6444283877714803,-0.9217291695394266,-0.2978568662764155,1916,1933,False
1153,coffmdi01,Dick Coffman,RP,SLA,1460.3333333333333,1380.0,12.0,72,95,38,372,472,132,4.653047249486419,1.5373202465190596,100.07343198637132,7.99,-3.1126426947750994,-0.4511076369239274,-0.4689014288727104,-0.4856282190260453,-0.9072384689685363,-0.4175675843290294,0.5800054979062753,1927,1945,False
1154,fergual01,Alex Ferguson,SP,BOS,1241.6666666666667,1225.3333333333335,8.0,61,85,10,397,257,166,4.892617449664429,1.5599999999999998,90.64224968102712,6.470000000000001,-3.1150199909019065,-0.5084363423670141,-0.8837873520179071,-0.6814477171600831,0.04739954341992866,-0.5349923693243098,-0.05806799431120308,1918,1929,False
1155,rhodego01,Gordon Rhodes,SP,BOS,1048.6666666666667,1046.6666666666667,7.0,43,74,5,356,200,135,4.849014621741894,1.595359186268277,97.14614815301807,6.43,-3.1380677602460425,-0.5996307822126196,-0.6636470994210081,-0.7991072683189747,-0.208188725156213,-0.7720124584785764,-0.3228857531338841,1929,1936,False
1156,garlajo01,Jon Garland,SP,CHA,2151.3333333333335,2151.3333333333335,13.0,136,125,1,1156,365,342,4.371707468236752,1.3865819646730708,104.61342028258113,22.42,-3.155346615057302,-0.29333869988137296,-0.1651402018956172,-0.18955842719271357,-0.996711029218053,0.14648097330950793,-0.34618031427581186,2000,2013,False
1157,batismi01,Miguel Batista,RP,ARI,1956.3333333333333,1906.6666666666665,15.0,102,115,41,1250,658,248,4.480831487476572,1.4925881751576078,104.4612228751103,14.479999999999999,-3.1558259581542902,-0.3310306949112892,-0.16476562907900466,-0.6243481374255935,-0.49295823230754926,-0.06296760532198291,-0.15418441979827902,1992,2012,False
1158,hargast01,Steve Hargan,SP,CLE,1632.0,1611.9999999999998,11.0,87,107,4,891,354,215,3.920955882352941,1.352328431372549,99.50601127041094,11.659999999999998,-3.181431535041962,-0.39471855273473483,-0.5035084829990911,-0.33321614429687957,-0.4488972299768328,-0.21916296994471168,-0.5192535592643313,1965,1977,False
1159,foggjo01,Josh Fogg,SP,PIT,1159.0,1145.6666666666665,8.0,62,69,0,627,243,194,5.031924072476273,1.458153580672994,91.61363771604762,2.91,-3.1952662773120517,-0.5578003393620108,-0.7000777223274406,-0.5213412925198557,-0.9452012316796021,-0.14796735690649368,-0.3514313390006492,2001,2009,False
1160,mahleri01,Rick Mahler,SP,ATL,1951.3333333333333,1911.3333333333333,10.0,96,111,6,952,392,271,3.994192005466348,1.370857533310557,98.97214941343802,19.57,-3.2215899861840724,-0.3371039399564778,-0.18686823854674806,-0.23814178923405402,-0.7068213910426886,-0.24163880567730556,-0.41159393667278366,1979,1991,False
1161,maholpa01,Paul Maholm,SP,PIT,1556.3333333333333,1556.3333333333335,10.0,77,100,0,984,273,250,4.302420218462197,1.4045834225744271,97.41816830784933,13.12,-3.2396901139464376,-0.4163234243666443,-0.24295407399105629,-0.3968131494350915,-0.7097602094496486,-0.41330699921918895,-0.35179281279596386,2005,2014,False
1162,dugglbi01,Bill Duggleby,SP,PHI,1741.3333333333333,1741.3333333333335,8.0,93,102,6,453,241,191,3.1837672281776417,1.3024502297090352,97.57761395937821,14.49,-3.246398449275632,-0.3728635278647356,-0.3241019686503518,-0.3398147990725373,-1.1142691286260928,-0.1402733287151378,0.4402415553423286,1898,1907,False
1163,lerchra01,Randy Lerch,SP,PHI,1099.3333333333333,1081.3333333333333,8.0,60,64,3,507,253,164,4.527289266221953,1.5136446331109765,84.89440104720286,-3.69,-3.2977514108945085,-0.609941691287517,-0.7392148743995861,-1.0007275586362239,-0.5664999023022512,-0.06394998553860855,-0.48866105460392334,1975,1986,False
1164,abbotji01,Jim Abbott,SP,CAL,1674.0,1642.3333333333335,9.0,87,108,0,888,263,254,4.252688172043011,1.433094384707288,107.09296072961406,19.7,-3.3023445070248596,-0.40215277130402177,-0.1973875433853468,-0.4218782133365894,-0.6735020751197238,-0.36485745982227763,-0.3966442513513738,1989,1999,False
1165,roberda05,Dave Roberts,SP,HOU,2099.0,2083.6666666666665,12.0,103,125,15,957,445,277,3.781800857551215,1.3353978084802287,104.07284437044517,22.19,-3.3061676601329775,-0.3173413207614441,-0.18044655033590953,-0.08631011620232354,-0.7819015627865271,-0.24757828035155155,-0.3690026319797406,1969,1981,False
1166,fowledi01,Dick Fowler,SP,PHA,1303.0,1241.6666666666665,8.0,66,79,4,382,221,170,4.10974673829624,1.4927091327705295,102.89396474310587,7.92,-3.335283469275886,-0.537226867534371,-0.35628122750519753,-0.49389389258002303,-1.1132518019983806,-0.19638235620355068,-0.4241623894685962,1941,1952,False
1167,hammeja01,Jason Hammel,SP,COL,1810.3333333333333,1810.3333333333335,13.0,96,114,4,1428,377,298,4.61848646658074,1.3732277665255017,96.45570028752017,13.52,-3.3363328773769094,-0.3685876866923486,-0.5924321324040026,-0.38384720944267864,-0.2406020156457734,-0.21738791069856667,-0.32919865961810235,2006,2018,False
1168,herbera01,Ray Herbert,SP,KC1,1881.3333333333333,1846.3333333333335,12.0,104,107,15,864,407,236,4.013642806520199,1.3665839829907866,100.94805027687268,16.259999999999998,-3.346619728670577,-0.36251522607011116,-0.3051799097923516,-0.2568174120407651,-0.8080102098469282,-0.11923456761996835,-0.36566940118452645,1950,1966,False
1169,sudhowi01,Willie Sudhoff,SP,SLN,2075.3333333333335,2055.6666666666665,9.0,102,135,3,516,278,239,3.5994217796337935,1.337616447157083,96.58212944969031,12.959999999999999,-3.3560773168942037,-0.3265196027463147,-0.26552975641362503,-0.11259538836440822,-0.8219461715343204,-0.3876732097297474,0.09935559701007322,1897,1906,False
1170,ringji01,Jimmy Ring,SP,PHI,2354.3333333333335,2321.3333333333335,11.0,118,149,11,835,389,294,4.124734532068526,1.485770918873,98.66234152561793,17.85,-3.356149397107261,-0.28915704168069456,-0.46792097211304323,-0.5843434270979037,0.28866140513510735,-0.3143028469883837,-0.2096265350730249,1917,1928,False
1171,mulcahu01,Hugh Mulcahy,SP,PHI,1161.6666666666665,1104.0,6.0,45,89,9,314,220,143,4.485796269727404,1.513342898134864,91.3013024209917,4.34,-3.358748028252507,-0.6084688456979178,-0.41100696057870145,-0.40937494437177896,-1.0030206795198224,-1.0115319719758857,-0.004628391611559099,1935,1947,False
1172,harkijo01,John Harkins,SP,BR3,1183.3333333333333,1175.3333333333333,4.0,51,83,0,489,139,137,4.091830985915493,1.3690140845070424,86.40986887799646,-2.75,-3.3608678991694845,-0.5719003798927086,-0.7749616266412375,-0.6138122644802194,-0.4004579155696883,-0.5912000044857195,-0.26375323101262793,1884,1888,False
1173,bagbyji02,Jim Bagby,SP,CLE,1666.3333333333333,1666.3333333333335,10.0,97,96,9,431,303,198,3.9589917983596723,1.4540908181636327,99.20392197860268,8.83,-3.3738560958103228,-0.4049437202412869,-0.2732538074348261,-0.41738013954694747,-1.1455868353378962,0.05985231535103891,-0.15138329498471947,1938,1947,False
1174,wiedmst01,George Weidman,SP,DTN,2318.3333333333335,2300.3333333333335,8.0,101,156,2,910,279,269,3.6064701653486697,1.3168943206326382,93.20292754676449,22.7,-3.39007329777351,-0.2947462655650059,-0.44303783896359156,-0.3974889553390766,-0.05389313122609261,-0.5554004227705116,0.3724414380998201,1880,1888,False
1175,nayloro01,Rollie Naylor,SP,PHA,1011.0,939.6666666666667,5.0,42,83,0,282,181,136,3.934718100890208,1.503461918892186,104.79256355892926,8.58,-3.3982257805975293,-0.7232832452495628,-0.41808785282720756,-0.839537847222014,-0.5016497794715944,-1.1300718671212775,-0.8253249091868284,1917,1924,False
1176,jamesbi01,Bill James,SP,DET,1179.6666666666667,1165.9999999999998,7.0,65,71,4,408,203,147,3.204294998587171,1.430912687199774,93.25984072894776,5.81,-3.420686224196346,-0.5867386319376237,-0.4813322583604953,-1.1872420379565054,-0.5683431938664391,-0.09499672633311777,-0.3692707381846202,1911,1919,False
1177,rapppa01,Pat Rapp,SP,FLO,1387.3333333333335,1377.3333333333335,9.0,70,91,0,825,259,239,4.677318596828448,1.5504565112926476,97.84309214790684,10.55,-3.4304701739243497,-0.4981321646550362,-0.24831337681225393,-0.8014863828544658,-0.6132219510559964,-0.37939514168947447,-0.37158806189262017,1992,2001,False
1178,hendrma01,Mark Hendrickson,SP,TBA,1169.0,1121.3333333333335,8.0,58,74,1,666,328,166,5.0273738237810095,1.4593669803250642,92.19304024063848,4.12,-3.434723487763711,-0.6126141773657033,-0.749231051000013,-0.5647081655493358,-0.7932949208065874,-0.4570261347012579,-0.3406516212679705,2002,2011,False
1179,wrighcl01,Clyde Wright,SP,CAL,1728.6666666666667,1728.6666666666667,10.0,100,111,3,667,329,235,3.4986502121095255,1.2894330890860006,98.00033926519902,11.38,-3.453488540339557,-0.3995551724264818,-0.07504459259253796,-0.019055820717372416,-1.4673345992012095,-0.16686516223379416,-0.49190116812003326,1966,1975,False
1180,donahre01,Red Donahue,SP,PHI,2966.3333333333335,2953.333333333333,11.0,164,175,3,787,367,340,3.6135520845038767,1.3707158107652544,101.62791887768964,29.380000000000003,-3.4622166322724253,-0.23446162295298592,-0.1694766073289949,-0.18931153575975385,-0.5978713605993845,-0.011925238526626294,-0.2280526735559651,1893,1906,False
1181,jacksal01,Al Jackson,SP,NYN,1389.3333333333335,1309.3333333333335,7.0,67,99,10,738,302,184,3.9774472168905946,1.3358925143953932,95.10710194420585,5.56,-3.480703604506051,-0.5316757033359547,-0.4394228176485244,-0.3576391014958403,-0.798970565129422,-0.6480152083394992,-0.43013068856079195,1959,1969,False
1182,richacl01,Clayton Richard,SP,SDN,1284.6666666666665,1284.6666666666665,11.0,69,84,1,824,275,210,4.511676180591594,1.4291645044110017,90.11711718471075,1.2600000000000002,-3.5275068070742215,-0.5491707535663033,-0.4635649125076732,-0.6479447828655883,-0.9563927314769587,-0.2239586166618303,-0.3522306009523005,2008,2019,False
1183,guthrje01,Jeremy Guthrie,SP,BAL,1765.3333333333333,1727.6666666666667,9.0,91,109,0,1046,306,273,4.420128398791541,1.343655589123867,101.48391015105764,18.76,-3.560734138895852,-0.41220152099894103,-0.38877004609321614,-0.14913408864505157,-0.9922610003507388,-0.2201105863079812,-0.3525116998263,2004,2017,False
1184,waitsri01,Rick Waits,SP,CLE,1427.0,1426.0000000000002,11.0,79,92,8,659,317,190,4.250875963559916,1.4590049053959355,95.69984317868256,14.38,-3.56903991794957,-0.5005666084080744,-0.5238069192181806,-0.7104021673820443,-0.5218020857337801,-0.18617447341469634,-0.44332307649294944,1973,1985,False
1185,carroow01,Ownie Carroll,SP,DET,1330.6666666666667,1330.6666666666667,9.0,64,90,5,311,248,153,4.4301102204408815,1.5165330661322645,93.32494502730582,3.74,-3.5791818338850976,-0.537953181445656,-0.3346404585374965,-0.49309930570756705,-0.876881234094803,-0.4723972293134793,-0.38302289921040794,1925,1934,False
1186,correke01,Kevin Correia,SP,SFN,1428.6666666666667,1347.0,10.0,76,98,0,906,358,221,4.62389174055063,1.4300046663555763,89.83005323858518,4.24,-3.587619120700916,-0.5326828687009525,-0.5599641254592534,-0.529657668008378,-0.7587638259240922,-0.39155761606135864,-0.3531108446569863,2003,2015,False
1187,jacobel01,Elmer Jacobs,SP,PIT,1189.3333333333335,1189.3333333333333,9.0,50,81,7,336,250,133,3.5490470852017935,1.3839686098654707,94.4222734181702,6.45,-3.5986824514283446,-0.6051596050608203,-0.5561423197251021,-0.6043861427859771,-0.7118431258482978,-0.7044877636514162,-0.14541344450075855,1914,1927,False
1188,kendrky01,Kyle Kendrick,SP,PHI,1289.3333333333333,1254.6666666666667,8.0,81,83,0,705,255,214,4.683815925542916,1.392192347466391,90.78040523320075,4.37,-3.622420315153511,-0.5774315061349911,-0.7036139209751637,-0.47207448674246905,-1.231827864993178,-0.009296029586531475,-0.3528462528964086,2007,2017,False
1189,abbotgl01,Glenn Abbott,SP,SEA,1286.0,1267.3333333333335,10.0,62,83,0,484,248,206,4.388024883359254,1.3662519440124417,94.1127977759594,5.26,-3.625652249257846,-0.5721702655325375,-0.7064317962539833,-0.18223367520802372,-1.0654068668536498,-0.4271538108757815,-0.5149176212114925,1973,1984,False
1190,carmofa01,Roberto Hernandez,SP,CLE,1358.3333333333333,1335.0000000000002,9.0,71,99,1,833,270,219,4.604907975460123,1.4112883435582824,93.97472820594426,5.4,-3.639008833027282,-0.54516986262581,-0.5382914700683421,-0.5055886628533481,-0.8199271170614706,-0.43064183190055483,-0.3408603960298219,2006,2016,False
1191,scheica01,Carl Scheib,RP,PHA,1070.6666666666667,1000.3333333333333,7.0,45,65,17,290,267,107,4.883872976338729,1.5158779576587795,87.80012328669952,0.16999999999999993,-3.651068492496428,-0.7299703750409386,-0.9224935640588435,-0.5724820470816103,-1.344838710078867,-0.5277840695733655,0.1829808367462159,1943,1954,False
1192,heatone01,Neal Heaton,SP,CLE,1507.0,1449.0,10.0,80,96,10,699,382,202,4.371599203715992,1.4021234240212341,93.08195737327061,8.15,-3.656550383054108,-0.5046998458321751,-0.5271733336964959,-0.37667261747292946,-0.9100136963468807,-0.30773515335402307,-0.32556423667543183,1982,1993,False
1193,perezma02,Martin Perez,SP,TEX,1102.6666666666667,1064.6666666666665,9.0,63,69,0,740,221,191,4.709492140266021,1.4800483675937122,104.82695536793976,18.05,-3.669543488714956,-0.6893319014492718,-0.6066296497890402,-1.0085491442976544,-1.1452026717918078,-0.088153842674406,-0.3474829355415063,2012,2021,False
1194,myersel01,Elmer Myers,SP,PHA,1102.0,1087.3333333333333,6.0,55,72,7,428,185,127,4.058983666061706,1.441016333938294,84.51617313399116,-0.72,-3.6808081479946897,-0.6770339941130638,-1.3754140442897103,-1.12400742128878,0.12022050953601404,-0.3601614094325349,-0.04190447739136919,1915,1922,False
1195,hugheji01,Jim Hughey,SP,SLN,1007.6666666666666,983.6666666666666,5.0,29,80,1,250,145,113,4.867681111478664,1.5759179622891168,81.49765070665009,3.18,-3.705448133421102,-0.7533950796518675,-0.9568853220151341,-0.7462509275189387,-0.17349244868814126,-1.3270567726556834,-0.2750117299958413,1891,1900,False
1196,olivaom01,Omar Olivares,SP,SLN,1591.6666666666667,1591.6666666666667,12.0,77,86,4,853,349,229,4.670575916230367,1.4846073298429319,96.52160982930737,13.22,-3.7133951482675145,-0.46660462596031593,-0.3974581561559542,-0.5614448518664029,-0.8238093502358839,-0.13597104227222287,-0.3491969184994456,1990,2001,False
1197,patteca01,Casey Patten,SP,WS1,2062.3333333333335,2041.3333333333335,7.0,106,128,4,757,270,238,3.3602715370939062,1.314530467108453,90.1999609630147,15.370000000000001,-3.7233080622869545,-0.36479177618748737,-0.6241817083704185,-0.48763207528218716,-0.2738879994473614,-0.2653666716435667,0.21012603943849728,1901,1908,False
1198,flahepa02,Patsy Flaherty,SP,BSN,1302.6666666666667,1227.3333333333335,5.0,67,84,2,271,173,150,3.102098259979529,1.2459058341862845,93.90861263595026,4.98,-3.732300127959042,-0.6081966531166282,-0.5713535211368279,-0.25736519056669216,-1.6654718785809695,-0.2900498232787703,-0.09912634818800191,1899,1911,False
1199,moehlbr01,Brian Moehler,SP,DET,1567.3333333333333,1535.3333333333335,11.0,84,107,1,859,332,252,4.806252658443216,1.459804338579328,95.62735626713749,12.430000000000001,-3.741992864892382,-0.4874502212191552,-0.41554127866352286,-0.3686371433138895,-0.9039149110249375,-0.37242830744548105,-0.3613697203071829,1996,2010,False
1200,wightbi01,Bill Wight,SP,CHA,1563.0,1554.0000000000002,11.0,77,99,8,574,347,198,3.950095969289827,1.5163147792706333,109.05530755485634,13.59,-3.7650178045547475,-0.4845582760044719,-0.07940522716923654,-0.7057162440541891,-0.7115269246839698,-0.40817093707563606,-0.43481028084523415,1946,1958,False
1201,mortoca01,Carl Morton,SP,ATL,1648.6666666666667,1619.3333333333335,7.0,87,92,1,650,255,242,3.7339264051758994,1.4059846340477153,104.05685616747728,17.650000000000002,-3.787371656118088,-0.4677692453007107,-0.18045429960889664,-0.49195993392395765,-1.2617104918705309,0.016132167736260285,-0.5055002209064297,1969,1976,False
1202,smithge02,George Smith,SP,PHI,1143.3333333333333,1084.6666666666665,6.0,41,81,4,263,229,118,3.8886297376093295,1.3784256559766765,94.95458326796707,4.890000000000001,-3.817879728740959,-0.7039729063443686,-0.587067086150696,-0.26258606196309087,-1.090116539020382,-1.2099029450110355,-0.31555722509638207,1916,1923,False
1203,lacosmi01,Mike LaCoss,SP,SFN,1739.6666666666667,1739.6666666666665,14.0,98,103,12,783,415,243,4.019735581529028,1.4433799578463307,91.96341186368397,1.17,-3.8222236667906357,-0.43942023377550893,-0.229166396073073,-0.6385666857686932,-0.8321086586922991,-0.06480542344139521,-0.36777940096878314,1978,1991,False
1204,hawkian01,Andy Hawkins,SP,SDN,1558.3333333333333,1558.3333333333335,10.0,84,91,0,706,280,249,4.221818181818182,1.4027807486631017,90.73902821373665,2.8699999999999997,-3.8327334545333573,-0.49190161983315805,-0.46144622034501576,-0.4563044160286474,-0.9409926366214917,-0.1376256941930042,-0.4674029457684304,1982,1991,False
1205,clancji01,Jim Clancy,SP,TOR,2517.3333333333335,2517.333333333333,15.0,140,167,10,1422,472,381,4.225900423728813,1.3744703389830508,102.04083467986176,20.740000000000002,-3.8403887555678624,-0.3051156320631247,-0.4586035918796988,-0.262960245719298,-0.173377813274142,-0.22972114123744575,-0.44104881761057907,1977,1991,False
1206,wehmehe01,Herm Wehmeier,SP,CIN,1803.0,1768.3333333333333,10.0,92,108,9,794,361,240,4.797004991680533,1.4742096505823628,87.6537920617479,6.41,-3.842964070475832,-0.43464249618953804,-0.8717382927260213,-0.4305247250462092,-0.14257465851020773,-0.2525122567684086,-0.30059358690757054,1945,1958,False
1207,osteecl01,Claude Osteen,SP,LAN,3460.3333333333335,3430.0,15.0,196,195,1,1612,541,488,3.2979481745496577,1.2747326847124554,106.09420380289866,36.82,-3.8432831852273117,-0.2240981449112135,0.1769680608951209,0.007001573368242284,-1.0694623061629116,0.017015326019471012,-0.5500332937353579,1957,1975,False
1208,ellswdi01,Dick Ellsworth,SP,CHN,2155.6666666666665,2138.666666666667,11.0,115,137,5,1140,407,310,3.7157878459873204,1.3309107777949591,105.77511536701206,23.310000000000002,-3.8993024519187403,-0.364647984905119,-0.20372631242864192,-0.2979378186467375,-0.7085775009639779,-0.22291093447568722,-0.5293426504834106,1958,1971,False
1209,troutst01,Steve Trout,SP,CHN,1501.3333333333333,1448.9999999999998,10.0,88,92,4,656,301,236,4.178285968028419,1.494005328596803,100.26140481785414,13.21,-3.9089124730539626,-0.5395324324436113,-0.322352827711058,-0.8693990493149312,-0.8710113899539363,-0.12563031478931297,-0.4226612223846401,1978,1989,False
1210,sparkst01,Steve Sparks,SP,DET,1319.6666666666667,1319.6666666666667,9.0,59,76,3,658,270,182,4.88305127557464,1.493558979540288,97.2503098408488,10.41,-3.9574497321439446,-0.5997650516004966,-0.46234804726548967,-0.5634514575092533,-1.116143620478411,-0.4314332883191223,-0.3379979364730413,1995,2004,False
1211,mulhote01,Terry Mulholland,RP,PHI,2575.6666666666665,2572.666666666667,19.0,124,142,5,1325,685,332,4.409732108192054,1.3643069755403132,97.60570330591827,12.91,-3.9758699848532593,-0.30908551320445127,-0.2397788198202814,0.00757644036186471,-0.8770085110199005,-0.16822948021780318,-0.3612832996702229,1986,2006,False
1212,marquja01,Jason Marquis,SP,SLN,1968.3333333333333,1945.0000000000002,14.0,124,118,1,1174,377,318,4.608975444538527,1.446909398814564,96.47405489933091,4.3,-3.9807848232104566,-0.409335200330124,-0.41368822097829455,-0.5449312265263879,-0.7838068410064519,0.1286983370601119,-0.35004165133529486,2000,2015,False
1213,knottja01,Jack Knott,SP,SLA,1557.0,1550.6666666666665,10.0,82,103,19,484,325,192,4.971098265895954,1.5600513808606293,97.17284220297806,11.95,-4.00430333333824,-0.5164621668106071,-0.8125673184423675,-0.6668993207667064,-0.6434120242979189,-0.29041616401671544,0.4017013065458835,1933,1946,False
1214,bonesri01,Ricky Bones,RP,ML4,1278.3333333333333,1278.3333333333335,11.0,63,82,1,564,375,164,4.850847457627119,1.4753585397653195,99.51108859352358,6.93,-4.024366545813547,-0.6296270997361482,-0.5645444418661266,-0.5147963744931977,-1.2924935592526585,-0.2977478195138629,-0.3692580426937843,1991,2001,False
1215,johnsja02,Jason Johnson,SP,BAL,1357.0,1321.6666666666665,9.0,56,100,0,810,255,221,4.994104642593958,1.4878408253500368,91.42077805194867,4.74,-4.055931521441185,-0.6137601293479725,-0.5695417449850332,-0.5820374206740779,-0.6151423148014517,-0.8338592015652537,-0.3606503465985349,1997,2008,False
1216,navarja01,Jaime Navarro,SP,ML4,2055.3333333333335,2022.0000000000002,11.0,116,126,2,1113,361,309,4.720402205643853,1.4610768731754784,95.81939126362172,9.85,-4.073887730130732,-0.40295625421668957,-0.45569449578160387,-0.42615262644269425,-0.7327940152064918,0.008007994747292854,-0.37537269568775156,1989,2000,False
1217,townsha01,Happy Townsend,SP,WS1,1137.6666666666667,1137.6666666666667,6.0,34,82,0,473,153,125,3.591561675944916,1.3800175798417813,85.8325813711523,1.0099999999999998,-4.134452316990666,-0.7268301758553762,-0.8500806362250365,-0.8857760583139167,0.11814500784041268,-1.314784683962566,-0.5353806699620713,1901,1906,False
1218,ericksc01,Scott Erickson,SP,BAL,2360.6666666666665,2322.333333333333,13.0,142,136,0,1252,389,364,4.586416266591359,1.4618751765038125,103.406227272028,24.810000000000002,-4.1555526998258925,-0.3578773675750733,-0.29465438505946245,-0.4132082365592903,-0.8185120670738809,0.10484866177487283,-0.3817903111058349,1990,2006,False
1219,sorenla01,Lary Sorensen,SP,ML4,1736.3333333333335,1719.6666666666667,10.0,93,103,6,569,346,235,4.146669226339029,1.3603378767517758,98.33439914575486,13.55,-4.156191948789914,-0.4833718102876426,-0.37992486615914123,-0.1528588182654624,-1.3841826594498765,-0.146411923930225,-0.4405697250547124,1977,1988,False
1220,oeschjo01,Joe Oeschger,SP,BSN,1818.0,1727.0,9.0,82,116,8,535,365,197,3.8118811881188117,1.422992299229923,90.98631331582033,6.259999999999999,-4.159759292693262,-0.48173240216482477,-0.5015686680906163,-0.5188839822680104,-0.48776148059754965,-0.5156846403566544,-0.25930015384327204,1914,1925,False
1221,cookaa01,Aaron Cook,SP,COL,1406.3333333333333,1370.6666666666667,10.0,76,79,0,578,256,224,4.601327328750889,1.4683574306707752,105.96598038813818,15.72,-4.188091043504797,-0.6111027787215171,-0.3984022314961185,-0.6093901842485643,-1.6208306892037956,0.0006629745349186929,-0.351211318515708,2002,2012,False
1222,mcintha01,Harry McIntire,SP,BRO,1650.0,1625.3333333333335,7.0,71,117,7,626,237,188,3.2181818181818183,1.269090909090909,84.1368927084956,6.34,-4.249647065379414,-0.5229262180532502,-0.7717695652188764,-0.556004301063549,-0.3584209690487411,-0.7868612834338986,0.3807369901388414,1905,1913,False
1223,bakelje01,Jersey Bakley,SP,CL3,1782.6666666666665,1782.6666666666665,6.0,76,125,0,669,215,204,3.6602468212415857,1.3872475691847421,99.14018890252908,2.1100000000000003,-4.292184961407771,-0.481546555131762,-0.30383137164898666,-0.44327268421176635,-0.5622574232675759,-0.72886366586999,-0.36546323339060427,1883,1891,False
1224,mitchcl01,Clarence Mitchell,SP,PHI,2217.0,2159.3333333333335,14.0,125,139,9,543,390,278,4.124492557510149,1.4600811907983762,98.65290637854996,20.48,-4.305206005857372,-0.3987532577206581,-0.302512917292449,-0.35100940201664693,-0.8695374506034393,-0.06725395245254182,-0.48014397282187743,1911,1932,False
1225,ponsosi01,Sidney Ponson,SP,BAL,1760.3333333333333,1722.666666666667,11.0,91,113,1,1031,298,278,5.025752698352585,1.4843779587199395,92.31065488282165,11.24,-4.326086753647436,-0.5022546540612348,-0.5747216714834834,-0.5010941315975745,-0.6985159617342176,-0.29204836812212603,-0.35187837319701537,1998,2009,False
1226,dietrbi01,Bill Dietrich,SP,CHA,2003.6666666666665,1971.3333333333335,14.0,108,128,11,660,366,253,4.478289802029613,1.5007486275162203,94.49281997164445,7.48,-4.349972559004538,-0.4413228839030644,-0.5824601500200349,-0.4962991541134384,-0.5100252871007934,-0.24206662016408698,-0.21214676416719946,1933,1948,False
1227,hayneji01,Jimmy Haynes,SP,OAK,1200.6666666666667,1161.6666666666667,8.0,63,89,1,762,227,203,5.3745141588006655,1.6315935591338144,87.48957175131089,2.8400000000000003,-4.354977384658845,-0.7497808983630724,-0.843157809991185,-1.2604550351477382,-0.500790543194077,-0.43710785903317545,-0.36298006632891033,1995,2004,False
1228,lylesjo01,Jordan Lyles,SP,HOU,1147.3333333333333,1147.3333333333333,11.0,54,79,2,878,289,182,5.2085996513654855,1.434631028471819,84.85802548570629,-2.17,-4.418940704084028,-0.7702976241866405,-1.116447800709942,-0.8400509979848534,-0.6442943158789809,-0.5464783921586145,-0.3339690503964885,2011,2021,False
1229,jacksed01,Edwin Jackson,SP,TBA,1960.0,1848.3333333333335,13.0,107,133,1,1508,412,318,4.775510204081633,1.4658163265306123,94.53079056556399,8.16,-4.423410520671126,-0.47863774795359354,-0.6573518629762324,-0.7325304337085226,-0.23103750141083745,-0.2489366759535349,-0.3517233830953016,2003,2019,False
1230,burrira01,Ray Burris,SP,CHN,2188.6666666666665,2165.666666666667,14.0,108,134,4,1065,480,302,4.173773987206824,1.4045080718854708,96.44356650073169,15.11,-4.502218619256781,-0.4157813100745064,-0.46588751644848064,-0.37609336809204946,-0.45229062661557023,-0.3514017861642685,-0.4729561605940561,1973,1987,False
1231,morgami01,Mike Morgan,SP,LAN,2772.3333333333335,2681.9999999999995,18.0,141,186,8,1403,597,411,4.230010821209571,1.399903811470482,104.15401518378074,28.740000000000002,-4.697507375681078,-0.3502988348755466,-0.14910014377545333,-0.19012262579644992,-0.8033736559228865,-0.3185994377615625,-0.3779166830001621,1978,2002,False
1232,hernali01,Livan Hernandez,SP,WAS,3189.0,3186.0,16.0,178,177,1,1976,519,474,4.436500470366886,1.4396362496080275,98.78632061969994,24.759999999999998,-4.710957047266149,-0.2957286282025204,-0.19340124601621597,-0.3873815914236184,-0.588300303810526,0.014271436278108446,-0.3572714533607821,1996,2012,False
1233,wittbo01,Bobby Witt,SP,TEX,2465.0,2449.666666666667,15.0,142,157,0,1955,430,397,4.834077079107505,1.5691683569979715,92.78092794777044,14.67,-4.796517942371067,-0.39160576478740505,-0.6890567446297527,-1.1013001568259173,0.6448742293754909,-0.1611021950688736,-0.4077094628481094,1986,2001,False
1234,terrewa01,Walt Terrell,SP,DET,1986.6666666666667,1965.666666666667,10.0,111,124,0,929,321,294,4.217617449664429,1.4285234899328858,94.72166425398568,10.879999999999999,-4.821037160283492,-0.4905243846311845,-0.4171216135872042,-0.5644408820534965,-0.8776396598128007,-0.11755616767284634,-0.46094595223879814,1982,1992,False
1235,gastomi01,Milt Gaston,SP,SLA,2105.0,2105.0,11.0,97,164,8,615,355,271,4.54916864608076,1.5078384798099762,98.14881738184886,16.18,-4.88362917524444,-0.4640027719947212,-0.41032842168594796,-0.3892705309413155,-0.35865908710546324,-0.7978179285253411,-0.3280763071174439,1924,1934,False
1236,harmobo01,Bob Harmon,SP,SLN,2054.0,2054.0,9.0,107,133,12,634,321,240,3.334469328140214,1.3281402142161636,92.00080173110459,12.07,-4.961630179402055,-0.4831188100683598,-0.48479246027819495,-0.39767730996773654,-1.1036458677008754,-0.3474415329442914,0.277161126221565,1909,1918,False
1237,mooremi01,Mike Moore,SP,SEA,2831.6666666666665,2831.6666666666665,14.0,161,176,2,1667,450,440,4.389287816362566,1.4175397292525016,99.63597668726777,27.92,-5.045594387900399,-0.35636923281227073,-0.5091292226596442,-0.4644817367733423,-0.22876862005932438,-0.12580894813165167,-0.4205097931582882,1982,1995,False
1238,carribi01,Bill Carrick,SP,NY1,1324.6666666666667,1285.0000000000002,4.0,63,89,0,239,167,155,4.144438852541519,1.5475591343734272,90.15426467700262,4.86,-5.060124399821581,-0.7875679999722304,-0.6580033126454206,-0.9176115242979945,-1.100105373611941,-0.6155990424430549,-0.5052340752537728,1898,1902,False
1239,hartbi01,Bill Hart,SP,SLN,1582.0,1556.0000000000002,7.0,66,120,3,431,206,190,4.647914032869785,1.5948166877370418,88.19730374189082,2.46,-5.063933658376894,-0.6508912157296778,-0.7210705204974343,-0.8675556751829212,-0.3844613168991643,-0.8845514375516023,0.0006788408056452111,1886,1901,False
1240,jeffeje01,Jesse Jefferson,SP,TOR,1085.6666666666667,1085.6666666666665,9.0,39,81,1,522,237,144,4.808105618667485,1.539146453791833,86.76430519160027,0.7400000000000001,-5.065016667538973,-0.9330703102620155,-1.14872436347189,-1.1331556637663835,-0.42570417495535645,-1.0845206497824333,-0.5024913332402465,1973,1981,False
1241,suppaje01,Jeff Suppan,SP,KCA,2542.6666666666665,2466.6666666666665,14.0,140,146,0,1390,448,417,4.7005768222338755,1.4606712113266913,101.44450171990106,15.67,-5.126777122718454,-0.41568463157176655,-0.3269039787847293,-0.4258486804431033,-0.9124970970170935,-0.04507161468061563,-0.35982724425266427,1995,2012,False
1242,brownbu01,Buster Brown,SP,BSN,1451.6666666666667,1431.3333333333333,7.0,51,103,4,501,234,165,3.205281285878301,1.3770378874856486,97.78111354163504,11.99,-5.173353620919578,-0.7228719544834062,-0.49514285339751685,-0.9229006224633868,-0.7041194216738903,-1.0424719241128817,-0.19042816360825762,1905,1913,False
1243,russeja01,Jack Russell,RP,BOS,2050.6666666666665,2050.666666666667,15.0,85,141,38,418,557,182,4.463426527958388,1.4751300390117037,101.40574941103247,18.0,-5.2827161724362455,-0.5152193926303229,-0.30843403518684875,-0.18083685328266216,-1.2565089962870013,-0.8330416478332582,0.25008458311106774,1926,1940,False
1244,pelfrmi01,Mike Pelfrey,SP,NYN,1476.3333333333333,1411.6666666666667,9.0,68,103,1,838,275,256,4.675773312260104,1.5098216301648228,89.94245067068887,6.49,-5.371899038829554,-0.761071882714931,-0.5811488124133638,-0.9504581257273718,-1.1522117172706552,-0.5714505178344012,-0.3343770115873559,2006,2017,False
1245,rossbu02,Buck Ross,SP,PHA,1365.3333333333333,1328.0,9.0,56,95,2,360,237,182,4.937255859375,1.55126953125,90.51844102679719,3.24,-5.40541145210463,-0.8140679897747937,-0.8875702414626463,-0.646611496833506,-1.0199757246646308,-0.8348520470900112,-0.5955700084982696,1936,1945,False
1246,hudsosi01,Sid Hudson,SP,WS1,2181.0,2181.0000000000005,12.0,104,152,13,734,380,279,4.275103163686382,1.4759284731774416,97.268074236444,12.44,-5.445264914966915,-0.4993365350726193,-0.4217931482478587,-0.43297895943140446,-0.6964352903346951,-0.5744421644636566,-0.3146801719313311,1940,1954,False
1247,torremi01,Mike Torrez,SP,BOS,3044.0,2980.0000000000005,15.0,185,160,0,1404,494,458,3.961892247043364,1.450065703022339,100.81418283134019,23.75,-5.590750935859283,-0.375218183614717,-0.29391826500354323,-0.6795555698488166,-0.6417917604018173,0.24344852475212553,-0.5218107777168858,1967,1984,False
1248,slatoji01,Jim Slaton,SP,ML4,2683.6666666666665,2667.3333333333335,15.0,151,158,14,1191,496,360,4.031052043224444,1.4074028071047076,95.88873537187783,17.53,-5.687415825465694,-0.42644957451629784,-0.3893051549661027,-0.4705511811955374,-0.7435575480005762,-0.10123799046577023,-0.425263827826185,1971,1986,False
1249,kenneve01,Vern Kennedy,SP,CHA,2025.6666666666665,2006.3333333333333,11.0,104,132,5,691,344,263,4.674016784597663,1.5905874609182162,96.97198595783082,10.32,-5.879475914222871,-0.5860916345794522,-0.6759972932176048,-0.8994480074436478,-0.40600629068584876,-0.3134807925855459,-0.4833289275985999,1934,1945,False
1250,fisheja01,Jack Fisher,SP,NYN,1975.6666666666667,1975.6666666666665,11.0,86,139,9,1017,400,265,4.058883077442213,1.349417918002362,90.65495724585628,5.33,-6.031876198320572,-0.6106167907866279,-0.6083824116832482,-0.4541044301763049,-0.7665098505615922,-0.7396954751630045,-0.4375401517682006,1959,1969,False
1251,cunnibe01,Bert Cunningham,SP,LS3,2734.6666666666665,2702.6666666666665,10.0,142,167,2,718,342,311,4.222452462213554,1.5120672842515848,91.98466230139258,11.39,-6.033218671480221,-0.4464641345446636,-0.442260344706304,-0.5114698987036529,-0.6970145081021529,-0.2227657141939764,-0.24075529232948528,1887,1901,False
1252,wilheka01,Kaiser Wilhelm,SP,BRO,1432.3333333333335,1423.3333333333335,7.0,56,105,5,444,216,158,3.4370491040260642,1.335582964859204,88.59059763537297,1.14,-6.22227657282464,-0.874324576977701,-1.0530460470473462,-0.9076739247447446,-0.9236008045128135,-0.9631671398402855,-0.06790995159058391,1903,1921,False
1253,frasech01,Chick Fraser,SP,PHI,3364.0,3361.0000000000005,13.0,175,212,6,1098,434,388,3.6733055885850177,1.426872770511296,93.91369971871507,17.08,-6.306705887632168,-0.3752874672795101,-0.4670009124423029,-0.6699531160231574,-0.14511752096997158,-0.27210574754512357,-0.07604306460125951,1896,1909,False
1254,wrighja01,Jamey Wright,RP,COL,2036.6666666666667,2011.3333333333333,18.0,97,130,2,1189,719,248,4.80785597381342,1.5446808510638297,97.69907087137092,10.17,-6.416589418809835,-0.6380433628249754,-0.5043473366882358,-0.9413802061034043,-0.8200768586126227,-0.38057812978479505,-0.3570649067373577,1996,2014,False
1255,carseki01,Kid Carsey,SP,PHI,2233.3333333333335,2226.3333333333335,9.0,116,138,3,486,296,257,4.952686567164179,1.6092537313432835,86.7848370037508,8.43,-6.9752421830333855,-0.6266125632310272,-0.8112541992518267,-0.6428096070406597,-1.014271663779196,-0.2738398000755289,-0.05474318886960551,1891,1901,False
