saa_rank,name,SAA_final,bWAR,bwar_rank,bWAA,bwaa_rank,JAWS,jaws_rank,WAR7,d_war,d_waa,d_jaws,z_AVG_career,z_ISO_career,z_BB_career,z_SB_career,z_DEF_career,qualifying_seasons,is_hof,is_nel_ranked
1.0,Babe Ruth,23.987574551608077,182.62000000000003,1.0,133.8747,1.0,133.50500000000002,1.0,84.39,0.0,0.0,0.0,1.209744926849777,4.018680535889794,3.625158107232717,-0.5311997303878413,-0.6781201751314981,17.0,True,False
2.0,Ty Cobb,22.79899624571995,149.84,4.0,100.21679999999999,4.0,108.965,4.0,68.09,2.0,2.0,2.0,2.3549826965725345,1.1759970512338465,0.4152651948341817,1.9214027002347112,0.4232931629646871,23.0,True,False
3.0,Willie Mays,21.79694229066278,156.18000000000004,3.0,109.94999999999999,3.0,114.86500000000001,3.0,73.55,0.0,0.0,0.0,1.0506192112617927,1.7654777701563236,0.7229023451686647,1.3500153291151922,1.6426696699986023,21.0,True,False
4.0,Barry Bonds,20.724767140690485,162.78,2.0,123.83999999999999,2.0,117.745,2.0,72.71000000000001,-2.0,-2.0,-2.0,0.900556903328406,2.463398390761091,3.1354053702355005,0.7331068653395135,-0.6659986147598042,21.0,False,False
5.0,Honus Wagner,20.081883276984776,132.75,7.0,93.5311,6.0,99.28,8.0,65.81,2.0,1.0,3.0,1.6481564968799711,1.6411598098654496,0.2027252918579866,1.217768131687882,0.7170014422433282,21.0,True,False
6.0,Tris Speaker,18.993005356045938,136.07000000000002,6.0,89.96629999999999,9.0,99.67000000000002,7.0,63.27,0.0,3.0,1.0,1.6238711511087418,1.1292135541376616,1.032625292260505,0.2194813477423775,1.5185363476896032,20.0,True,False
7.0,Ted Williams,18.782672830027916,121.72999999999998,11.0,92.66880000000002,8.0,94.80999999999999,10.0,67.89,4.0,1.0,3.0,2.046023430451624,2.49841106426999,2.9635284735306984,-0.7780447907459703,-0.6679397077190995,17.0,True,False
8.0,Rogers Hornsby,16.280689356012854,127.39999999999998,9.0,97.02,5.0,100.71499999999999,6.0,74.03,1.0,-3.0,-2.0,2.009755905810888,2.152699950054877,0.860299731779213,-0.4581780260806166,0.0709914597417163,15.0,True,False
9.0,Nap Lajoie,15.98745362795066,108.69999999999999,17.0,69.18999999999998,17.0,84.66499999999999,15.0,60.629999999999995,8.0,8.0,6.0,1.8478327791542644,1.1911805195215934,-0.8321399680862421,-0.0342644572149867,1.5463974316888502,20.0,True,False
10.0,Mickey Mantle,15.741295017361086,110.26000000000002,16.0,79.41000000000001,11.0,87.51,14.0,64.75999999999999,6.0,1.0,4.0,0.9106946629175048,1.7798933060933535,2.4255268655552147,0.4283003550720331,0.3362482470107206,18.0,True,False
11.0,Hank Aaron,15.2777082271922,143.21999999999997,5.0,93.10999999999999,7.0,101.76999999999998,5.0,60.31999999999999,-6.0,-4.0,-6.0,1.1741710630966713,1.7137247064036816,0.2387933421164234,0.2782209070457046,-0.2867944308186981,23.0,True,False
12.0,Stan Musial,14.948650879582749,128.54,8.0,81.85,10.0,96.545,9.0,64.55000000000001,-4.0,-2.0,-3.0,1.7097639218411167,1.465293760730729,0.7484892169138954,-0.3758820929704744,-0.5268230737678695,21.0,True,False
13.0,Alex Rodriguez,14.932956964667998,117.41000000000001,12.0,75.72000000000001,14.0,90.84,12.0,64.27,-1.0,1.0,-1.0,0.8831436252812095,1.6022232518854258,0.7335437690144219,0.5878576514511765,0.1577566270350008,19.0,False,False
14.0,Lou Gehrig,14.789510161686932,113.50999999999999,13.0,78.89999999999999,12.0,90.55499999999999,13.0,67.6,-1.0,-2.0,-1.0,1.1911922023165296,2.4956955197981054,1.9413605165454049,-0.1687641472208312,-0.90934095510648,14.0,True,False
15.0,Jimmie Foxx,14.660616361910543,92.71999999999998,29.0,59.071,23.0,75.25999999999999,25.0,57.800000000000004,14.0,8.0,10.0,0.963082902637148,2.447560207047151,1.7022593509795607,-0.2527732830032067,-0.4635528797784953,16.0,True,False
16.0,Mike Trout,14.633875675010511,91.15,31.0,65.77000000000001,19.0,77.97,22.0,64.78999999999999,15.0,3.0,6.0,1.1738450600853554,1.9996628318343357,2.0697744012839765,0.576894320797299,1.1354610495505284,12.0,False,False
17.0,Mike Schmidt,14.361591707877054,106.88,19.0,73.71000000000001,15.0,82.815,17.0,58.75,2.0,-2.0,0.0,0.0420885056440165,2.2774471348045835,1.770706273108042,0.0276016647392262,1.0282985388178911,16.0,True,False
18.0,Eddie Collins,14.330485477331164,123.71000000000001,10.0,78.02999999999999,13.0,93.675,11.0,63.63999999999999,-8.0,-5.0,-7.0,1.5493971748576003,0.1275552144727109,1.3337211197284318,1.6757486152896883,0.5791666759695389,20.0,True,False
19.0,Albert Pujols,13.528346871950266,101.17000000000002,20.0,59.775000000000006,22.0,81.44500000000001,19.0,61.72,1.0,3.0,0.0,1.0621004553436388,1.2550788833111937,0.3661513083446702,-0.1958301797525554,-0.2192284355368356,21.0,False,False
20.0,Joe DiMaggio,13.038053763796594,78.91999999999999,41.0,55.22,29.0,65.42999999999999,39.0,51.940000000000005,21.0,9.0,19.0,1.2171794485687144,1.9858662934339093,0.1024210622515379,-0.698653738989725,1.3711733760440152,13.0,True,False
21.0,Joe Morgan,12.97670319637559,100.58999999999999,21.0,63.510000000000005,21.0,79.94999999999999,21.0,59.31,0.0,0.0,0.0,0.246627985774826,0.7857303810097097,2.2891382267495772,2.1450143950865415,0.1488014340977251,19.0,True,False
22.0,Rickey Henderson,12.77367951538789,111.17999999999999,14.0,68.92,18.0,84.37,16.0,57.56,-8.0,-4.0,-6.0,0.2227526425024715,-0.1814155282223206,2.150010273709108,3.394314333408648,0.4444507150804547,24.0,True,False
23.0,Ed Delahanty,12.102199702852078,70.42999999999999,68.0,42.650000000000006,51.0,59.94,52.0,49.45,45.0,28.0,29.0,1.3698885735872453,1.5814239975479378,0.1077177855486981,0.127712266319217,0.2688264944674773,15.0,True,False
24.0,Ken Griffey,11.997323454847846,83.82,37.0,46.77,43.0,68.93,32.0,54.040000000000006,13.0,19.0,8.0,0.3602187116360046,1.4907974943198017,0.681002758463317,-0.3431363639548594,0.7308183373672275,21.0,True,False
25.0,George Brett,11.3748691143951,88.61000000000001,32.0,50.599999999999994,38.0,70.95500000000001,30.0,53.3,7.0,13.0,5.0,1.2711835231442865,0.7683278428020304,0.0906751888463305,-0.0075165644154611,0.1816051992185948,20.0,True,False
26.0,Frank Robinson,11.073291658392296,107.24,18.0,64.71000000000002,20.0,80.05,20.0,52.86,-8.0,-6.0,-6.0,0.8622612821444346,1.5993266862999147,0.8702638816680327,0.4170071822333199,-0.72206130842561,19.0,True,False
27.0,Joey Votto,10.70318586522962,63.63999999999999,108.0,36.85,78.0,55.084999999999994,89.0,46.53,81.0,51.0,62.0,1.0553397845706116,0.6799552254671927,2.079512142175365,-0.1198807607583127,0.4325846839355058,16.0,False,False
28.0,Todd Helton,10.525203441485331,61.769999999999996,116.0,33.36,111.0,54.18,100.0,46.59,88.0,83.0,72.0,1.4343917914488775,0.6366051842204125,1.2769598991377284,-0.4188143646542416,-0.0390673021447839,16.0,True,False
29.0,Dan Brouthers,10.13097571792868,78.66000000000001,42.0,53.7529,32.0,62.795,43.0,46.92999999999999,13.0,3.0,14.0,1.7260307496570146,1.7720653737752408,1.06877733740891,-0.2130626422092605,-0.7474044684659029,15.0,True,False
30.0,Duke Snider,9.976208766179454,65.99,93.0,34.88,99.0,57.75999999999999,66.0,49.529999999999994,63.0,69.0,36.0,0.7625855680431861,1.6419746750938915,0.5313454819705207,0.3535291443023162,0.1956079908371841,14.0,True,False
31.0,Charlie Gehringer,9.953950203305997,84.6,34.0,48.78999999999999,40.0,68.78,33.0,52.96,3.0,9.0,2.0,0.9365233477129336,0.6120840715956738,0.7856394695281957,0.2119081377326241,0.5914772629311528,16.0,True,False
32.0,Ron Santo,9.845690851237269,70.53999999999999,66.0,36.800000000000004,79.0,62.2,46.0,53.86000000000001,34.0,47.0,14.0,0.5008806427785025,0.873057387769052,0.8313091822761127,-0.5039053946928723,0.8899436822151997,15.0,True,False
33.0,Sherry Magee,9.816631010223958,59.97,130.0,31.990000000000002,120.0,49.31,140.0,38.65,97.0,87.0,107.0,0.6363305364781985,1.4257964033054422,0.1529702628859159,0.6710994520538963,0.228912915757916,16.0,False,False
34.0,Mike Piazza,9.663019493671928,59.56,133.0,35.87,89.0,51.345,123.0,43.129999999999995,99.0,55.0,89.0,1.205759928032065,1.2059912714621006,0.2542543240907375,-0.54321747041424,0.7483136408525882,15.0,True,False
35.0,Hank Greenberg,9.646198515444492,55.37,163.0,34.56,101.0,50.87499999999999,129.0,46.37999999999999,128.0,66.0,94.0,0.7745212586834928,2.661572606835513,1.2315205438170598,-0.145553552203421,-0.6229888065234321,10.0,True,False
36.0,Nolan Arenado,9.535952711324132,60.040000000000006,129.0,34.58,100.0,52.120000000000005,117.0,44.199999999999996,93.0,64.0,81.0,0.8134487752760108,0.9787219110728422,-0.2949730393349657,-0.4971788957757544,1.807291588978608,13.0,False,False
37.0,Eddie Mathews,9.525426928680895,96.01,23.0,58.24999999999999,24.0,74.94,26.0,53.86999999999999,-14.0,-13.0,-11.0,0.1532433753669475,1.583881017610481,1.491602644506706,-0.1749204045207532,0.0475000041273974,16.0,True,False
38.0,Oscar Charleston,9.51209682322736,46.79,244.0,34.2517,103.0,40.715,248.0,34.64,206.0,65.0,210.0,1.5044950997050648,1.8830269864547815,0.952386361629948,2.1582120786325176,-0.0936550515008781,18.0,True,True
39.0,Robin Yount,9.462131716598416,77.36000000000001,45.0,37.41,75.0,62.345000000000006,44.0,47.33,6.0,36.0,5.0,0.671864359394113,0.3049896551699433,-0.1776196302535553,-0.1156827468859401,1.233445446146223,20.0,True,False
40.0,Troy Tulowitzki,9.404030366208548,44.78000000000001,275.0,27.84,161.0,42.53,218.0,40.28,235.0,121.0,178.0,0.8137373849990416,1.1830558512679268,0.511873015363531,-0.4659355087835199,2.5183129861394136,11.0,False,False
41.0,Mel Ott,9.35661418862699,110.71000000000001,15.0,73.02000000000001,16.0,82.24000000000001,18.0,53.77000000000001,-26.0,-25.0,-23.0,0.4128609788654303,1.7306272837273196,1.857694271456099,-0.48070042428943,-0.7115911339221913,18.0,True,False
42.0,Miguel Cabrera,9.337939845420294,67.23,89.0,27.840000000000007,160.0,56.0,81.0,44.769999999999996,47.0,118.0,39.0,1.3325306903566176,0.6925255604697086,0.481388369797476,-0.5338307617555862,-0.8324236884151525,20.0,False,False
43.0,Wade Boggs,9.3079717130108,91.44,30.0,57.4433,25.0,73.92,28.0,56.4,-13.0,-18.0,-15.0,1.987637527778351,-0.5389379588248273,1.2356978170483726,-0.6229242009911583,0.2193871861828171,18.0,True,False
44.0,Carlos Beltran,9.243721932406745,70.02999999999999,72.0,34.290000000000006,102.0,57.21999999999999,72.0,44.41,28.0,58.0,28.0,0.2806670001634701,0.6592487554854045,0.269589697882537,0.5823780713537879,0.731405426304753,19.0,False,False
45.0,Richie Ashburn,9.131668746758384,64.31,103.0,29.08,142.0,54.425000000000004,98.0,44.540000000000006,58.0,97.0,53.0,1.0123224662242976,-1.379721707224242,0.657934129076574,1.3897454387589865,2.502950810446231,15.0,True,False
46.0,Roger Connor,9.101692182029517,84.24000000000001,36.0,54.22,31.0,65.62,37.0,47.00000000000001,-10.0,-15.0,-9.0,0.9426021922436484,1.6646310561841826,1.1401461610026495,-0.489258319154628,-0.4884150723602383,17.0,True,False
47.0,Jeff Bagwell,9.04897667855774,79.88,39.0,52.02999999999999,36.0,64.10499999999999,42.0,48.33,-8.0,-11.0,-5.0,0.6695634503103282,1.0698094578233646,1.3202830767156086,0.4087505347986812,-0.1797930529229882,14.0,True,False
48.0,Mookie Betts,8.92723702696447,77.24000000000001,46.0,54.26,30.0,66.39500000000001,35.0,55.550000000000004,-2.0,-18.0,-13.0,1.1013423953591466,0.9378343576526856,0.6485861416561706,0.5485380394041851,0.4213469274893592,12.0,False,False
49.0,Shoeless Joe Jackson,8.888843679840146,61.47,119.0,39.410000000000004,65.0,56.735,78.0,52.0,70.0,16.0,29.0,2.1373739041419624,1.6160622873106514,0.195883672407962,-0.1190899532127672,-0.5580196618769017,9.0,False,False
50.0,Bobby Doerr,8.739061994217698,51.24,196.0,26.810000000000002,173.0,44.07000000000001,197.0,36.900000000000006,146.0,123.0,147.0,0.4965485532796915,1.0295417902988218,0.061384077619775,-0.4677479634326411,1.6874312536402072,13.0,True,False
51.0,Ryne Sandberg,8.697579331951161,67.94999999999999,86.0,38.45,69.0,57.535,70.0,47.12,35.0,18.0,19.0,0.5778521909475808,0.7377387682725212,-0.2077111601218037,0.5143543051297708,0.6402437031135453,15.0,True,False
52.0,Dick Allen,8.668025867208584,58.790000000000006,137.0,33.0,115.0,52.355000000000004,114.0,45.919999999999995,85.0,63.0,62.0,0.9249707567711356,1.783465145386827,0.926128226937658,0.3395883157476075,-0.7903732741981482,14.0,True,False
53.0,Chipper Jones,8.651632405814164,85.25999999999998,33.0,53.41,34.0,66.035,36.0,46.81,-20.0,-19.0,-17.0,1.003872937399082,0.9068173592125328,1.4992243151166014,-0.0486952513459789,-0.8052128401360817,18.0,True,False
54.0,Earl Averill,8.63929305816464,51.45,194.0,25.93,187.0,45.265,180.0,39.08,140.0,133.0,126.0,0.6135585584164422,1.341028687563949,0.6375130803367787,-0.3261781932123471,0.915058324401966,11.0,True,False
55.0,Jim Edmonds,8.622000587830973,60.4,125.0,35.04,98.0,51.510000000000005,121.0,42.620000000000005,70.0,43.0,66.0,0.2731541859894152,1.1674034681427563,0.9325766883760602,-0.6788049131096269,1.4154744239594104,16.0,False,False
56.0,Larry Walker,8.613254628131077,72.73999999999998,59.0,48.32,41.0,58.70999999999999,62.0,44.67999999999999,3.0,-15.0,6.0,1.2828084695684854,1.4306058704239697,0.5863843822752003,0.2287498010301958,-0.8381034439958039,16.0,True,False
57.0,Billy Hamilton,8.568229065548405,63.93000000000001,106.0,40.07000000000001,60.0,53.39500000000001,107.0,42.86000000000001,49.0,3.0,50.0,1.3027945632466704,-0.4465354557991109,1.966876783135758,2.1982211150567266,0.4312483341311884,13.0,True,False
58.0,Home Run Baker,8.56577314604641,62.61,113.0,36.669999999999995,82.0,54.85,92.0,47.09,55.0,24.0,34.0,1.0328132695126642,1.2915715079846273,-0.2923988213428595,0.0080228824031848,0.8310483086661592,12.0,True,False
59.0,Max Carey,8.507480868866121,55.68,157.0,22.159999999999997,232.0,44.665,186.0,33.65,98.0,173.0,127.0,-0.1461568110289014,-0.2186817224531697,0.3933208230323547,2.2399123684477353,1.7210814595105095,18.0,True,False
60.0,Frank Thomas,8.496875503289559,73.82,57.0,39.279999999999994,66.0,59.595,55.0,45.37,-3.0,6.0,-5.0,0.927393603859842,1.3050673578716567,1.8807408978646205,-0.5612116068407961,-1.1987269597033765,17.0,True,False
61.0,Rod Carew,8.44693574004151,81.19,38.0,46.10000000000001,45.0,65.475,38.0,49.76,-23.0,-16.0,-23.0,1.9803204815306048,-0.4690375686442896,0.2227241809936566,0.7554590262459517,-0.3826346231104048,19.0,True,False
62.0,Al Kaline,8.427623173074373,92.79,28.0,55.55,27.0,70.815,31.0,48.84,-34.0,-35.0,-31.0,0.89488585095957,0.5563606552917576,0.5520067482518538,-0.0150424471883653,0.0067794158193567,21.0,True,False
63.0,Carl Yastrzemski,8.404722925320572,96.41000000000001,22.0,50.169999999999995,39.0,75.975,24.0,55.53999999999999,-41.0,-24.0,-39.0,0.5730337297485824,0.5720245319409132,1.2002737219066149,-0.1503244263317111,-0.4529834398196362,23.0,True,False
64.0,Willie Wells,8.400501025501882,54.599999999999994,171.0,40.076800000000006,59.0,47.419999999999995,153.0,40.239999999999995,107.0,-5.0,89.0,1.508246057856096,1.9045039479021209,0.8106076657744988,1.7086564412682717,1.439847115645692,10.0,True,True
65.0,Harry Stovey,8.374387443364977,44.95,269.0,26.860300000000002,171.0,37.940000000000005,301.0,30.930000000000003,204.0,106.0,236.0,0.4439055303724096,1.8859799976794285,0.7528915287920037,1.598197548816414,-0.3531321898309379,14.0,False,False
66.0,Cal Ripken,8.341715796547735,95.93,24.0,53.52,33.0,76.12,23.0,56.309999999999995,-42.0,-33.0,-43.0,0.3110327097973723,0.700118435146895,0.0888909934742512,-0.760557919612367,0.6070132048736069,20.0,True,False
67.0,Arky Vaughan,8.323799047870887,77.71,44.0,51.79,37.0,65.35499999999999,40.0,53.0,-23.0,-30.0,-27.0,1.1705057995948802,0.3565921036917743,0.7898921621346904,0.2430662009848656,0.783898095035888,12.0,True,False
68.0,Paul Goldschmidt,8.253024799533017,65.0,97.0,36.5,83.0,55.004999999999995,90.0,45.00999999999999,29.0,15.0,22.0,1.0170789878449715,0.7364840124610408,1.046828730080491,0.4577737293512596,-0.3413218102961534,14.0,False,False
69.0,Johnny Bench,8.174507621456733,75.14000000000001,52.0,46.64,44.0,61.17000000000001,48.0,47.2,-17.0,-25.0,-21.0,0.2145332320010064,1.4680700088672134,0.3514564920492054,-0.2151024711235248,0.6162594261212684,15.0,True,False
70.0,Vladimir Guerrero,8.1727147026294,59.46,135.0,29.52,134.0,50.33,132.0,41.2,65.0,64.0,62.0,1.4858621104048122,1.0087547601984888,-0.3707569497226585,0.1279833255106478,-0.6253742160438183,15.0,True,False
71.0,David Ortiz,8.132521549493156,55.04,166.0,19.98,277.0,45.055,182.0,35.07,95.0,206.0,111.0,0.6195901014589346,1.6416417906154808,1.1907259474289391,-0.5738146499040989,-1.0250161231169586,18.0,True,False
72.0,Kirby Puckett,8.127144415519165,51.13,197.0,25.72,190.0,44.385000000000005,188.0,37.64,125.0,118.0,116.0,1.592894922140065,0.1624408844042294,-0.9800694106239012,-0.4431142817494906,1.4689148832336414,12.0,True,False
73.0,Cesar Cedeno,8.114174470907685,53.029999999999994,185.0,26.4,180.0,47.21,157.0,41.39000000000001,112.0,107.0,84.0,0.4767075433693413,0.3920542589335168,-0.2411796133837204,2.197757164024087,0.6860518202051683,16.0,False,False
74.0,Cap Anson,8.071471106023992,94.33,26.0,55.3354,28.0,68.05,34.0,41.769999999999996,-48.0,-46.0,-40.0,1.283838679260993,0.3627325043240821,0.8090975299552182,-0.3888315747815908,-0.4566079973877325,26.0,True,False
75.0,Al Simmons,8.038168748543526,68.24000000000001,84.0,33.63,109.0,56.86,75.0,45.48,9.0,34.0,0.0,0.9958760800009552,1.0891809778171866,-0.6369046774440855,-0.4839602145274885,0.2745940281397884,16.0,True,False
76.0,Bill Dahlen,8.03259263381245,74.94000000000001,54.0,39.099999999999994,67.0,57.68000000000001,69.0,40.42,-22.0,-9.0,-7.0,-0.0910836046842532,0.5165832510764969,0.7845881774692137,0.4472508376708474,1.195930661496293,19.0,False,False
77.0,George Davis,8.006847222623893,84.35000000000001,35.0,47.938500000000005,42.0,64.465,41.0,44.58,-42.0,-35.0,-36.0,0.4646229447919988,0.4679710214689021,0.1580685734211113,0.6742905492751217,1.0023176710654216,18.0,True,False
78.0,George Sisler,8.005950781386666,57.64999999999999,143.0,24.396900000000006,203.0,52.97999999999999,109.0,48.309999999999995,65.0,125.0,31.0,1.2464694564086465,0.2333254988217047,-0.892992756797075,1.1895444621554594,-0.11456747088703,15.0,True,False
79.0,Barry Larkin,7.992915498441128,70.53,67.0,42.57000000000001,52.0,56.92,74.0,43.31,-12.0,-27.0,-5.0,0.9190254249852486,0.234053748295877,0.5172055752097606,1.0100468386211316,0.5437995838631728,17.0,True,False
80.0,Fred Lynn,7.945413814904226,50.17,208.0,24.170000000000005,211.0,44.255,194.0,38.34,128.0,131.0,114.0,0.3842119160572649,1.050868172966027,0.5699466008310528,-0.6981899561543066,1.0170173436734729,16.0,False,False
81.0,Manny Ramirez,7.943752215843885,69.33,74.0,35.69,90.0,54.64,94.0,39.949999999999996,-7.0,9.0,13.0,1.2660856841653023,1.624336059698478,1.2594355632401486,-0.9084627306902874,-1.50015308457786,17.0,False,False
82.0,Fred Clarke,7.898500980225588,69.05999999999999,76.0,36.32000000000001,84.0,52.92999999999999,111.0,36.8,-6.0,2.0,29.0,0.6832015600541465,0.6896365427976372,0.313797608712133,0.3472775374833221,0.6084681428188743,18.0,True,False
83.0,Paul Molitor,7.872002917951752,75.70000000000002,51.0,37.38999999999999,76.0,57.71000000000001,67.0,39.720000000000006,-32.0,-7.0,-16.0,1.247956733180785,-0.048467283572708,-0.0614585403220263,0.9145743542022314,-0.0572630853129562,20.0,True,False
84.0,Robinson Cano,7.856321487515208,68.72000000000001,77.0,35.440000000000005,93.0,59.03,59.0,49.339999999999996,-7.0,9.0,-25.0,1.141637228836737,0.6793094318096942,-0.5009953528793034,-0.6348499599378581,0.5985534300914733,15.0,False,False
85.0,Bob Johnson,7.847480944925264,55.470000000000006,161.0,28.95,144.0,45.405,176.0,35.339999999999996,76.0,59.0,91.0,0.2987545445466565,1.3982706984441262,1.2540479224219914,-0.0406072675021109,0.2371829993495277,13.0,False,False
86.0,Johnny Mize,7.795968813303611,70.39000000000001,69.0,44.08000000000001,46.0,59.33000000000001,56.0,48.27,-17.0,-40.0,-30.0,0.95600358112092,1.974842329105116,0.4127876061549115,-0.6035153031934668,-0.7333527973938125,13.0,True,False
87.0,Reggie Smith,7.783484425014678,64.58,101.0,37.44,74.0,51.614999999999995,120.0,38.65,14.0,-13.0,33.0,0.6366710806693537,1.181837789972767,0.5980569048043579,-0.0763220363697676,0.4741236919815521,15.0,False,False
88.0,Willie McCovey,7.777061816049056,64.52000000000001,102.0,30.48999999999999,128.0,54.685,93.0,44.85,14.0,40.0,5.0,0.1611503823291289,1.7178419996352463,1.3437493333182156,-0.5490045313004234,-0.7665634122462995,21.0,True,False
89.0,Jackie Robinson,7.767836705658505,64.08000000000001,105.0,41.49000000000001,55.0,57.785000000000004,65.0,51.489999999999995,16.0,-34.0,-24.0,1.2122928163592444,0.4318698435368105,0.6322288454438668,2.631596199830694,0.0717749188515134,10.0,True,False
90.0,Frankie Frisch,7.704851050491705,71.69999999999999,62.0,39.45,64.0,58.214999999999996,63.0,44.730000000000004,-28.0,-26.0,-27.0,0.6664186011279971,-0.0384782350504714,-0.316969857417853,1.4521786827319598,0.9650864551758576,17.0,True,False
91.0,Joe Cronin,7.689025035126866,64.63999999999999,99.0,33.75,107.0,54.155,101.0,43.67000000000001,8.0,16.0,10.0,0.5004908347205919,0.750404637837834,0.919822726248344,-0.2383134334745195,0.731621506037806,15.0,True,False
92.0,Mark McGwire,7.668131906345557,62.150000000000006,115.0,37.13,77.0,52.035000000000004,118.0,41.92,23.0,-15.0,26.0,-0.3694864069563277,2.640078089088369,2.028220620284229,-0.6346989502951556,-0.9926731287290328,13.0,False,False
93.0,Adrian Beltre,7.6548582128496445,93.72,27.0,52.82999999999999,35.0,71.31,29.0,48.9,-66.0,-58.0,-64.0,0.5699062101851056,0.4730294061338903,-0.5369046093996563,-0.1800586308243048,0.7967843989951412,21.0,True,False
94.0,Jose Ramirez,7.552979108418128,59.76,132.0,35.99,87.0,52.21,116.0,44.660000000000004,38.0,-7.0,22.0,0.7778746201372437,0.9595425532614068,0.4098148811909332,1.6613651950946609,-0.1831792575486281,12.0,False,False
95.0,Ernie Banks,7.491214916962591,67.80000000000001,87.0,28.820000000000007,147.0,59.94500000000001,51.0,52.09,-8.0,52.0,-44.0,0.3073720782587234,1.3862970246766566,-0.5285562318707356,-0.350599213307329,-0.1109544554076745,17.0,True,False
96.0,Sam Crawford,7.434272438474026,75.92999999999998,50.0,35.57000000000001,92.0,57.95499999999999,64.0,39.980000000000004,-46.0,-4.0,-32.0,1.0412560616692896,1.5545005445916564,-0.2432369557344429,-0.2568306609732126,-1.1945134289211594,17.0,True,False
97.0,Carlton Fisk,7.417641535854536,68.45,80.0,35.33,97.0,53.015,108.0,37.58,-17.0,0.0,11.0,0.2848746005365032,1.034536958247182,-0.0635685572979912,-0.048226384714915,0.7811858119146307,21.0,True,False
98.0,Luke Appling,7.4139368036712545,76.95000000000002,47.0,43.53,49.0,60.73000000000001,49.0,44.510000000000005,-51.0,-49.0,-49.0,0.9796756926407106,-0.52546117541042,0.9425203329564996,0.407779826336046,1.1435241230283708,17.0,True,False
99.0,Freddie Freeman,7.405723583613492,67.45,88.0,36.78999999999999,81.0,53.4,106.0,39.349999999999994,-11.0,-18.0,7.0,1.35662141707256,0.6545000937803412,0.7703335568043922,-0.0005553068765101,-0.6615583483747074,15.0,False,False
100.0,Jim Thome,7.388507309122617,72.94000000000001,58.0,37.55000000000001,72.0,57.230000000000004,71.0,41.52,-42.0,-28.0,-29.0,0.135331509355368,1.710592876782213,2.1230671659062974,-0.6067624374910668,-0.795848696812639,18.0,True,False
101.0,Scott Rolen,7.365309188289929,70.12,70.0,44.03,47.0,56.855000000000004,76.0,43.59,-31.0,-54.0,-25.0,0.3407066243350864,0.6840064027409773,0.4405085369932462,0.0102582261939156,1.137001304562163,16.0,True,False
102.0,Josh Gibson,7.221969073668999,40.910000000000004,343.0,33.292899999999996,113.0,35.1,367.0,29.29,241.0,11.0,265.0,2.4060543954203673,3.612946085308221,1.0569444881511287,0.31712288590638,0.3369289345203864,9.0,True,True
103.0,Amos Otis,7.221062244069694,42.78,305.0,14.79,378.0,37.629999999999995,309.0,32.48,202.0,275.0,206.0,0.3108423400742033,0.2754925766777829,0.0590837922203647,1.0919082371481343,1.5376299853038478,14.0,False,False
104.0,David Wright,7.199997806686037,49.13000000000001,216.0,28.62,148.0,44.31,189.0,39.489999999999995,112.0,44.0,85.0,0.9815649878019512,0.5741375763802762,0.7413640706905167,0.8285150624735886,0.3058806592488747,11.0,False,False
105.0,Edgar Martinez,7.179446069005666,68.42,82.0,38.54,68.0,56.04,80.0,43.66,-23.0,-37.0,-25.0,1.3667572970749688,0.6616220783776333,1.4819232984020445,-0.482453260485384,-0.7132646043427094,14.0,True,False
106.0,Reggie Jackson,7.179218914230521,74.03,56.0,35.440000000000005,93.0,60.43000000000001,50.0,46.830000000000005,-50.0,-13.0,-56.0,-0.1750938437731845,1.6038725146390962,0.8721046260846417,0.0573504282961159,-0.6702546470011774,20.0,True,False
107.0,Bryce Harper,7.140436739810289,56.72000000000001,148.0,31.02,126.0,47.49000000000001,149.0,38.26,41.0,19.0,42.0,0.7234941080024161,1.243628737731246,1.859898416033356,0.1822242754326622,-0.8164258629611734,14.0,False,False
108.0,Roberto Alomar,7.118506843116253,67.00999999999999,91.0,32.51,119.0,54.959999999999994,91.0,42.910000000000004,-17.0,11.0,-17.0,0.9813048971119548,0.0712270249994838,0.2920492096662304,1.132780242046031,-0.1062621738730768,16.0,True,False
109.0,Bobby Grich,7.0698017417173125,71.08000000000001,64.0,43.57,48.0,58.730000000000004,61.0,46.38,-45.0,-61.0,-48.0,0.0308438100187552,0.8108848847108793,1.3292051831049416,-0.4271706210648066,1.1573976661436218,15.0,False,False
110.0,Bernie Williams,7.05335187388782,49.589999999999996,213.0,18.72,303.0,43.584999999999994,201.0,37.57999999999999,103.0,193.0,91.0,0.6672587939656325,0.1452405918537214,0.6758808931890488,-0.3342838973244308,0.9304552224610556,16.0,False,False
111.0,Joe Kelley,7.0489665587798465,50.56999999999999,202.0,22.98,223.0,43.515,202.0,36.46,91.0,112.0,91.0,0.6234044401030511,0.9292353156143608,0.926818779714874,0.2039517351609737,-0.1420380284710417,16.0,True,False
112.0,Turkey Stearnes,7.035009853348315,54.82,169.0,40.6848,57.0,44.754999999999995,185.0,34.69,57.0,-55.0,73.0,1.359465159503952,2.4731802531374947,0.2717648717833441,0.868316540026015,0.2897627118217957,12.0,True,True
113.0,Vada Pinson,7.031977509339519,54.09,174.0,16.43,348.0,47.0,158.0,39.91,61.0,235.0,45.0,0.6172291620380974,0.1725348415379569,-1.068554914076186,1.0126564617827691,0.5012901118913251,17.0,False,False
114.0,Ken Williams,6.987272910518804,42.58,308.0,21.130000000000003,252.0,39.585,268.0,36.59,194.0,138.0,154.0,0.4590912799985088,1.498835886959191,0.6068029864298554,0.3172124262045414,0.387087495424319,11.0,False,False
115.0,Hanley Ramirez,6.976150500856997,38.279999999999994,392.0,16.070000000000004,352.0,36.714999999999996,331.0,35.15,277.0,237.0,216.0,0.782414256248723,0.8329502145646769,0.330771616085853,1.1759525637459487,-0.4502572616016538,12.0,False,False
116.0,King Kelly,6.946793101384209,45.95,257.0,24.2839,207.0,38.21,294.0,30.47,141.0,91.0,178.0,1.0207849865050915,0.9308316982612672,0.6696703311448574,1.5050710508232383,-0.3167202515180193,15.0,True,False
117.0,Ralph Kiner,6.927582343714417,48.11,225.0,24.310000000000002,206.0,45.43,175.0,42.75,108.0,89.0,58.0,0.0248300593856686,2.1892971313739116,1.5607394802300254,-0.6239664250394898,-0.4619531241529416,10.0,True,False
118.0,Manny Machado,6.918369234413647,62.7,112.0,34.17,104.0,52.71000000000001,112.0,42.720000000000006,-6.0,-14.0,-6.0,0.6887518487595248,0.6909892449444315,-0.1322719006063079,0.0412789215598544,0.732275710154364,14.0,False,False
119.0,Jim Wynn,6.91104703883481,55.92999999999999,155.0,28.83,145.0,49.64999999999999,136.0,43.37,36.0,26.0,17.0,-0.5084479545134051,0.8697949020429733,1.828322004611323,0.6345242157560613,0.4651502474355621,15.0,False,False
120.0,Chuck Klein,6.875912214023446,46.309999999999995,252.0,22.889999999999997,225.0,42.684999999999995,215.0,39.059999999999995,132.0,105.0,95.0,0.6820784996666608,1.4187593334341162,-0.0806013009952612,-0.2053248415753333,-0.4676683000312701,13.0,True,False
121.0,Bid McPhee,6.849664613357806,52.75,186.0,25.159999999999997,195.0,41.055,239.0,29.36,65.0,74.0,118.0,-0.0524243168104852,0.1608976501614493,0.6521749680674181,0.5471018582623272,1.66578597515427,18.0,True,False
122.0,Jeff Kent,6.837004367765449,55.43,162.0,26.6,177.0,45.595,173.0,35.76,40.0,55.0,51.0,0.4931602245339024,0.9634894858914602,-0.1086518966092007,-0.5366330329461224,0.4728658808147508,17.0,True,False
123.0,Bobby Bonds,6.762704032940773,57.86000000000001,141.0,31.890000000000004,122.0,49.45,138.0,41.040000000000006,18.0,-1.0,15.0,-0.0489815826040937,1.14473770561607,0.5942989810010949,1.9171559992231515,-0.1540979556466327,13.0,False,False
124.0,Gary Sheffield,6.682097166103418,60.53999999999999,123.0,25.979999999999997,186.0,49.26499999999999,142.0,37.989999999999995,-1.0,62.0,18.0,0.6234110921910737,0.960449489371252,1.2115381758660222,0.1485869708980975,-1.0790322300710695,20.0,False,False
125.0,Pete Browning,6.6677720431458685,40.42,353.0,27.106600000000004,168.0,35.785,352.0,31.15,228.0,43.0,227.0,1.795083899186156,0.6383182780877494,0.3912818901321747,-0.0196684411040296,-0.096968025568286,12.0,False,False
126.0,Sammy Sosa,6.64714945648784,58.6,139.0,28.250000000000004,153.0,51.215,124.0,43.83,13.0,27.0,-2.0,-0.0686427998757835,1.468777460847159,-0.0203038079630479,-0.0465714055595055,-0.4188573005284082,18.0,False,False
127.0,Chase Utley,6.627803781460733,64.62,100.0,40.97,56.0,56.94,73.0,49.25999999999999,-27.0,-71.0,-54.0,0.2668611279343269,0.7684556559062465,0.3531428349542106,0.1395972927587531,0.5134605779642794,14.0,False,False
128.0,Harmon Killebrew,6.6272240514613685,60.440000000000005,124.0,28.17,155.0,49.285000000000004,141.0,38.13,-4.0,27.0,13.0,-0.233138951390581,1.8391812588169345,2.015307465305655,-0.637401685672393,-0.8696151069583183,17.0,True,False
129.0,Ted Simmons,6.592960524255011,50.37,206.0,19.040000000000003,296.0,42.584999999999994,216.0,34.8,77.0,167.0,87.0,0.8004765799351314,0.3944297431576473,-0.0947242616681444,-0.498196553046442,0.5599774704100143,17.0,True,False
130.0,Kenny Lofton,6.5913431544462355,68.38999999999999,83.0,38.42999999999999,70.0,55.87499999999999,84.0,43.36,-47.0,-60.0,-46.0,0.7792217623414192,-0.7204406582422249,0.2620990319948993,2.294043706735818,1.0816486770606923,16.0,False,False
131.0,Nomar Garciaparra,6.58014152900823,44.28000000000001,286.0,24.28,208.0,43.685,199.0,43.09,155.0,77.0,68.0,1.4458562940386357,0.8324660720391726,-0.5852395020841195,-0.0979420936122875,0.2330780547322479,10.0,False,False
132.0,Hardy Richardson,6.579402133514243,40.98,341.0,21.2241,250.0,35.06,368.0,29.14,209.0,118.0,236.0,0.8335477585669855,1.1032279180511004,-0.063382516642026,0.0665961772187447,0.57705265537159,14.0,False,False
133.0,Larry Doby,6.56766851135422,56.779999999999994,147.0,36.13999999999999,85.0,48.06,145.0,39.34,14.0,-48.0,12.0,0.3655699957943103,1.051533244598834,1.0079936595389365,-0.1394571709381475,0.9228395755461674,12.0,True,True
134.0,Ivan Rodriguez,6.522370727309496,68.71000000000002,78.0,33.35,112.0,54.250000000000014,99.0,39.790000000000006,-56.0,-22.0,-35.0,0.947367077324581,0.1689129193882198,-1.097913325719526,0.0395629607641756,0.9512320675841835,20.0,True,False
135.0,Harlond Clift,6.473019224509538,41.5,334.0,19.02,298.0,37.870000000000005,303.0,34.24,199.0,163.0,168.0,-0.2658752920552777,0.8061998273290946,1.8123651732580772,-0.1914498395475277,1.1316427568639278,11.0,False,False
136.0,Josh Donaldson,6.376079089699051,46.81,242.0,27.366899999999998,166.0,44.269999999999996,191.0,41.73,106.0,30.0,55.0,0.1910564925696925,1.0655809026630103,1.2745950207989127,-0.2916535266193157,1.0254092888291542,10.0,False,False
137.0,Goose Goslin,6.353341840094602,65.78,95.0,29.38,136.0,54.605000000000004,95.0,43.43,-42.0,-1.0,-42.0,0.4191644475360087,0.7817383731908526,0.3346350187995966,0.0671669364085832,-0.0786874028777217,16.0,True,False
138.0,Ken Boyer,6.323626704918643,62.83,110.0,31.55,124.0,54.565,97.0,46.3,-28.0,-14.0,-41.0,0.7530076157831729,0.4929634755297216,-0.1107465984993961,0.3746720092335568,0.325240998995028,14.0,False,False
139.0,Cy Seymour,6.320694331744752,41.45,337.0,13.2224,414.0,37.605000000000004,310.0,33.76,198.0,275.0,171.0,0.9708454294904328,0.6817783579964547,-0.5438547292610851,-0.0108702870742465,0.9102532403140504,11.0,False,False
140.0,Andrew McCutchen,6.318743869411859,48.58,220.0,18.29,314.0,43.455,203.0,38.33,80.0,174.0,63.0,0.3648486029356242,0.3222357788183549,1.1386903933386177,0.2219705525348478,-0.1678399722869552,17.0,False,False
141.0,Roberto Clemente,6.317597957798938,94.96000000000001,25.0,57.379999999999995,26.0,74.70500000000001,27.0,54.45,-116.0,-115.0,-114.0,1.5850764529963377,0.135906964398947,-0.908300962296716,-0.3693291694244961,-0.0822460762837636,18.0,True,False
142.0,Buck Ewing,6.294656690668809,47.92,230.0,28.076100000000004,156.0,39.28,274.0,30.64,88.0,14.0,132.0,0.7556224520859688,1.32113653926758,-0.1314509093457241,1.1182546312014208,0.1748584993452557,15.0,True,False
143.0,Lance Berkman,6.283435784005695,51.959999999999994,190.0,28.26,152.0,45.57999999999999,174.0,39.19999999999999,47.0,9.0,31.0,0.7250709049533096,1.1271618646625303,1.7840082772406938,-0.2722534711151144,-0.915377580234878,13.0,False,False
144.0,Andre Dawson,6.2682893804694135,64.82000000000001,98.0,29.2,138.0,53.77,103.0,42.72,-46.0,-6.0,-41.0,0.3274472325369116,1.0580996093643114,-1.025440473590857,0.1171920973577132,-0.1548806634268823,19.0,True,False
145.0,Eddie Murray,6.231044163119478,68.67000000000002,79.0,27.439999999999994,163.0,53.91000000000001,102.0,39.150000000000006,-66.0,18.0,-43.0,0.542330406556626,0.7204423381312967,0.2935254507747705,-0.3179290944446896,-0.523489030987288,20.0,True,False
146.0,Albert Belle,6.227232010904203,40.059999999999995,358.0,17.15,335.0,38.045,299.0,36.03,212.0,189.0,153.0,0.6443946252613623,1.7032741542825782,0.2111572434572941,-0.5320844483356882,-0.663958691460309,11.0,False,False
147.0,Elmer Flick,6.170510254416142,53.42,179.0,29.99,130.0,47.425,152.0,41.43,32.0,-17.0,5.0,0.921725122231234,1.3629408274687915,0.5357637686769506,0.6557651152542151,-1.1156536845676082,11.0,True,False
148.0,Joe Gordon,6.169046280785396,55.49999999999999,160.0,35.35999999999999,96.0,50.095,133.0,44.69,12.0,-52.0,-15.0,-0.1668547443941231,1.3854092454744786,0.4960841669276239,0.2110033981448529,0.6554256695933572,11.0,True,False
149.0,Bill Dickey,6.152234794559373,56.23,153.0,31.71,123.0,45.78,171.0,35.33,4.0,-26.0,22.0,0.7836062507520194,0.8264448911293427,0.1811047100409049,-0.4245356019884536,0.6565450513436424,15.0,True,False
150.0,Dave Bancroft,6.106322650311952,50.43,205.0,24.349999999999998,205.0,44.224999999999994,196.0,38.019999999999996,55.0,55.0,46.0,-0.0339453793593536,-0.3911002518670395,0.6566776077120957,-0.3177904988432351,2.65600471791054,15.0,True,False
151.0,Ian Kinsler,6.085300111805194,53.82000000000001,176.0,26.216599999999996,183.0,46.11,168.0,38.4,25.0,32.0,17.0,0.1094951707291892,0.3737702744486868,0.0601992798544074,0.6278341049379363,1.136741089811715,14.0,False,False
152.0,Roy Campanella,6.048485391402805,41.66,331.0,20.453400000000006,265.0,38.30499999999999,292.0,34.949999999999996,179.0,113.0,140.0,0.4071482003353034,1.403829839497115,0.2657825602801416,-0.1421009524195526,0.7060696055282552,11.0,True,True
153.0,Andruw Jones,6.035206650071284,62.71,111.0,35.88,88.0,54.575,96.0,46.44,-42.0,-65.0,-57.0,-0.6674898794780023,0.950945935101188,0.321171524349862,-0.1505988849696264,1.5049816459838616,16.0,False,False
154.0,Eric Davis,6.025739589010848,36.13,430.0,16.07,353.0,33.11,418.0,30.09,276.0,199.0,264.0,0.0195932857313168,1.0899603446678463,0.979542150307844,1.2949225269017748,0.2345858382571901,13.0,False,False
155.0,Jesse Burkett,6.009045074247082,60.82,121.0,27.6251,162.0,49.54,137.0,38.26,-34.0,7.0,-18.0,1.162399171825243,0.2040669074222179,0.6846043484536278,-0.3023030019322091,-0.3022195553151957,15.0,True,False
156.0,Paul Waner,5.955601231702055,74.55,55.0,39.739999999999995,62.0,58.885,60.0,43.22,-101.0,-94.0,-96.0,1.044543258023983,0.0696857270466338,0.360472615096634,-0.4135428422913883,-0.2141923102556939,18.0,True,False
157.0,Dom DiMaggio,5.931716570493601,33.49,482.0,15.250000000000002,369.0,30.815,466.0,28.14,325.0,212.0,309.0,0.628844800380452,-0.3151725866906461,0.3152669905543001,0.5163883203478291,2.0297799315045224,10.0,False,False
158.0,Mickey Cochrane,5.930727049747288,49.75,210.0,26.630000000000003,176.0,43.165000000000006,205.0,36.580000000000005,52.0,18.0,47.0,0.7799671650827938,0.5687950802384142,1.4110649273467182,-0.100525666634248,0.6519125347456363,11.0,True,False
159.0,Joe Torre,5.900987174127513,57.65,142.0,26.849999999999998,172.0,47.47,151.0,37.29,-17.0,13.0,-8.0,1.2152924026294152,0.3194753699810421,-0.0802997406168043,-0.4693754001974934,-0.0430075838296248,16.0,False,False
160.0,Jimmy Ryan,5.891079429159829,44.48,281.0,13.3865,411.0,36.2,340.0,27.92,121.0,251.0,180.0,0.4770155007508586,0.9183937193490408,0.0491034497158203,-0.4541691667634596,-0.1738455318582365,17.0,False,False
161.0,Francisco Lindor,5.881273837146942,56.63,149.0,33.93000000000001,106.0,49.44499999999999,139.0,42.25999999999999,-12.0,-55.0,-22.0,0.5401712275697853,0.7059106335067541,0.1976415310853531,0.7005095494846056,0.4569718667273096,11.0,False,False
162.0,Alan Trammell,5.87958958929537,70.64000000000001,65.0,40.37,58.0,57.71000000000001,67.0,44.779999999999994,-97.0,-104.0,-95.0,0.7087615655399018,0.1756791017016523,0.2437859738962927,0.1498696648865405,0.24970034346713,18.0,True,False
163.0,Tommy Leach,5.87898802252467,48.13,224.0,18.55,307.0,39.555,269.0,30.98,61.0,144.0,106.0,0.0281463120280354,0.4282240435256632,0.3845585615076347,0.0934723423168105,1.1008077794557345,16.0,False,False
164.0,Hugh Duffy,5.825728649612449,43.13999999999999,302.0,18.029999999999998,320.0,37.004999999999995,326.0,30.87,138.0,156.0,162.0,0.8322438163220238,0.5107876823366865,-0.1685125817739663,0.5854738124924984,-0.0379897279545185,14.0,True,False
165.0,Harry Heilmann,5.821563959014547,72.35,60.0,38.07,71.0,59.709999999999994,53.0,47.07,-105.0,-94.0,-112.0,1.1663977093242366,1.033554270297399,0.4311329811304166,-0.6498335014434805,-1.0996880212814817,16.0,True,False
166.0,Edd Roush,5.81247981257764,45.88,258.0,20.9,257.0,38.99,281.0,32.1,92.0,91.0,115.0,0.823412980616403,0.1858148568360529,-0.7904740595660085,0.4252150315028065,0.9441778602958932,14.0,True,False
167.0,Lou Whitaker,5.8062677866766705,75.1,53.0,42.739999999999995,50.0,56.51,79.0,37.92,-114.0,-117.0,-88.0,0.3254037539370795,0.4956890848073298,0.937862625791716,-0.4096466344780536,0.5723448264045617,18.0,False,False
168.0,Tim Raines,5.756144621723163,69.46,73.0,35.39,95.0,55.92999999999999,82.0,42.4,-95.0,-73.0,-86.0,0.867026272160242,-0.2856032166209897,1.080595556140026,2.1354000108931297,-0.8262658670528958,18.0,True,False
169.0,Hack Wilson,5.752400590803622,38.69,377.0,20.66,259.0,37.375,316.0,36.06,208.0,90.0,147.0,0.0596401068344838,1.5885575579700824,1.116102139613572,-0.5671026221736534,0.0433667535043246,11.0,True,False
170.0,Kiki Cuyler,5.742063224846298,47.99,227.0,21.880000000000003,238.0,41.81,228.0,35.63,57.0,68.0,58.0,0.5184632729356644,0.2289658993409051,-0.0710429798554763,1.577813781269066,0.0560458395184711,15.0,True,False
171.0,Miguel Tejada,5.731063552806358,47.13,239.0,15.9,358.0,41.885000000000005,227.0,36.64,68.0,187.0,56.0,0.5027589963980605,0.3117882719995442,-0.6852701039401002,-0.495616844316309,1.19858240707882,14.0,False,False
172.0,Joe Mauer,5.695233754493076,55.589999999999996,159.0,27.85,159.0,47.35,155.0,39.11000000000001,-13.0,-13.0,-17.0,1.4311373379372831,-0.590407165985645,0.9691188608447602,-0.2505762084295816,0.1448542400665496,14.0,True,False
173.0,Giancarlo Stanton,5.656341836516157,47.00999999999999,241.0,24.01,214.0,41.19499999999999,236.0,35.38,68.0,41.0,63.0,-0.0431189954032674,1.845167308373391,0.7986468819127527,-0.6274020912562535,-0.4262652837849781,14.0,False,False
174.0,Darrell Evans,5.65360458597662,58.72,138.0,24.220000000000006,210.0,47.945,146.0,37.17,-36.0,36.0,-28.0,-0.6563249670318759,0.7929692555978411,1.678361398293357,-0.312192725174945,0.6064312355893792,19.0,False,False
175.0,Willie Stargell,5.649916762693763,57.64,144.0,26.770000000000007,174.0,47.81,147.0,37.980000000000004,-31.0,-1.0,-28.0,0.4854734949685473,1.9123186232472904,0.3713508778338991,-0.7882158266159625,-1.4394019919120813,18.0,True,False
176.0,Dale Murphy,5.648151670982651,46.510000000000005,249.0,16.36,351.0,43.86,198.0,41.21,73.0,175.0,22.0,-0.0922932543810184,1.1458332912035758,0.6782475296856159,-0.3269037488037906,-0.286931428085413,14.0,False,False
177.0,Wally Berger,5.6248411100814275,42.339999999999996,317.0,23.57,216.0,39.099999999999994,279.0,35.86,140.0,39.0,102.0,0.1086953768974205,1.4206572152901062,-0.2750550150192957,-0.5815702899846562,1.0477594901351963,10.0,False,False
178.0,Bobby Veach,5.6001458834800495,49.099999999999994,217.0,19.9374,278.0,43.59,200.0,38.080000000000005,39.0,100.0,22.0,0.667976881080997,0.6370485095178884,-0.2427101706850791,-0.2018454754506523,0.3858377306183306,12.0,False,False
179.0,Cy Williams,5.587572340316203,36.86000000000001,417.0,11.810000000000002,444.0,31.245000000000005,451.0,25.63,238.0,265.0,272.0,0.0398353085899607,1.2750327838502742,0.1690911789361426,-0.6626336225311912,0.7103904463918466,14.0,False,False
180.0,Trea Turner,5.568285058771741,41.75,328.0,23.099999999999998,222.0,37.285,319.0,32.82,148.0,42.0,139.0,1.3276724695730362,0.3049891333011371,-0.4395939771096702,2.2023157505396576,0.0307074025484656,10.0,False,False
181.0,Gary Carter,5.550990317273403,70.11,71.0,40.07,61.0,59.239999999999995,57.0,48.37,-110.0,-120.0,-124.0,0.0552271520202604,0.7911423231141679,0.1643327971999374,-0.4427547797257251,0.753597558777597,17.0,True,False
182.0,Jack Glasscock,5.549071936663875,61.57,117.0,35.6316,91.0,51.16,125.0,40.75,-65.0,-91.0,-57.0,0.6421630801049886,-0.1667637779888259,-0.3458671003072643,0.5973753573014455,1.2423842334536044,16.0,False,False
183.0,Yogi Berra,5.514641576264168,59.540000000000006,134.0,34.04,105.0,48.775000000000006,143.0,38.010000000000005,-49.0,-78.0,-40.0,0.5127581350376864,0.9042447636490648,-0.4165700664247511,-0.3715054914565631,0.5505110198802783,16.0,True,False
184.0,Jorge Posada,5.507118994168545,42.68,307.0,17.289999999999996,333.0,37.650000000000006,308.0,32.620000000000005,123.0,149.0,124.0,0.160205861258064,0.7321393215703694,1.292267817032772,-0.4860689054946856,0.7803747632246117,14.0,False,False
185.0,Craig Biggio,5.500147815887784,65.49000000000001,96.0,29.090000000000003,141.0,53.650000000000006,104.0,41.81,-89.0,-44.0,-81.0,0.3176281816103963,0.0747122868699959,0.1198979353967803,0.5909854956330697,0.0265630601239331,19.0,True,False
186.0,Chet Lemon,5.492623882242811,55.63,158.0,29.77,133.0,46.42,162.0,37.21,-28.0,-53.0,-24.0,0.0873950733442653,0.4782616842575355,0.209962776951776,-0.781245547896504,1.4560733791551728,15.0,False,False
187.0,Jimmy Sheckard,5.491381456304108,49.58,214.0,19.8,281.0,41.47,231.0,33.36,27.0,94.0,44.0,-0.1579690486859424,0.3668870487253386,1.441172380849625,0.4957797915163863,0.3962490094646548,16.0,False,False
188.0,George Gore,5.474763436900214,39.94,360.0,19.999999999999996,276.0,34.075,390.0,28.21,172.0,88.0,202.0,0.7897556674514647,0.3682109541815954,1.652113460101895,-0.4330209786072553,-0.0332732065487379,14.0,False,False
189.0,Bobby Abreu,5.463854615304484,60.19,128.0,28.290000000000003,151.0,50.905,128.0,41.62,-61.0,-38.0,-61.0,0.6116413312249037,0.2164971097835981,1.617313196242198,1.157426212264386,-0.988731084561046,16.0,False,False
190.0,Hughie Jennings,5.445017439506842,42.4,311.0,23.439999999999998,217.0,40.92,241.0,39.440000000000005,121.0,27.0,51.0,0.6945665660355725,-0.0230622453770958,-0.4568495932333979,0.6960460353390577,1.437382411513665,11.0,True,False
191.0,Buster Posey,5.422849100318102,45.03,267.0,27.279999999999994,167.0,40.78,246.0,36.529999999999994,76.0,-24.0,55.0,1.5646745609171675,0.0233232525671818,0.3760291279746564,-0.3514356741782503,0.7017461109417819,10.0,False,False
192.0,Rafael Palmeiro,5.422712735240119,71.86999999999999,61.0,30.34,129.0,55.37,85.0,38.870000000000005,-131.0,-63.0,-107.0,0.4296426368556399,0.8835958276295528,0.3556931024815445,-0.3579795670738342,-0.6051435942490468,19.0,False,False
193.0,Del Pratt,5.4007212931030635,46.4,251.0,16.499999999999996,346.0,39.19,276.0,31.98,58.0,153.0,83.0,0.4392236191230182,0.4829399497018611,-0.4463742980183049,0.1262186812668483,0.8858367307103249,13.0,False,False
194.0,Ryan Braun,5.388357849279629,47.169999999999995,237.0,24.72,198.0,42.985,208.0,38.8,43.0,4.0,14.0,1.0458162317920947,1.246095123420303,-0.1899100670340085,0.54142442447175,-1.2137490255991663,13.0,False,False
195.0,Ketel Marte,5.3509094921341465,37.36999999999999,409.0,19.400000000000002,291.0,34.16,389.0,30.950000000000003,214.0,96.0,194.0,0.8183407450076485,0.6097608452578399,0.4156237340283882,-0.283910680318737,0.725370480721442,10.0,False,False
196.0,Ozzie Smith,5.3268217213880185,76.91999999999999,48.0,42.03,54.0,59.709999999999994,53.0,42.5,-148.0,-142.0,-143.0,-0.0555836275309692,-0.9599830300078752,0.523486661822925,1.3215485498952153,2.1216294934124487,18.0,True,False
197.0,Brett Butler,5.3234696946737845,49.72999999999999,211.0,20.51,262.0,42.55499999999999,217.0,35.38,14.0,65.0,20.0,0.7156496893076062,-1.081633457243825,0.8630988870197746,1.298929366685304,1.1261309609772796,15.0,False,False
198.0,Jim Rice,5.308693709928464,47.660000000000004,232.0,18.810000000000002,302.0,42.03,224.0,36.400000000000006,34.0,104.0,26.0,0.9549653088162036,1.1255249766983904,-0.4587285830317628,-0.7161559114565246,-0.8841435153272217,15.0,True,False
199.0,Lou Boudreau,5.303872804573336,63.01,109.0,42.07,53.0,55.9,83.0,48.79,-90.0,-146.0,-116.0,0.6885170396821912,0.1184410887831577,0.4595451739429813,-0.4350712640463427,0.9852362574022387,13.0,True,False
200.0,Ellis Burks,5.281125530447994,49.809999999999995,209.0,23.38,218.0,40.9,242.0,31.990000000000002,9.0,18.0,42.0,0.612276370061944,0.8768773545144525,0.1169965476208509,-0.0999280406910187,-0.1120413743501082,16.0,False,False
201.0,Vern Stephens,5.278872984489112,46.28999999999999,253.0,24.869999999999997,197.0,40.364999999999995,254.0,34.44,52.0,-4.0,53.0,0.4561378372766896,1.0681270858535457,-0.1256096320787817,-0.7011756213162204,0.4345904258363852,13.0,False,False
202.0,Lenny Dykstra,5.24324533931884,42.38,313.0,26.23,182.0,37.67,307.0,32.959999999999994,111.0,-20.0,105.0,0.5428256040663358,-0.2829432238551576,0.863781680339523,1.1629651987154122,1.614853244653799,11.0,False,False
203.0,Bobby Wallace,5.156507949979899,76.43,49.0,37.4424,73.0,59.230000000000004,58.0,42.029999999999994,-154.0,-130.0,-145.0,0.0505322737272771,0.2637682332373256,0.2406615197778055,-0.7765570829413149,1.5140948880778258,16.0,True,False
204.0,Willie Davis,5.138434938308281,60.77,122.0,26.439999999999998,179.0,49.855000000000004,135.0,38.940000000000005,-82.0,-25.0,-69.0,0.3676229185498076,-0.1486791059758174,-1.4119775682940292,1.535827840334565,1.2833013426681408,16.0,False,False
205.0,Fred McGriff,5.106751576668274,52.60000000000001,188.0,19.840000000000003,280.0,44.28,190.0,35.96,-17.0,75.0,-15.0,0.3378841291631292,0.9873691789986978,0.8213030961470132,-0.3772632460722702,-0.8633375778317904,17.0,True,False
206.0,Tony Oliva,5.09517044511829,43.07,303.0,20.160000000000004,272.0,40.84,244.0,38.61,97.0,66.0,38.0,1.280460312205072,0.5995717790554437,-0.6796007650053509,-0.1062979420372773,-0.2672125518344369,11.0,True,False
207.0,Gabby Hartnett,5.080010215644915,55.28,164.0,31.09,125.0,42.945,209.0,30.61,-43.0,-82.0,2.0,0.2044684778039437,1.1629744795335344,0.2981835482356629,-0.6254477883405254,0.5879477016903237,16.0,True,False
208.0,Ben Chapman,5.079938593709744,42.46,310.0,15.784,361.0,36.57,332.0,30.680000000000003,102.0,153.0,124.0,0.2621625715706302,0.0245826133872636,0.6922668377835607,2.1482726827172987,0.3344801835129238,12.0,False,False
209.0,Ray Lankford,5.077837921172922,38.19,396.0,17.979999999999997,321.0,34.81999999999999,373.0,31.449999999999996,187.0,112.0,164.0,-0.1305117173842751,0.6460050912206134,0.8595486830623011,0.6312080798094374,0.5762372802477949,13.0,False,False
210.0,Denny Lyons,5.076234095373533,35.51999999999999,440.0,21.610000000000003,242.0,33.269999999999996,409.0,31.020000000000003,230.0,32.0,199.0,1.11686304771893,0.9068120132973728,1.0484218906177878,-0.4923429408160354,0.0562821707864204,9.0,False,False
211.0,Jimmy Collins,5.0665560332742245,53.25000000000001,181.0,26.369999999999997,181.0,45.795,170.0,38.339999999999996,-30.0,-30.0,-41.0,0.4454621631015576,0.7086275070490111,-0.4481656679428135,-0.5409430465143198,0.6209437494666612,13.0,True,False
212.0,Nelson Cruz,5.066085724163878,42.00000000000001,322.0,12.91,420.0,35.985,346.0,29.97,110.0,208.0,134.0,0.443554115003418,1.260247268473202,0.0411645001042746,-0.3238593156000684,-0.6452802734633987,15.0,False,False
213.0,Joe Medwick,5.063311665372586,54.22,173.0,26.569999999999997,178.0,46.675,160.0,39.129999999999995,-40.0,-35.0,-53.0,1.0967240922197994,0.8577935875399297,-1.1180199186176545,-0.6359550771747804,-0.1629373301635357,13.0,True,False
214.0,Norm Cash,5.055296110197151,52.05,189.0,25.91,188.0,42.86,211.0,33.67,-25.0,-26.0,-3.0,0.3287457904687121,1.1528150914709423,1.2274974271909624,-0.2989812379288579,-0.5097806233766327,14.0,False,False
215.0,Fred Pfeffer,5.026114366821763,26.61,645.0,2.0363999999999987,745.0,24.564999999999998,654.0,22.52,430.0,530.0,439.0,-0.3015427899812177,0.4752280450896284,-0.2274679497792455,0.4008021954404919,1.767255416534268,14.0,False,False
216.0,Orlando Cepeda,5.006007640021108,50.18,207.0,18.14,317.0,42.379999999999995,221.0,34.58,-9.0,101.0,5.0,1.0731773310616644,0.8826778218717706,-0.7446982042386001,0.5296339498592085,-0.9927807507446772,14.0,True,False
217.0,Jose Altuve,5.00517455158887,53.56,178.0,24.03,213.0,46.855000000000004,159.0,40.15,-39.0,-4.0,-58.0,1.4482818165507552,0.1658481171134771,-0.194090164499036,1.0695707940775796,-1.226466490529449,15.0,False,False
218.0,Mike Cameron,4.995354914115797,46.68,247.0,21.040000000000003,255.0,39.665000000000006,265.0,32.650000000000006,29.0,37.0,47.0,-0.8594560125415376,0.4006691457808486,0.5168227726570013,1.0582139199434748,1.943237715917881,14.0,False,False
219.0,Brian Giles,4.99046586540221,51.089999999999996,198.0,27.42,165.0,44.23,195.0,37.37,-21.0,-54.0,-24.0,0.4642662316442528,0.5794823155152643,1.686337593133208,-0.3255701280941008,-0.7355331111055111,13.0,False,False
220.0,Minnie Miñoso,4.970640828840679,53.260000000000005,180.0,28.400000000000002,150.0,46.47,161.0,39.68,-40.0,-70.0,-59.0,0.8720392157969563,0.1212642329632519,0.2324478411363941,1.7152930101927937,-0.5503009291629218,12.0,True,False
221.0,Billy Williams,4.9493022082993825,63.65,107.0,27.06,169.0,52.5,113.0,41.349999999999994,-114.0,-52.0,-108.0,0.7758230918366936,1.0392669179146712,0.2638821093599534,-0.3886749354176609,-1.291815772973026,16.0,True,False
222.0,Dave Winfield,4.947303330697585,64.19999999999999,104.0,24.040000000000003,212.0,51.059999999999995,127.0,37.92,-118.0,-10.0,-95.0,0.4472590186490128,0.9192362952162382,0.2707465317380886,-0.2754721888843029,-0.900448367819521,20.0,True,False
223.0,Rudy York,4.9354090375808095,31.560000000000002,522.0,10.57,475.0,29.325000000000003,501.0,27.09,299.0,252.0,278.0,-0.0325069604742164,1.481998678003544,0.5312400875915779,-0.4559026541583988,-0.1344461004864284,11.0,False,False
224.0,Larry Doyle,4.931506547467197,44.65,279.0,21.03,256.0,37.315,318.0,29.98,55.0,32.0,94.0,0.647113065477287,0.9707335719068352,0.0488544966465954,0.2012689758335087,-0.6732015409240276,14.0,False,False
225.0,Frank Chance,4.923590123779198,46.730000000000004,246.0,29.299999999999997,137.0,41.24,235.0,35.75,21.0,-88.0,10.0,0.9119477884409176,0.4584665369330323,1.2814514503730106,2.384592807013141,-0.597171480312892,11.0,True,False
226.0,Zack Wheat,4.918618894176516,60.21999999999999,127.0,27.92,158.0,47.485,150.0,34.75,-99.0,-68.0,-76.0,0.773672289133731,0.5499429948090959,-0.6065054841541222,-0.5802240864036711,0.1238910606187933,18.0,True,False
227.0,Curtis Granderson,4.865786446700056,47.47,234.0,19.480000000000004,288.0,41.129999999999995,238.0,34.79,7.0,61.0,11.0,-0.5797251164353016,0.9193791972729238,0.8459599122441395,-0.0857791413357226,0.6506629226308094,14.0,False,False
228.0,Tony Gwynn,4.848201621557905,69.15,75.0,36.79,80.0,55.220000000000006,86.0,41.290000000000006,-153.0,-148.0,-142.0,2.187881535000937,-0.5836788267034924,-0.3989513361511027,0.195267789576555,-0.8554423157907718,18.0,True,False
229.0,Sam Thompson,4.832895929064609,44.37999999999999,284.0,22.509999999999994,228.0,38.779999999999994,283.0,33.18,55.0,-1.0,54.0,1.173924882091789,1.6188697717439486,-0.5801137792974811,-0.7642203394563265,-1.1550549840962652,12.0,True,False
230.0,Jimmy Williams,4.770776721909454,33.06,494.0,10.100000000000001,492.0,31.000000000000004,457.0,28.940000000000005,264.0,262.0,227.0,0.1110253363529042,1.0421505508322373,0.210081589482061,-0.6219692934316807,0.5546294797814242,11.0,False,False
231.0,Buddy Bell,4.767848209372168,66.33999999999999,92.0,32.64,118.0,53.419999999999995,105.0,40.5,-139.0,-113.0,-126.0,0.4346594764889367,-0.2015565896878384,-0.2027862799381735,-0.4971866898047326,1.2219686205719344,17.0,False,False
232.0,Roger Bresnahan,4.76181033562827,43.31,301.0,24.947999999999997,196.0,36.755,330.0,30.200000000000003,69.0,-36.0,98.0,0.4932477751498044,0.4979581414157148,2.031963513139552,0.3898771213225899,0.3124182721637643,13.0,True,False
233.0,Jose Bautista,4.760294138843664,36.779999999999994,420.0,12.689999999999998,428.0,37.47,314.0,38.160000000000004,187.0,195.0,81.0,-0.5601469184807549,1.2510282631412224,1.8845855604095751,-0.5117605451935354,-0.3198275732410711,13.0,False,False
234.0,Luis Aparicio,4.75562092840128,55.86,156.0,20.490000000000002,263.0,44.269999999999996,191.0,32.68,-78.0,29.0,-43.0,0.0688465101995126,-0.7168700430162585,-0.6532662008534786,2.488041437551988,1.0520900875606447,18.0,True,False
235.0,Dwight Evans,4.74229858810434,67.16000000000001,90.0,33.06,114.0,52.245000000000005,115.0,37.33,-145.0,-121.0,-120.0,0.0742791413086736,1.0507262949001497,1.2717434610901022,-0.7054273326500715,-0.6328411404856129,19.0,False,False
236.0,Billy Herman,4.732001446183565,57.41,145.0,29.020000000000003,143.0,47.58,148.0,37.74999999999999,-91.0,-93.0,-88.0,0.7052707615784001,-0.272119803707424,-0.1775323577438536,-0.4047549056846061,1.2565786960230352,13.0,True,False
237.0,Cupid Childs,4.725638358160759,44.15,291.0,22.110000000000003,233.0,39.980000000000004,263.0,35.81,54.0,-4.0,26.0,0.5235088455829162,-0.3498520789941791,1.6384760049163969,-0.3987262516135897,0.8275305525003988,12.0,False,False
238.0,Derek Jeter,4.692765399686155,71.29,63.0,29.879999999999995,132.0,56.82000000000001,77.0,42.35,-175.0,-106.0,-161.0,1.313488123429293,-0.3057097139641506,0.1060523178872232,0.5297297419094842,-1.0177763896040544,18.0,True,False
239.0,Torii Hunter,4.6905602798377135,50.64,201.0,16.41,350.0,40.715,248.0,30.79,-38.0,111.0,9.0,0.1850140571259071,0.3093877242128793,-0.6341760787333918,0.026087779419467,0.8805825544646148,17.0,False,False
240.0,Matt Williams,4.680042651807746,46.6,248.0,22.880000000000003,226.0,40.290000000000006,258.0,33.980000000000004,8.0,-14.0,18.0,-0.0176892480238726,1.106704181500176,-0.8676385030160277,-0.4165461529977496,0.8754256461882627,15.0,False,False
241.0,Kip Selbach,4.674876427676344,36.91,416.0,11.62,446.0,32.2,431.0,27.490000000000002,175.0,205.0,190.0,-0.0531614949291673,0.5251576710369131,0.9499845509841244,-0.0192003201060012,0.4413887871913887,13.0,False,False
242.0,Pee Wee Reese,4.656919743301888,68.44,81.0,33.66,108.0,55.22,87.0,42.0,-161.0,-134.0,-155.0,-0.0333299108625725,-0.3086386887875342,0.7584084848026293,1.6498720076334206,0.8010869841782381,15.0,True,False
243.0,Paul Hines,4.655659427625106,44.940000000000005,270.0,19.4109,290.0,35.690000000000005,355.0,26.44,27.0,47.0,112.0,0.7470749477472306,0.4508997046978479,-0.1578513762614262,-0.3819924976195908,0.2448836131242349,18.0,False,False
244.0,Travis Jackson,4.641130056787894,44.040000000000006,293.0,22.19,231.0,39.660000000000004,266.0,35.28,49.0,-13.0,22.0,0.0109301842077057,0.3941355428442598,-0.6657400447114803,-0.3943984727985314,1.744291361797868,13.0,True,False
245.0,Evan Longoria,4.567861147017556,58.93000000000001,136.0,30.86,127.0,50.615,131.0,42.3,-109.0,-118.0,-114.0,0.0684865687804454,0.7233078901582063,0.1250508910437402,-0.3158816779736053,0.4294316109758329,16.0,False,False
246.0,Herman Long,4.561536691681033,36.93,415.0,8.79,537.0,30.915,462.0,24.9,169.0,291.0,216.0,-0.1382300993281429,0.2494457533501159,-0.3113828956515001,0.515052090292133,0.924626240626828,15.0,False,False
247.0,Mike Griffin,4.548118062457989,40.87,344.0,20.619999999999997,261.0,34.725,377.0,28.580000000000005,97.0,14.0,130.0,0.1777474079936339,0.1492902008766793,0.8026995318815898,0.1768290589373898,1.2732206119011364,12.0,False,False
248.0,Victor Martinez,4.547243183364442,31.759999999999998,514.0,3.09,716.0,30.375,477.0,28.99,266.0,468.0,229.0,1.016665822685549,0.0200941329525639,0.0883895592191644,-0.5775450437094791,-0.1537845671341044,14.0,False,False
249.0,Carlos Delgado,4.539986125491131,44.36,285.0,15.57,364.0,39.42,272.0,34.480000000000004,36.0,115.0,23.0,0.2008380040562168,1.3695432676150174,0.7908613780604109,-0.5847167726215924,-0.899059723831382,13.0,False,False
250.0,Keith Hernandez,4.511281545649518,60.349999999999994,126.0,31.979999999999997,121.0,50.815,130.0,41.28,-124.0,-129.0,-120.0,0.8768391238589006,-0.0828834645309331,0.9888459437606774,-0.1955076489552064,-0.0366153206901292,15.0,False,False
251.0,Maury Wills,4.5041173217786294,39.68999999999999,364.0,10.630000000000003,473.0,34.644999999999996,379.0,29.6,113.0,222.0,128.0,0.8142709649856974,-1.2578437706088392,-0.6320133966730421,3.8706105857218462,0.6582132740467771,13.0,False,False
252.0,DJ LeMahieu,4.49413199127009,30.57,539.0,9.169999999999998,523.0,28.04,550.0,25.509999999999998,287.0,271.0,298.0,0.965540438510374,-0.706029659719871,0.0778955659928366,-0.1016395032724644,1.3194049407236828,13.0,False,False
253.0,Dave Parker,4.486447036297745,40.120000000000005,356.0,6.519999999999998,599.0,38.74,286.0,37.36,103.0,346.0,33.0,0.6894255012709485,0.707962653570427,-0.6792679616596232,-0.3404829925715532,-0.8380222805081035,18.0,True,False
254.0,Garry Maddox,4.478679684309563,36.80000000000001,419.0,14.770000000000001,379.0,33.605000000000004,400.0,30.41,165.0,125.0,146.0,0.4297486226660748,-0.1712748164929548,-1.2437984234691126,0.5855753365027819,1.8122520009467356,14.0,False,False
255.0,Charlie Blackmon,4.464731239535366,21.54,763.0,0.41999999999999904,791.0,20.154999999999998,791.0,18.769999999999996,508.0,536.0,536.0,1.1311413638572174,0.3206745181033285,-0.5040371804366361,0.2458640116782318,-0.3484060640791017,12.0,False,False
256.0,Anthony Rizzo,4.46435822684635,40.47000000000001,350.0,17.562500000000004,330.0,36.49000000000001,336.0,32.51,94.0,74.0,80.0,0.1997874715293094,0.5674686585601378,0.4443916026891555,-0.041852876276955,0.2990308625780039,13.0,False,False
257.0,Tony Fernandez,4.450920863899957,45.300000000000004,266.0,17.19,334.0,37.88,302.0,30.46,9.0,77.0,45.0,0.7208074854656139,-0.3208408985623053,-0.2218301840045607,0.3016914639767411,0.8723021785045031,15.0,False,False
258.0,Ichiro Suzuki,4.441276024440895,59.97,130.0,24.4451,201.0,51.82,119.0,43.67,-128.0,-57.0,-139.0,1.3920696343207573,-1.3011669872623728,-0.8818594552729496,1.5512046288708825,0.1822416023487765,17.0,True,False
259.0,J. D. Martinez,4.4182590173573075,30.780000000000005,536.0,8.100000000000001,553.0,30.1,483.0,29.42,277.0,294.0,224.0,0.8038191126467684,1.0540775898676658,-0.0134165795401697,-0.6609755660933042,-1.102119963697088,14.0,False,False
260.0,Pete Rose,4.415067443999916,79.61000000000001,40.0,29.099999999999998,140.0,62.25500000000001,45.0,44.9,-220.0,-120.0,-215.0,1.1474109741942835,-0.5175502729644031,0.2797877818892156,-0.1758132169126585,-0.6154223285942162,24.0,False,False
261.0,Bob Elliott,4.406792677127288,50.809999999999995,200.0,21.109999999999996,253.0,42.925,210.0,35.040000000000006,-61.0,-8.0,-51.0,0.3456677063401016,0.4655322947083713,0.4835634709210076,-0.3002899334283215,0.0729833677937483,14.0,False,False
262.0,Andy Van Slyke,4.398841904402686,41.34,339.0,20.229999999999997,270.0,37.13,322.0,32.92,77.0,8.0,60.0,0.1514008320367351,0.4090404511229483,0.3996683706410867,0.3969204828602831,0.6288653325963217,13.0,False,False
263.0,Juan Gonzalez,4.39157773075004,38.68,378.0,13.700000000000001,402.0,33.935,392.0,29.19,115.0,139.0,129.0,0.6942067323575118,1.652443923123038,-0.8641639259912617,-0.9584542312626254,-0.6815276562134014,13.0,False,False
264.0,Ed Williamson,4.359416414795884,35.699999999999996,437.0,17.6708,327.0,32.144999999999996,432.0,28.589999999999996,173.0,63.0,168.0,-0.165110154268939,0.9586493722651004,1.6229450637578366,-0.6656713613235781,0.1188096446505366,13.0,False,False
265.0,Harry Davis,4.356190739666942,38.46999999999999,387.0,10.97,465.0,33.345,406.0,28.22,122.0,200.0,141.0,0.1255668123554129,1.403039305203741,0.022479856000197,0.0737639044987375,-0.7397550627660042,14.0,False,False
266.0,Jeff Heath,4.327622707240124,37.63,404.0,19.66,284.0,33.620000000000005,399.0,29.610000000000007,138.0,18.0,133.0,0.3456471772109374,1.5690851444697431,0.250441038271301,-0.0973262307732414,-0.4291524821142634,10.0,False,False
267.0,Christian Yelich,4.316233910097884,44.97,268.0,22.07,235.0,39.47,271.0,33.96999999999999,1.0,-32.0,4.0,0.9162609782996616,0.1538352214350396,1.0251540811143716,0.7758237869711596,-0.907145104299558,13.0,False,False
268.0,Alfonso Soriano,4.31541783636448,28.55,590.0,2.0899999999999994,743.0,28.085,548.0,27.62,322.0,475.0,280.0,0.0311714188657916,1.2116995445218095,-0.7891819297099675,0.9147444623469898,-0.7125492100588406,14.0,False,False
269.0,Willie Wilson,4.314887716859966,46.12,255.0,20.07,275.0,40.05,261.0,33.980000000000004,-14.0,6.0,-8.0,0.523337366865074,-0.9817141679418994,-1.135671989899795,2.136742115857572,1.5448810301748497,16.0,False,False
270.0,Adam Jones,4.278709558478932,32.46,505.0,6.39,605.0,28.995,518.0,25.53,235.0,335.0,248.0,0.4430117823393287,0.2568124672594503,-1.339605160781602,-0.4162720547288311,1.466559388418706,12.0,False,False
271.0,Dick Bartell,4.269158549245376,41.39,338.0,13.12,416.0,35.735,353.0,30.080000000000002,67.0,145.0,82.0,-0.0435844963986582,-0.2505400518792887,-0.1293583641328102,-0.0242309207928845,1.997890321517807,16.0,False,False
272.0,Johnny Damon,4.259146953517545,56.33,152.0,19.360000000000003,292.0,44.64,187.0,32.949999999999996,-120.0,20.0,-85.0,0.3517002367274977,-0.3601918155713539,-0.0220526938851826,0.9781630174012158,0.4880499206358736,18.0,False,False
273.0,Brooks Robinson,4.25167177960071,78.32000000000001,43.0,39.58,63.0,62.05500000000001,47.0,45.79,-230.0,-210.0,-226.0,0.229937006287502,-0.0593995592005688,-0.5364480813392091,-0.5845616581932186,1.0757529176726452,19.0,True,False
274.0,George Foster,4.243324788127053,44.199999999999996,289.0,18.42,309.0,40.519999999999996,252.0,36.84,15.0,35.0,-22.0,0.1338478181238744,1.2490665711521125,-0.0839674405380593,-0.7547709090997126,-0.5984812728641181,14.0,False,False
275.0,Alex Bregman,4.220883177052869,47.28,235.0,28.25,154.0,42.775,212.0,38.269999999999996,-40.0,-121.0,-63.0,0.6145511318304353,0.6036496983240303,0.9713685357724304,-0.2837546419163219,0.3149905090829311,9.0,False,False
276.0,Pedro Guerrero,4.220675092294529,34.45,463.0,13.92,398.0,33.2,415.0,31.950000000000003,187.0,122.0,139.0,1.1374458326802124,0.6933383854418923,0.3584374914918258,-0.200217557472686,-0.8719577320677132,10.0,False,False
277.0,Bobby Bonilla,4.198282266816898,30.240000000000002,547.0,3.9901000000000004,670.0,28.83,523.0,27.419999999999998,270.0,393.0,246.0,0.3701639370099274,0.738415742655739,0.5337880859468962,-0.72344724657968,-0.3360570238021031,14.0,False,False
278.0,Will Clark,4.19107515960803,56.48,150.0,29.109999999999996,139.0,46.28,165.0,36.080000000000005,-128.0,-139.0,-113.0,0.9434041102206182,0.5053454064970261,0.3865752995214016,-0.3457481007419606,-0.749986288737918,15.0,False,False
279.0,Jose Canseco,4.188245180846973,42.35,315.0,15.1453,372.0,35.980000000000004,347.0,29.61,36.0,93.0,68.0,-0.2156928815891247,1.5042289132134306,0.5038504333226215,0.1050722323841328,-0.8569745004196229,16.0,False,False
280.0,Xander Bogaerts,4.1872171492138754,43.370000000000005,300.0,18.28,315.0,38.855000000000004,282.0,34.339999999999996,20.0,35.0,2.0,0.9741909733322068,0.0231687999607902,0.1528824769247201,-0.0515383596807858,-0.0493396826566073,12.0,False,False
281.0,Tony Perez,4.15926918725493,53.94,175.0,17.96,322.0,45.185,181.0,36.43,-106.0,41.0,-100.0,0.4790259551220709,0.8169238971271606,-0.2593325732503713,-0.4608527761933494,-0.6660665573919233,21.0,True,False
282.0,Gil Hodges,4.126372397562921,43.839999999999996,296.0,12.700000000000001,427.0,38.72,287.0,33.6,14.0,145.0,5.0,0.0097963813098639,1.1199149754380655,0.4374087192441178,-0.0126534963650725,-0.4899423444968369,14.0,True,False
283.0,Jack Fournier,4.126313775535836,41.14000000000001,340.0,20.4173,266.0,37.955000000000005,300.0,34.77,57.0,-17.0,17.0,0.5931078899813078,1.085334244779821,0.55843304794298,-0.0030950466651191,-0.65143222055321,11.0,False,False
284.0,Jason Giambi,4.125732009190578,50.49999999999999,204.0,19.550000000000004,286.0,46.33,164.0,42.160000000000004,-80.0,2.0,-120.0,0.1076870073518825,0.9850996596378508,1.5811078557950151,-0.6082380037697656,-1.1976242724016457,17.0,False,False
285.0,Lou Brock,4.115391702056537,45.34,265.0,8.38,545.0,38.68000000000001,288.0,32.02,-20.0,260.0,3.0,0.7986135219375983,-0.4153734389694585,-0.6721976612408691,3.742016331657068,-1.1853123966260093,18.0,True,False
286.0,Dave Concepcion,4.102786302006305,40.13000000000001,355.0,8.373400000000002,547.0,35.005,370.0,29.88,69.0,261.0,84.0,0.1461309537629656,-0.4184773645644747,-0.1829298780928839,0.5615483956292826,0.8025028437365996,19.0,False,False
287.0,Garry Templeton,4.100959238451839,27.85,612.0,0.78,776.0,25.78,614.0,23.71,325.0,489.0,327.0,0.2523654373514976,-0.3973434578144593,-1.0764931057717742,0.2814235679314981,1.3490735600319903,16.0,False,False
288.0,Javy Lopez,4.080210177149345,29.66,561.0,11.330000000000002,451.0,27.275,568.0,24.89,273.0,163.0,280.0,0.539410599638295,0.643074900419557,-0.7529284890742269,-0.5734838349121408,0.8121928866774711,13.0,False,False
289.0,Brian McCann,4.078848431132763,31.589999999999996,521.0,9.770000000000001,503.0,28.014999999999997,552.0,24.439999999999998,232.0,214.0,263.0,0.0733886451618247,0.5805292395088361,0.26783002928888,-0.3780221686343592,0.8861259416419384,15.0,False,False
290.0,Jacoby Ellsbury,4.059301380600772,30.959999999999994,531.0,12.86,422.0,29.374999999999993,500.0,27.789999999999996,241.0,132.0,210.0,0.6047692561126214,-0.4748472833766298,-0.3288783564685728,2.2804603570263784,0.9433812111133354,9.0,False,False
291.0,Eric Chavez,4.05131573044527,38.25000000000001,393.0,16.44,347.0,34.68000000000001,378.0,31.11,102.0,56.0,87.0,-0.0582465248230294,0.7558955773565144,0.4489699465829088,-0.2623620849218486,0.94110691521428,11.0,False,False
292.0,Paul Blair,4.047208280491486,37.74,402.0,14.71,384.0,36.550000000000004,334.0,35.36000000000001,110.0,92.0,42.0,-0.3868177827342759,-0.073419063939206,-0.6438829667065441,0.474816177332341,2.2425771628154383,12.0,False,False
293.0,Jose Reyes,4.04029827824694,36.989999999999995,414.0,12.7022,426.0,33.165,416.0,29.34,121.0,133.0,123.0,0.5252835147816843,-0.0687055508409318,-0.2721589793115687,2.386281375331371,-0.3051985306832687,15.0,False,False
294.0,Pie Traynor,4.039115033178664,38.669999999999995,379.0,11.87,442.0,32.839999999999996,426.0,27.009999999999998,85.0,148.0,132.0,0.7622022100166075,-0.0526294228259423,-0.7702509203156531,0.1624300661628491,0.6956541722694229,14.0,True,False
295.0,Robin Ventura,3.9964788465464354,56.099999999999994,154.0,28.5155,149.0,47.375,154.0,38.650000000000006,-141.0,-146.0,-141.0,-0.0994623654648126,0.302302846024612,1.0842337226200478,-0.5967659368462453,0.8277875776631383,14.0,False,False
296.0,Rabbit Maranville,3.9930114848486498,44.19,290.0,8.250000000000002,552.0,37.39,315.0,30.589999999999996,-6.0,256.0,19.0,-0.587043987140912,-0.3649293420777935,-0.2096088077805308,0.1662962648996471,2.0185615462976876,19.0,True,False
297.0,Marcus Semien,3.989340020266474,49.71999999999999,212.0,25.560000000000002,191.0,45.345,179.0,40.97,-85.0,-106.0,-118.0,-0.0919904211362363,0.3952835004029,0.3049123244045363,0.142253529818476,0.9247420101385274,12.0,False,False
298.0,Stan Hack,3.989336788339008,54.95,167.0,26.96,170.0,46.08,169.0,37.21,-131.0,-128.0,-129.0,0.6887181200464926,-0.4350157900206149,1.0221432404879969,0.6052332656887086,0.1514584697970252,14.0,False,False
299.0,Ken Caminiti,3.983063770062104,33.47,483.0,11.32,453.0,31.645,442.0,29.82,184.0,154.0,143.0,0.1046952781379544,0.3313572094201245,0.3011091059104347,-0.1633103531447873,0.5434365909544098,14.0,False,False
300.0,Jud Wilson,3.9586078981736783,35.06,448.0,23.9,215.0,29.235000000000003,505.0,23.410000000000004,148.0,-85.0,205.0,1.8391245756611392,0.9807586947503676,0.4389204628791652,1.204267819185826,-0.5441526446909911,11.0,True,True
301.0,Rick Monday,3.957739990484407,33.14,491.0,9.650000000000002,509.0,28.03,551.0,22.92,190.0,208.0,250.0,-0.1320258217192592,0.7889687030258012,1.0982069783389616,-0.2355468016448131,0.3116130356417068,15.0,False,False
302.0,Wally Schang,3.952330530474752,48.32,222.0,23.209999999999997,220.0,38.230000000000004,293.0,28.14,-80.0,-82.0,-9.0,0.2605079705344973,0.4605361235767866,1.5799224903004394,-0.1058435404091578,0.4623642368911528,16.0,False,False
303.0,Heinie Zimmerman,3.9436581621037927,33.169999999999995,490.0,14.680000000000001,385.0,31.244999999999997,452.0,29.32,187.0,82.0,149.0,0.7655936605006264,1.1120932174141025,-1.2401410118209837,-0.2373086131442828,0.0479039461568698,10.0,False,False
304.0,Bill Terry,3.942007333822633,56.459999999999994,151.0,33.56,110.0,49.86,134.0,43.260000000000005,-153.0,-194.0,-170.0,1.2220795565091989,0.343515932534281,-0.4168160483200719,-0.4492046338914862,-0.2766217587476273,12.0,True,False
305.0,Dolph Camilli,3.9367414972694847,42.98,304.0,21.349999999999998,248.0,41.43,233.0,39.88,-1.0,-57.0,-72.0,-0.3049531185094807,1.309343297584619,1.500399771984027,-0.1630753454480006,-0.6293816625919274,11.0,False,False
306.0,Adrian Gonzalez,3.9262584183816625,43.64,297.0,18.369999999999997,312.0,39.18,277.0,34.72,-9.0,6.0,-29.0,0.7242405472372864,0.4778780301651992,0.1518623047188791,-0.5626802287771836,-0.1503095633324912,12.0,False,False
307.0,Tony Lazzeri,3.923841446997261,47.49,233.0,20.49,264.0,40.75,247.0,34.01,-74.0,-43.0,-60.0,0.0147356483903431,0.8577629164613776,0.9060342425929614,0.431035277676993,-0.3298369661257103,12.0,True,False
308.0,Billy Werber,3.921151397034277,25.749999999999996,670.0,5.939999999999999,617.0,24.47,656.0,23.189999999999998,362.0,309.0,348.0,-0.3885728821331166,-0.0557081465029406,0.8127273122828355,2.0955517353063686,0.953168687488553,10.0,False,False
309.0,Lance Parrish,3.920843007188775,39.48,366.0,13.7,403.0,33.915,393.0,28.35,57.0,94.0,84.0,-0.2975751214356337,1.0095795337668476,-0.3067626743476224,-0.4462160256466413,0.8077986435195097,16.0,False,False
310.0,Vinny Castilla,3.9177528267283033,19.349999999999998,832.0,-3.289999999999999,890.0,20.075,793.0,20.8,522.0,580.0,483.0,0.0549867170777889,0.532462327003847,-0.9641876908796176,-0.540138436659058,0.720427080475131,13.0,False,False
311.0,Derrek Lee,3.904899671299513,34.580000000000005,459.0,10.44,478.0,30.950000000000003,459.0,27.319999999999997,148.0,167.0,148.0,0.2805977893951186,0.5686793277875579,0.2972253370688972,0.1330385445078588,-0.3522115518730546,14.0,False,False
312.0,Carl Crawford,3.892951349331916,39.16,371.0,14.390000000000002,391.0,35.71,354.0,32.260000000000005,59.0,79.0,42.0,0.714472205810921,-0.3400984843908007,-1.0842633643559332,2.7637382133249786,0.0346901332743142,12.0,False,False
313.0,Dwayne Murphy,3.870408725177518,33.239999999999995,489.0,16.61,344.0,31.544999999999998,446.0,29.85,176.0,31.0,133.0,-0.825265357704327,0.236954184217378,1.6385506771855798,-0.2500186726018563,2.6343443537506137,9.0,False,False
314.0,Matt Kemp,3.8530517135440014,21.639999999999997,760.0,0.02999999999999725,799.0,22.599999999999998,708.0,23.56,446.0,485.0,394.0,0.6891731706788219,0.719098642962372,-0.3776130324451051,0.3101576324314041,-0.5306621033914057,12.0,False,False
315.0,Tim Salmon,3.8522455417006287,40.589999999999996,349.0,16.05,354.0,36.114999999999995,344.0,31.64,34.0,39.0,29.0,0.2161644524032171,0.7012847709579888,1.1744912818774955,-0.7662143343045175,-0.2384677087882278,13.0,False,False
316.0,Buddy Myer,3.845619367747714,48.28999999999999,223.0,19.030000000000005,297.0,40.31999999999999,255.0,32.349999999999994,-93.0,-19.0,-61.0,0.4249311839568387,-0.3027101665223568,0.8995680764415843,0.3354996017341952,0.4611829137028704,15.0,False,False
317.0,Bill Freehan,3.8103094548255743,44.739999999999995,277.0,21.159999999999997,251.0,39.23,275.0,33.72,-40.0,-66.0,-42.0,0.1519968050012904,0.4251207509108645,0.0703461980392825,-0.3815186365258082,0.8134575176231207,14.0,False,False
318.0,Elvis Andrus,3.8022521546650863,34.529999999999994,461.0,5.499999999999999,629.0,30.729999999999997,469.0,26.93,143.0,311.0,151.0,0.2940212633154387,-0.9121273835771584,-0.2413640532839294,1.2151925330751896,1.4701998369646765,14.0,False,False
319.0,Baby Doll Jacobson,3.797444628322857,29.24,571.0,5.769999999999998,622.0,28.185,545.0,27.13,252.0,303.0,226.0,0.3274461959296935,0.3463554338461843,-0.7619478617950735,-0.5784107139415141,1.0402567763144952,11.0,False,False
320.0,Babe Herman,3.791030717814367,39.5,365.0,19.17,294.0,35.379999999999995,361.0,31.259999999999998,45.0,-26.0,41.0,0.6448522222091383,1.1355658566157538,-0.0465609575574535,-0.0373708526249778,-0.8672679747558282,11.0,False,False
321.0,Al Oliver,3.7877154340188186,43.63999999999999,298.0,11.850000000000001,443.0,35.864999999999995,350.0,28.090000000000003,-23.0,122.0,29.0,1.0880605612995735,0.1577998665374148,-1.0464096532439733,-0.5095681312392999,-0.1398832496770163,17.0,False,False
322.0,Matt Holliday,3.783511213559278,44.44,282.0,19.919999999999998,279.0,39.375,273.0,34.309999999999995,-40.0,-43.0,-49.0,1.0253525635532956,0.8313615247590384,0.4481160009538993,-0.317085532661639,-1.600081894155004,14.0,False,False
323.0,J. T. Realmuto,3.7823854233238574,39.23,370.0,20.2,271.0,34.515,382.0,29.8,47.0,-52.0,59.0,0.6857540337016027,0.1735410331381505,-0.6256044605668987,0.5387068810175814,1.017372193716482,10.0,False,False
324.0,Troy Glaus,3.782085605861619,38.059999999999995,400.0,16.58,345.0,35.474999999999994,358.0,32.88999999999999,76.0,21.0,34.0,-0.5381520378430033,1.111270978004728,1.299692316091392,-0.2110009784362965,0.2352583159450404,11.0,False,False
325.0,Ryan Zimmerman,3.7714120480408466,40.11,357.0,17.54,331.0,35.655,356.0,31.199999999999996,32.0,6.0,31.0,0.3611958484273981,0.5314467914110717,-0.0247626027006127,-0.3965582204795401,0.2213624146509021,14.0,False,False
326.0,Doug DeCinces,3.767725648129397,41.739999999999995,329.0,20.300000000000004,269.0,36.544999999999995,335.0,31.349999999999998,3.0,-57.0,9.0,-0.2678452454329311,0.8501917714325776,0.1719215259588616,-0.3693462214101937,0.7909356225063234,12.0,False,False
327.0,Jay Bell,3.763834346605058,37.16,410.0,11.330000000000002,451.0,34.4,385.0,31.64,83.0,124.0,58.0,-0.0369373234460269,0.2517741283265516,0.3635400571169047,-0.5014023760974375,0.7565769451172639,14.0,False,False
328.0,Joe Sewell,3.7616437112405663,54.86000000000001,168.0,23.359999999999996,219.0,46.190000000000005,167.0,37.52,-160.0,-109.0,-161.0,0.5371547571726255,-0.2355452698370586,0.6281640973316673,-0.556688179653914,0.729371186727456,13.0,True,False
329.0,Carlos Correa,3.759494241687487,47.01,240.0,28.83,145.0,42.705,214.0,38.4,-89.0,-184.0,-115.0,0.6000331301203305,0.495173481056982,0.7808382633881701,-0.7399445634927079,0.1692246325685164,11.0,False,False
330.0,Joe Tinker,3.746526674031842,52.64999999999999,187.0,29.970000000000002,131.0,42.47999999999999,220.0,32.309999999999995,-143.0,-199.0,-110.0,-0.0118333211509856,0.3410651467018052,-0.5954884320369754,0.4992590111000584,0.9598580313493288,13.0,True,False
331.0,Heinie Groh,3.740594387524345,47.68,231.0,25.259999999999998,194.0,41.185,237.0,34.69,-100.0,-137.0,-94.0,0.520664867228819,0.1153058835003615,0.6574284860549172,-0.1395661689387792,0.1315044102220266,12.0,False,False
332.0,Jack Clark,3.716743648723914,53.080000000000005,183.0,25.75,189.0,42.26500000000001,222.0,31.450000000000006,-149.0,-143.0,-110.0,-0.0855798502994487,1.1782375019042644,1.886494422778528,-0.4964819487929064,-1.0728512780878987,16.0,False,False
333.0,Graig Nettles,3.6694193100267656,67.97,85.0,32.779999999999994,116.0,55.16,88.0,42.35,-248.0,-217.0,-245.0,-0.5557787224528791,0.6580402462842728,0.405207505730764,-0.5863303323673318,0.9401172178422712,19.0,False,False
334.0,Bobby Thomson,3.6623710855787097,33.78,476.0,7.050000000000001,583.0,30.645,471.0,27.509999999999998,142.0,249.0,137.0,-0.1827945724910184,0.7589911269818119,-0.6042043219956578,-0.3561153566962789,0.7522591620575543,12.0,False,False
335.0,George Van Haltren,3.658332871087828,40.059999999999995,358.0,6.870499999999999,590.0,32.144999999999996,432.0,24.230000000000004,23.0,255.0,97.0,0.6780113712450363,0.0023214815665842,0.2286912503632155,0.4215354793384719,-0.1924152771526163,15.0,False,False
336.0,Michael Young,3.635982457434936,24.67,695.0,-4.62,918.0,23.050000000000004,700.0,21.430000000000003,359.0,582.0,364.0,1.0135389308472396,-0.2298577793764748,-0.5034837313607277,-0.3310920098293619,0.2183477652675246,13.0,False,False
337.0,Cool Papa Bell,3.629038955285832,36.07,431.0,17.7732,325.0,28.62,531.0,21.17,94.0,-12.0,194.0,0.7716357813865825,-0.1094811617366375,0.3540261148674387,2.667219071811213,-0.2619159221924925,14.0,True,True
338.0,Ron Cey,3.62119622418386,53.709999999999994,177.0,26.15,184.0,45.38999999999999,178.0,37.06999999999999,-161.0,-154.0,-160.0,-0.1908556656388198,0.8838404259324172,0.8646453032491442,-0.6001532322281031,0.1090916578398165,14.0,False,False
339.0,Earle Combs,3.608656673003055,44.93999999999999,271.0,21.459999999999997,247.0,40.52499999999999,251.0,36.11,-68.0,-92.0,-88.0,0.5658124322718711,-0.0345712464401645,0.5510811949331628,-0.1591076505917282,0.6599396802648914,11.0,True,False
340.0,Sam West,3.592226385742173,32.5,504.0,7.569999999999999,565.0,28.63,530.0,24.759999999999998,164.0,225.0,190.0,0.1510264042386895,-0.1514886257135931,0.2677439209067483,-0.5057066997666791,1.586731935524932,12.0,False,False
341.0,Ernie Lombardi,3.5919729040669988,37.57,405.0,15.91,357.0,30.745,467.0,23.92,64.0,16.0,126.0,0.8012865385155818,0.636229818029711,-0.6818211026580839,-0.7350661978425432,0.4745035453069189,15.0,True,False
342.0,Prince Fielder,3.586834976917018,23.57,712.0,1.8800000000000012,749.0,24.13,669.0,24.689999999999998,370.0,407.0,327.0,0.4771096474104765,0.9303413026919208,0.9819530300763594,-0.4524533516772706,-1.041507529645228,10.0,False,False
343.0,Chick Hafey,3.578908345107337,31.21,529.0,14.439999999999998,389.0,29.630000000000003,494.0,28.050000000000004,186.0,46.0,151.0,0.4543337443080528,1.1276918285363224,-0.3554119107864358,-0.1933988850666592,-0.2597018499127049,11.0,True,False
344.0,George Springer,3.57693952945415,42.4,311.0,20.39,267.0,37.55499999999999,313.0,32.709999999999994,-33.0,-77.0,-31.0,0.3586942033891587,0.7024442246465118,0.6207317469477485,0.0247957320577059,-0.4312667776136256,12.0,False,False
345.0,Ed Konetchy,3.5758776146141455,48.580000000000005,219.0,20.135300000000004,273.0,40.635000000000005,250.0,32.69,-126.0,-72.0,-95.0,0.2271260672491776,0.8423668389143903,0.0991967020758867,-0.1938662964581647,-0.5890929521185908,15.0,False,False
346.0,Jim Fregosi,3.5710422599547194,48.71,218.0,24.459999999999997,200.0,44.825,184.0,40.94,-128.0,-146.0,-162.0,0.2964621995782496,0.2766121223713872,0.2266734085352994,-0.2842630021842208,0.4688611131673953,13.0,False,False
347.0,Carlos Gonzalez,3.5517570789181785,24.5,696.0,7.100000000000001,581.0,24.175,666.0,23.85,349.0,234.0,319.0,0.7571787187185282,1.027083771494969,-0.1957243731948156,0.0997122538087065,-0.9648826488036129,11.0,False,False
348.0,Aramis Ramirez,3.549550976452128,32.34,509.0,4.900000000000002,646.0,30.895,464.0,29.449999999999996,161.0,298.0,116.0,0.5018248978900093,0.7746852563105957,-0.4862635465618985,-0.5628671550776873,-0.5432398778858294,17.0,False,False
349.0,Devon White,3.5429228658008576,47.25,236.0,21.49,246.0,41.379999999999995,234.0,35.51,-113.0,-103.0,-115.0,-0.3086614461700658,-0.0022250609724099,-0.7349407526821399,0.753123196531095,1.6364817075242188,14.0,False,False
350.0,Sam Wise,3.530271992329895,20.259999999999998,803.0,3.4899999999999998,698.0,18.849999999999998,822.0,17.439999999999998,453.0,348.0,472.0,0.1370054324003247,0.6978228559035533,-0.0432753202484043,-0.0462899840930004,0.4245477874234101,11.0,False,False
351.0,Julio Franco,3.5128981923858182,43.56,299.0,12.28,435.0,37.155,321.0,30.75,-52.0,84.0,-30.0,1.0566227033802216,-0.3368275208338709,0.1158818086695726,0.4015316690608584,-0.3018825118891552,17.0,False,False
352.0,Darryl Strawberry,3.5042899563645635,42.150000000000006,319.0,20.89,258.0,38.49,289.0,34.83,-33.0,-94.0,-63.0,-0.2158187174060656,1.910215668845263,1.1503608382216295,0.4323880434725515,-1.4606420720254116,11.0,False,False
353.0,Bob Allison,3.492072987219382,34.099999999999994,469.0,15.290000000000003,368.0,32.03999999999999,435.0,29.979999999999997,116.0,15.0,82.0,-0.3829722223833894,1.185672807635911,1.4191391746129318,0.0731136233204571,-0.2322272870938578,11.0,False,False
354.0,Hal Trosky,3.4811976818306496,29.68,559.0,10.34,481.0,28.700000000000003,528.0,27.720000000000002,205.0,127.0,174.0,0.3788895404384853,1.2697693569026451,-0.0322971935349401,-0.503620848002849,-0.8029672263197364,10.0,False,False
355.0,Bill Mazeroski,3.4608010284384463,36.53,424.0,5.039999999999999,640.0,31.235,454.0,25.94,69.0,285.0,99.0,-0.0499810841793488,-0.2574618495341798,-0.9482010338490922,-0.6323550987745231,2.1966468400225194,16.0,True,False
356.0,Johnny Pesky,3.4483568460144243,34.05,471.0,18.6,306.0,33.595,401.0,33.13999999999999,115.0,-50.0,45.0,1.1029600344454218,-0.7539427114601464,0.4915636950062816,-0.0991873598183394,0.9475523253401028,9.0,False,False
357.0,Ginger Beaumont,3.434907569808892,30.96,530.0,10.32,482.0,28.854999999999997,521.0,26.749999999999993,173.0,125.0,164.0,0.928265818390561,-0.1124034013011929,-0.25972079418178,0.0581215766687832,0.2565402198862985,12.0,False,False
358.0,Curt Flood,3.423813671056176,41.89,324.0,16.82,341.0,37.334999999999994,317.0,32.779999999999994,-34.0,-17.0,-41.0,0.8494228849344873,-0.8985589189086518,-0.8000995325434662,-0.0829226042803186,1.9123860564035944,12.0,False,False
359.0,Mike Tiernan,3.403019068218713,41.46,336.0,18.672,304.0,37.07,324.0,32.68,-23.0,-55.0,-35.0,0.5744060598543688,1.2511278651820286,0.5890988725169959,0.0900395692716778,-1.8662252574708669,12.0,False,False
360.0,Walker Cooper,3.402860277143787,27.210000000000004,629.0,8.309999999999999,549.0,24.965000000000003,638.0,22.72,269.0,189.0,278.0,0.5560927897277712,1.0219789304043632,-1.170633907827328,-0.458502654110171,0.5476048990098701,11.0,False,False
361.0,Edwin Encarnacion,3.3379325600497856,35.26,444.0,8.059999999999999,554.0,31.224999999999998,455.0,27.189999999999998,83.0,193.0,94.0,-0.0564865313274399,1.1797358459689598,0.7327768888747204,-0.261451404566289,-0.8024534028982485,15.0,False,False
362.0,Rico Carty,3.333487877549248,32.58,503.0,10.39,479.0,30.045,486.0,27.51,141.0,117.0,124.0,1.0002084601315644,0.4301358805521525,0.3573192972235541,-0.6826016397472628,-0.8502399234850981,13.0,False,False
363.0,Sam Chapman,3.3291102363834497,17.029999999999998,878.0,-0.34999999999999987,807.0,16.924999999999997,876.0,16.819999999999997,515.0,444.0,513.0,-0.5074003673184776,0.523923338789792,-0.0609987004348853,-0.3316105505413018,1.686591247512692,10.0,False,False
364.0,Bobby Murcer,3.3256864842649163,32.08,512.0,6.1899999999999995,612.0,30.950000000000003,459.0,29.820000000000004,148.0,248.0,95.0,0.2772733086488365,0.5288990924593324,0.618245456657215,-0.1753619575750464,-0.5171666750448624,12.0,False,False
365.0,Toby Harrah,3.3241484307402764,51.43000000000001,195.0,22.24,230.0,43.405,204.0,35.379999999999995,-170.0,-135.0,-161.0,-0.0007105066758344,0.1393440239655727,1.2953398403491454,0.3277597102631119,-0.2279599253129914,16.0,False,False
366.0,Matt Olson,3.3219929131460724,43.95,294.0,25.4,193.0,40.295,256.0,36.64,-72.0,-173.0,-110.0,0.1468227722608139,1.3304791468077986,0.847199207484893,-0.5533972401641502,-0.5169249449457572,9.0,False,False
367.0,George Kell,3.3144579987130323,37.57,405.0,15.180000000000001,371.0,32.895,423.0,28.220000000000002,38.0,4.0,56.0,1.0687490712489816,-0.4485810474848037,-0.5938533234898926,-0.2738509061410218,0.4726520878186021,14.0,True,False
368.0,Magglio Ordonez,3.3132984777072347,38.79,375.0,11.369999999999997,449.0,35.435,359.0,32.08,7.0,81.0,-9.0,1.1344103698022994,0.3145425935663167,-0.2286361881988015,-0.436709986478575,-0.9043507796955544,14.0,False,False
369.0,Rocky Colavito,3.310667475521025,44.84,273.0,21.5701,244.0,40.22500000000001,260.0,35.61000000000001,-96.0,-125.0,-109.0,-0.1097140126571536,1.1375606727245422,1.1039534145350662,-0.7822428129147615,-0.6803283992943574,13.0,False,False
370.0,Eric Young,3.2981672478437982,18.800000000000004,846.0,-2.03,855.0,17.790000000000003,852.0,16.78,476.0,485.0,482.0,0.3317791095363152,-0.6594807742924185,0.1404657820018931,2.4376777910785505,0.54357854223005,12.0,False,False
371.0,Don Mattingly,3.2947938662598686,42.36999999999999,314.0,17.59,328.0,39.05,280.0,35.73,-57.0,-43.0,-91.0,1.2058124236013643,0.218724629365403,-0.616684496618535,-0.6081581947420083,-0.830948245253292,13.0,False,False
372.0,Jose Valentin,3.28572813747541,31.62,520.0,10.450000000000001,477.0,28.384999999999998,537.0,25.15,148.0,105.0,165.0,-0.87914366843835,0.8706021736234626,0.354863860681097,0.1893650331108572,1.4604155074956258,12.0,False,False
373.0,Steve Finley,3.284525446064438,44.24,288.0,12.233,437.0,38.14,295.0,32.04,-85.0,64.0,-78.0,-0.0959801232206657,0.0791641132072682,-0.3664052323840915,0.3480891745972612,0.7047908332315808,18.0,False,False
374.0,Andres Galarraga,3.279646723619091,31.700000000000003,517.0,3.6199999999999997,691.0,29.060000000000002,515.0,26.419999999999998,143.0,317.0,141.0,0.4522500825297655,0.6849956631472163,-0.9921599713624027,-0.0439990638656321,-0.7884460876155821,17.0,False,False
375.0,Smoky Burgess,3.2790930172599007,33.260000000000005,487.0,14.21,393.0,28.340000000000003,539.0,23.419999999999998,112.0,18.0,164.0,1.087359140896423,0.1839113924610811,-0.0647165481624877,-0.4150244236675793,0.5486874754220528,13.0,False,False
376.0,Bill Bradley,3.2665776636393273,36.58,422.0,14.4192,390.0,35.394999999999996,360.0,34.21,46.0,14.0,-16.0,0.0899471432426262,0.4565247327917283,-0.6858887902998644,-0.2940588648229879,0.2704910412231375,12.0,False,False
377.0,Dustin Pedroia,3.2541365973169025,51.83,191.0,29.380000000000003,135.0,46.385,163.0,40.94,-186.0,-242.0,-214.0,1.1329372924284953,-0.1401942912245175,0.3621411552771827,0.1487427978698325,-0.2806166820064195,11.0,False,False
378.0,Jeff Cirillo,3.241011713828767,34.529999999999994,461.0,14.819500000000003,377.0,32.525,430.0,30.520000000000003,83.0,-1.0,52.0,0.7996830970547382,-0.5618101483628132,-0.0153451353236327,-0.1784010057052884,0.7760717251340603,12.0,False,False
379.0,Elmer Smith,3.24049767571584,42.56,309.0,19.5542,285.0,40.435,253.0,38.31,-70.0,-94.0,-126.0,0.4263060288069758,0.5510397447547803,0.8796907537085168,-0.2829744683505658,-0.182963220106308,9.0,False,False
380.0,Lloyd Moseby,3.2349302846989394,27.489999999999995,622.0,6.470000000000001,601.0,26.58,586.0,25.669999999999998,242.0,221.0,206.0,-0.4089394920403974,0.2284386118295983,0.1671549729355021,0.6184295222873009,0.8506286032610635,12.0,False,False
381.0,Bert Campaneris,3.229682804937204,53.06,184.0,21.303700000000003,249.0,44.900000000000006,183.0,36.74,-197.0,-132.0,-198.0,0.0305833850586989,-0.4890915949950722,-0.5835273000300225,2.8172767903650193,0.3504565165532307,17.0,False,False
382.0,George Burns,3.228300961622512,39.34,369.0,14.12,394.0,35.94,348.0,32.54,-13.0,12.0,-34.0,0.0497384679879999,-0.1638338771601593,0.7411989464309487,0.9016853585028338,0.157412255714254,13.0,False,False
383.0,Anthony Rendon,3.221920300778284,34.15999999999999,466.0,18.54,308.0,33.38499999999999,405.0,32.61,83.0,-75.0,22.0,0.7418197141921845,0.3306795697212628,0.6919772682924635,-0.1400580260786783,-0.1091433920792775,10.0,False,False
384.0,Jason Kendall,3.2009472277470983,41.660000000000004,330.0,14.560000000000002,387.0,36.03,345.0,30.4,-54.0,3.0,-39.0,0.6276946967873843,-1.1131713110934809,-0.1197795699751974,0.5655931639071491,1.0123821120931362,15.0,False,False
385.0,Henry Larkin,3.1967826883151647,28.699999999999996,584.0,15.71,362.0,26.339999999999996,595.0,23.98,199.0,-23.0,210.0,0.7909415282112113,0.9124604706312712,0.2429745131256868,-0.8450539731250073,-0.5406644160760773,10.0,False,False
386.0,Marty McManus,3.1882732655081085,34.12,467.0,5.370000000000001,633.0,29.215,508.0,24.310000000000002,81.0,247.0,122.0,-0.1438451289311294,0.3241512475328376,0.195939270073707,-0.0274564577984232,0.7093451812662984,14.0,False,False
387.0,Augie Galan,3.1789676582936126,45.44,264.0,22.04,236.0,40.015,262.0,34.589999999999996,-123.0,-151.0,-125.0,0.1505694672485726,0.1085746654568151,1.2503718302560949,0.5232569399696544,-0.1067481669709373,13.0,False,False
388.0,Carlos Guillen,3.176566916898188,27.74,615.0,8.959999999999999,530.0,25.985,608.0,24.230000000000004,227.0,142.0,220.0,0.4932548770051244,0.0711692700775376,0.415741122473537,-0.223289176932275,0.3340447674410354,11.0,False,False
389.0,Eddie Joost,3.1658349590647843,31.650000000000002,519.0,11.120000000000001,461.0,29.88,489.0,28.109999999999996,130.0,72.0,100.0,-0.962050989885937,0.2065082275586766,1.5714297794211831,-0.1158518667685823,1.355085685740952,11.0,False,False
390.0,Jake Beckley,3.16465808808967,61.36,120.0,26.0722,185.0,45.75,172.0,30.139999999999997,-270.0,-205.0,-218.0,0.658578946181334,0.7975465762389307,-0.5763749010286404,-0.5768403485443873,-0.6999215032324156,19.0,True,False
391.0,Deacon White,3.163519366523554,45.53,263.0,21.8485,240.0,35.885,349.0,26.239999999999995,-128.0,-151.0,-42.0,0.9829871712245124,-0.0624456878459575,-0.0343331023756824,-0.9066692857775152,-0.1247101714217264,17.0,True,False
392.0,Dode Paskert,3.1569727566544716,26.07,659.0,3.5599999999999996,694.0,23.905,673.0,21.74,267.0,302.0,281.0,-0.1358680942919488,-0.0133267886174559,0.6138879325878737,0.2525982639523201,0.9218719319756834,13.0,False,False
393.0,Mickey Tettleton,3.156609605869905,29.36,569.0,9.850000000000001,501.0,27.049999999999997,573.0,24.74,176.0,108.0,180.0,-0.7838920547835182,1.1340013861813731,2.1763649582917584,-0.526257193536402,0.112482515168759,12.0,False,False
394.0,Red Schoendienst,3.1494571371559976,44.78000000000001,275.0,10.860000000000001,469.0,38.760000000000005,285.0,32.74,-119.0,75.0,-109.0,0.5501388067990929,-0.507721281014437,-0.9291555272552484,-0.0654489883846105,0.8653862259705976,15.0,True,False
395.0,Justin Upton,3.1444768330690693,32.17,511.0,7.640000000000001,561.0,30.51,475.0,28.85,116.0,166.0,80.0,0.0292377905265448,0.8357484140726458,0.5896037412039844,0.0366268550226739,-0.5993872513398244,13.0,False,False
396.0,Javier Baez,3.140707940718806,26.950000000000003,637.0,9.870000000000003,499.0,27.200000000000003,569.0,27.450000000000003,241.0,103.0,173.0,-0.1960361709063724,0.3331803952071367,-1.217136770036783,0.2853223367904011,1.598255167764656,11.0,False,False
397.0,Cristóbal Torriente,3.14021883166146,23.73,711.0,14.048100000000002,396.0,23.384999999999998,693.0,23.04,314.0,-1.0,296.0,0.9641106318819724,0.8587855647793244,1.2037105066160156,0.7647727811444897,-0.5512488136079037,10.0,True,True
398.0,Gorman Thomas,3.136899462607628,19.790000000000003,815.0,1.819999999999999,753.0,20.62,770.0,21.45,417.0,355.0,372.0,-1.4186034805595948,1.63210242256135,1.1186608141526118,-0.6327455727033606,1.0053259150781164,10.0,False,False
399.0,Ken Keltner,3.124453298677346,33.019999999999996,495.0,13.55,407.0,30.61,472.0,28.2,96.0,8.0,73.0,-0.0095543395049374,0.7990733537316708,-0.4993311841806292,-0.4762758148521684,0.5548137235051279,11.0,False,False
400.0,Terry Pendleton,3.1240600639028044,28.380000000000003,595.0,3.7200000000000006,685.0,26.830000000000002,580.0,25.28,195.0,285.0,180.0,0.0601959475099163,-0.4423860905516949,-0.8111357399063899,-0.0323585324541037,1.5893576892859824,14.0,False,False
401.0,Cecil Cooper,3.116947775122645,36.0,433.0,10.31,483.0,33.03,421.0,30.060000000000002,32.0,82.0,20.0,0.9465254282187376,0.4766737422455293,-1.0910426022496686,-0.1908190473622585,-0.722420856214069,14.0,False,False
402.0,Jimmy Rollins,3.1057336344426236,47.93,229.0,18.369999999999997,312.0,40.295,256.0,32.660000000000004,-173.0,-90.0,-146.0,-0.1172285029175331,0.1558782743134412,0.0218069090910121,1.5021576552793086,-0.1202329032776614,15.0,False,False
403.0,Darrell Porter,3.1051376802647352,40.85,346.0,18.400000000000002,310.0,34.95,372.0,29.049999999999997,-57.0,-93.0,-31.0,-0.4473934997707237,0.5275752807362539,1.403591519909272,-0.3295690349745987,0.7537692073977227,13.0,False,False
404.0,Thurman Munson,3.099230518054698,46.040000000000006,256.0,25.5,192.0,41.53,230.0,37.02,-148.0,-212.0,-174.0,0.985171359496677,-0.1738926643397738,-0.5600750280566349,-0.1889235868089407,0.7970598415837811,10.0,False,False
405.0,Carlos Gomez,3.097251732313916,24.320000000000004,702.0,6.9908,587.0,23.360000000000003,694.0,22.400000000000002,297.0,182.0,289.0,-0.3620410673017312,0.0482428506857609,-0.8099863705185714,1.5957635164951427,1.4427315814374209,11.0,False,False
406.0,Bill Madlock,3.086206812005811,38.22,395.0,13.800000000000002,401.0,33.33,408.0,28.44,-11.0,-5.0,2.0,1.219558573966822,5.260969373077171e-05,-0.2491205955791444,0.221276927584633,-0.9151065210045096,14.0,False,False
407.0,Ted Kluszewski,3.0641639232107134,31.43,525.0,7.209999999999999,576.0,29.980000000000004,487.0,28.530000000000005,118.0,169.0,80.0,0.7996215898561032,0.8542390850169447,-0.6935405249662057,-0.504329867367547,-1.0293851297602177,13.0,False,False
408.0,George Grantham,3.052629125419104,33.78,476.0,14.66,386.0,29.875,490.0,25.969999999999995,68.0,-22.0,82.0,0.1539324209812564,0.4836149283054848,1.063864357728466,0.2939610355357672,-0.260165699688029,11.0,False,False
409.0,Boog Powell,3.0479122332874766,39.1,373.0,12.54,430.0,34.985,371.0,30.869999999999997,-36.0,21.0,-38.0,0.0979536813802277,0.8827914152968613,1.029536425221834,-0.5757410349161842,-0.8979035965579087,15.0,False,False
410.0,Mark Teixeira,3.0180394680008105,50.51999999999999,203.0,23.14,221.0,44.25999999999999,193.0,37.99999999999999,-207.0,-189.0,-217.0,0.0042255622491542,1.1223123656014231,0.6133733295366466,-0.4332394372533106,-0.9951975800344028,13.0,False,False
411.0,Roy Thomas,3.01345377603591,41.81,326.0,20.623600000000003,260.0,37.230000000000004,320.0,32.650000000000006,-85.0,-151.0,-91.0,0.3681474055606282,-1.2370667139756746,2.69010127275118,-0.1497655350547184,1.2741928653162504,11.0,False,False
412.0,Willie Randolph,3.0001965225821854,65.94000000000001,94.0,36.13,86.0,51.120000000000005,126.0,36.3,-318.0,-326.0,-286.0,0.3435290258618584,-0.7948317897518562,1.3101270833113687,0.1666553096325472,0.5575589741040585,17.0,False,False
413.0,Enos Slaughter,2.9993747905311547,57.349999999999994,146.0,24.380000000000003,204.0,47.254999999999995,156.0,37.16,-267.0,-209.0,-257.0,0.7286405205195376,0.2258481145183924,0.2416641282341714,-0.2630271911924591,-0.7236758849853394,16.0,True,False
414.0,Hank Thompson,2.9632622263401815,30.759999999999998,537.0,15.42,367.0,28.240000000000002,543.0,25.720000000000002,123.0,-47.0,129.0,-0.0380002925299314,0.8281715710768462,0.8045435663740783,0.4141615161246744,0.1703124528619752,10.0,False,True
415.0,Lonnie Smith,2.947181514460807,38.510000000000005,386.0,18.96,299.0,34.165000000000006,388.0,29.82,-29.0,-116.0,-27.0,0.8485215857195076,-0.1558235933486493,0.466530748790592,1.4804553800695095,-0.8505060578935749,11.0,False,False
416.0,Jerry Priddy,2.9451077812159236,18.529999999999998,848.0,2.3200000000000003,739.0,18.674999999999997,827.0,18.82,432.0,323.0,411.0,-0.1212264458656068,-0.1999052384476019,0.3722478663072872,-0.3269248981525584,1.7200964196258337,10.0,False,False
417.0,Lave Cross,2.9288088978803044,45.86999999999999,259.0,12.600000000000003,429.0,36.88999999999999,329.0,27.91,-158.0,12.0,-88.0,0.4155187264645433,-0.0327724699072023,-0.9014792981870934,-0.4850908713686761,0.3535343984439514,19.0,False,False
418.0,Carlos Baerga,2.9252625204791096,19.57,818.0,0.20000000000000018,796.0,20.775,763.0,21.979999999999997,400.0,378.0,345.0,0.7798289847683225,-0.0279354459601479,-1.1390050733898436,-0.6067736264158002,0.8897133103329671,10.0,False,False
419.0,Shin-Soo Choo,2.905242613259474,34.68,457.0,10.590000000000002,474.0,31.985,438.0,29.29,38.0,55.0,19.0,0.3941672420344072,0.1123866428916924,1.1868644635646153,0.1119418551238641,-0.3858451568850028,12.0,False,False
420.0,Kent Hrbek,2.895368028796936,38.629999999999995,381.0,15.08,373.0,33.08,419.0,27.53,-39.0,-47.0,-1.0,0.388477076682182,0.8854421818514812,0.6699528337427009,-0.437420426290614,-0.8419085124434984,13.0,False,False
421.0,Mickey Rivers,2.894466617916665,32.669999999999995,501.0,12.779999999999998,423.0,30.174999999999997,481.0,27.68,80.0,2.0,60.0,0.8109692018304938,-0.6326354389646813,-1.3667667700305248,1.0305525456685711,1.1627257730637566,11.0,False,False
422.0,Jerry Denny,2.892878723018806,20.69,791.0,2.429,737.0,20.025000000000002,794.0,19.360000000000003,369.0,315.0,372.0,-0.1254221515181452,0.7086868482050207,-1.042199356962336,-0.6018625634493289,1.006801895443215,12.0,False,False
423.0,Heinie Manush,2.890571265475376,48.089999999999996,226.0,17.14,337.0,42.004999999999995,225.0,35.919999999999995,-197.0,-86.0,-198.0,0.8166796654463157,0.202724215574137,-0.7588939725906362,-0.2428959398094795,-0.540051820876452,15.0,True,False
424.0,B. J. Upton,2.881151987742072,16.47,893.0,-3.73,899.0,17.11,871.0,17.749999999999996,469.0,475.0,447.0,-0.7303261856879024,0.0201957875775982,0.5189444235257534,1.6148211421686844,1.0556185117087582,10.0,False,False
425.0,Tommy Holmes,2.8757154167832852,35.410000000000004,442.0,16.040000000000003,355.0,33.865,395.0,32.32,17.0,-70.0,-30.0,0.802824858398509,0.1256523506285134,-0.3875757956499739,-0.4097263241567372,0.3328890358746915,9.0,False,False
426.0,Rico Petrocelli,2.8728223279328517,39.12,372.0,17.490000000000002,332.0,36.135,343.0,33.15,-54.0,-94.0,-83.0,-0.1944101102116385,0.8125159092558727,0.474175338787806,-0.7585628468943065,0.2782585250455366,12.0,False,False
427.0,Jean Segura,2.8585841702481263,26.31,654.0,7.449999999999999,567.0,25.799999999999997,613.0,25.29,227.0,140.0,186.0,0.7041008862999061,-0.657290827032392,-0.8486809866740319,1.0393938105926606,1.0274009836094802,11.0,False,False
428.0,Bill Bruton,2.853260535235695,26.4,650.0,3.1499999999999995,714.0,22.939999999999998,703.0,19.479999999999997,222.0,286.0,275.0,-0.0452410537016563,-0.6413496185441923,-0.6658651603725922,1.989182905679319,1.6520924704954818,12.0,False,False
429.0,Orlando Hudson,2.8484319848430903,30.900000000000006,533.0,13.260000000000002,412.0,29.110000000000003,512.0,27.32,104.0,-17.0,83.0,0.0534261235420544,-0.2210409442038119,0.1693060888830023,-0.1176662845323908,1.7442297649019245,11.0,False,False
430.0,John Olerud,2.8478659131452844,58.14,140.0,27.43,164.0,48.575,144.0,39.01,-290.0,-266.0,-286.0,0.6106662621472615,-0.0552093653239359,1.1587332817886238,-0.6370125354603144,-0.5590591745409564,15.0,False,False
431.0,Donie Bush,2.8411034402289967,40.230000000000004,354.0,8.05,555.0,36.94500000000001,327.0,33.660000000000004,-77.0,124.0,-104.0,-0.4406846796942218,-0.8826567789918297,1.6892651751400054,0.6968686945389059,1.103497329975435,13.0,False,False
432.0,Tillie Walker,2.8408656261881067,25.86,663.0,3.61,692.0,24.795,643.0,23.73,231.0,260.0,211.0,-0.0821975004207109,0.936536785056373,-0.2902653472243372,-0.5809633568525889,0.5031462783409576,10.0,False,False
433.0,Jayson Werth,2.834413179106119,29.18,573.0,9.61,512.0,28.345,538.0,27.509999999999998,140.0,79.0,105.0,0.0093341921460029,0.4747614828083721,1.1244573196351444,0.0152938082984008,-0.551216421210435,13.0,False,False
434.0,Frank Howard,2.8216019486339823,37.57,405.0,11.31,454.0,33.34,407.0,29.11,-29.0,20.0,-27.0,0.2513877183623483,1.3741622469151316,0.4442807556666435,-0.8909680915648127,-1.3280562091343,14.0,False,False
435.0,Jesse Barfield,2.815512691738374,39.44,367.0,21.880000000000003,238.0,36.945,328.0,34.45,-68.0,-197.0,-107.0,-0.3143050176823426,1.2443023619922902,0.4429415077534797,-0.6406671304865071,0.2469926003644879,10.0,False,False
436.0,Yadier Molina,2.8131758485665244,41.59,332.0,14.7244,383.0,35.150000000000006,364.0,28.71,-104.0,-53.0,-72.0,0.6188076544033767,-0.6301456360050611,-0.719787509325536,-0.0916613958850593,1.0331837278121625,17.0,False,False
437.0,Jhonny Peralta,2.8056744430354,30.29,546.0,4.79,650.0,28.39,536.0,26.490000000000002,109.0,213.0,99.0,0.0154069386658589,0.1863728217058441,0.0892952547526449,-0.8377229122668326,0.9080646451972838,13.0,False,False
438.0,Starling Marte,2.8026171828075435,38.6,384.0,18.05,318.0,35.120000000000005,366.0,31.64,-54.0,-120.0,-72.0,0.912786186268747,-0.2658101221059225,-1.0495498133388494,2.2760997297968446,-0.6030504955081271,13.0,False,False
439.0,Lance Johnson,2.796562499605959,30.19,549.0,11.14,460.0,29.049999999999997,516.0,27.909999999999997,110.0,21.0,77.0,0.6432501026839371,-0.9951638431627546,-0.9209785961282948,1.3324903351176256,1.7223571033977825,10.0,False,False
440.0,Dave Henderson,2.7860223034830947,27.62,617.0,8.89,533.0,27.315,566.0,27.01,177.0,93.0,126.0,-0.2159752500174557,0.6300520370501697,-0.2149816907037476,-0.7629109236267333,1.0893673434614763,12.0,False,False
441.0,Billy Nash,2.782163485717647,33.74999999999999,478.0,11.2872,456.0,29.239999999999995,504.0,24.73,37.0,15.0,63.0,0.0331573605517002,0.1545682320278554,0.9750051976296608,-0.4385056782305477,0.4747312428800272,12.0,False,False
442.0,Kirk Gibson,2.7782395792134476,38.410000000000004,390.0,16.68,343.0,34.17,387.0,29.930000000000003,-52.0,-99.0,-55.0,-0.022886555109904,0.8627665554989186,0.6130610381260821,0.7366953585211854,-0.7957210802884804,14.0,False,False
443.0,Mike Napoli,2.7697359669633093,26.389999999999997,651.0,7.550000000000001,566.0,24.189999999999998,664.0,21.99,208.0,123.0,221.0,-0.5555862372779375,1.0906451863204738,1.029718181661299,-0.2178266123214446,-0.0926900955220619,12.0,False,False
444.0,Bill Nicholson,2.759041813950092,41.94,323.0,19.150000000000002,295.0,37.809999999999995,304.0,33.67999999999999,-121.0,-149.0,-140.0,-0.2916497493351883,1.301289678532596,0.7173966324071175,-0.6688840386056251,-0.6323212969846658,11.0,False,False
445.0,Johnny Evers,2.747707639372976,47.95,228.0,24.42,202.0,40.81,245.0,33.67,-217.0,-243.0,-200.0,0.2526234102954523,-0.485048071542172,0.9155976978499936,0.5010723987139778,0.3806648456211345,14.0,True,False
446.0,Davey Lopes,2.7408456870253803,42.35,315.0,19.23,293.0,36.269999999999996,339.0,30.189999999999998,-131.0,-153.0,-107.0,-0.1346503608551545,0.111733207805715,0.7177522008837341,2.2458944422837916,-0.4485051148834353,14.0,False,False
447.0,Pinky Higgins,2.735235372444097,25.77,669.0,0.7799999999999999,777.0,22.88,704.0,19.99,222.0,330.0,257.0,0.3567049974409717,0.3037592385672055,0.4199794207532654,-0.3378985239477935,-0.0292331877945208,13.0,False,False
448.0,Reggie Sanders,2.7297156530532254,39.82,362.0,18.180000000000003,316.0,33.265,410.0,26.709999999999997,-86.0,-132.0,-38.0,-0.3099291159192843,0.8391806478436161,0.0530630751254068,1.118235745966767,-0.3551520799285058,15.0,False,False
449.0,Hal McRae,2.7267762673728564,27.88,611.0,1.3200000000000007,761.0,26.055,604.0,24.23,162.0,312.0,155.0,0.8207989712521976,0.4289247414406757,-0.3267814035779653,-0.1188105384905658,-0.8890872593333218,15.0,False,False
450.0,Ben Zobrist,2.70692787749528,44.709999999999994,278.0,21.619,241.0,42.16,223.0,39.60999999999999,-172.0,-209.0,-227.0,0.1634581371065334,0.2476082258835951,1.4203022395709295,-0.0594422070997313,-0.3122190034603158,11.0,False,False
451.0,Wally Moses,2.694919079448707,36.449999999999996,428.0,10.739999999999998,472.0,31.244999999999997,452.0,26.04,-23.0,21.0,1.0,0.2595187111090185,-0.1090606113927675,0.0745215931802936,0.6844872551093591,-0.0009443715435383,16.0,False,False
452.0,Hunter Pence,2.686863993475424,30.92,532.0,9.459999999999999,516.0,28.574999999999996,533.0,26.229999999999993,80.0,64.0,81.0,0.4807823560208884,0.3286243760122569,-0.3893585010974111,-0.1376128120523325,-0.170039760762542,13.0,False,False
453.0,Nellie Fox,2.6649684584374738,49.339999999999996,215.0,18.66,305.0,43.16499999999999,206.0,36.989999999999995,-238.0,-148.0,-247.0,0.6521157196390858,-0.9428617315528064,-0.683360810279563,-0.1955540127905535,1.0392046319783717,16.0,True,False
454.0,Billy Hoy,2.658793875485058,33.120000000000005,492.0,6.500000000000001,600.0,28.78,526.0,24.44,38.0,146.0,72.0,-0.0662236417682192,-0.4109002689081409,0.8998376818224848,0.5249343237670167,0.6922778926111037,14.0,False,False
455.0,Sal Bando,2.657992483766061,61.510000000000005,118.0,32.6515,117.0,52.95,110.0,44.39000000000001,-337.0,-338.0,-345.0,-0.2345477689878703,0.4298927240611941,0.8717805395924891,-0.3201214126736394,-0.0281228427855197,13.0,False,False
456.0,Art Devlin,2.65623150960994,36.71,421.0,19.450000000000003,289.0,34.425,384.0,32.14,-35.0,-167.0,-72.0,0.2692488002286328,-0.2490920545992578,1.2357039193153294,0.9543344378903986,0.1265306756194568,10.0,False,False
457.0,Kyle Seager,2.653890850296597,36.99,413.0,15.55,365.0,34.355000000000004,386.0,31.720000000000002,-44.0,-92.0,-71.0,-0.3143271846778334,0.3928983687354791,0.0326854615384804,-0.2106847481134772,1.144042871789082,11.0,False,False
458.0,Marquis Grissom,2.652295931867538,29.589999999999996,563.0,2.4500000000000006,735.0,28.534999999999997,534.0,27.479999999999997,105.0,277.0,76.0,-0.0656675415114091,-0.3422536587331893,-0.9270553293767374,1.1195194389853569,0.8999848958343655,15.0,False,False
459.0,Ryan Howard,2.6499037509038343,14.479999999999999,943.0,-5.350000000000001,938.0,16.865,877.0,19.249999999999996,484.0,479.0,418.0,-0.3116756666064857,1.4384116005624523,0.4328590366556996,-0.5035611813423642,-1.0026939241777857,12.0,False,False
460.0,George Case,2.640396246398656,17.76,861.0,1.2899999999999998,762.0,17.995,846.0,18.23,401.0,302.0,386.0,0.1367271135502854,-0.9305926088632877,-0.5123893558614082,4.43298681295856,0.420753199562976,9.0,False,False
461.0,Ron Gant,2.618863668349923,34.099999999999994,469.0,11.31,454.0,30.29,479.0,26.48,8.0,-7.0,18.0,-0.5070545436825444,0.9737699067950774,0.3820085054860514,0.3562002737813578,-0.5619393384285344,14.0,False,False
462.0,Ray Durham,2.605990754372811,33.839999999999996,475.0,6.7200000000000015,593.0,29.86,491.0,25.88,13.0,131.0,29.0,0.084267899553876,0.1062148144740786,0.2768505500369104,0.643953514147528,-0.3787968879252641,14.0,False,False
463.0,Andy Pafko,2.594425896260404,36.56,423.0,10.200000000000001,489.0,33.05,420.0,29.54,-40.0,26.0,-43.0,0.3054426774641078,0.4881621509040725,-0.6343554020544442,-0.4512108156255767,0.0058962118559878,13.0,False,False
464.0,Vernon Wells,2.574359589216053,28.550000000000004,589.0,3.2699999999999996,708.0,27.37,565.0,26.189999999999998,125.0,244.0,101.0,-0.0318077495987662,0.4022763104451617,-0.7166606811915459,-0.2805303854374888,0.4619899085048537,12.0,False,False
465.0,Denard Span,2.5718772342692526,28.04,606.0,8.97,528.0,26.485,589.0,24.93,141.0,63.0,124.0,0.549347107112962,-0.8188003213132226,0.0004126603108093,0.5826008358862402,1.3130471105748336,11.0,False,False
466.0,Elston Howard,2.5714685989275203,27.069999999999997,633.0,8.510000000000002,542.0,26.784999999999997,581.0,26.5,167.0,76.0,115.0,0.3726765115849078,0.1300816960280472,-0.7832487988091507,-0.5776829594902599,0.4150779995706902,14.0,False,False
467.0,Marcell Ozuna,2.5665148117726444,28.660000000000004,585.0,6.389999999999999,607.0,26.97,578.0,25.279999999999998,118.0,140.0,111.0,0.3770866927274109,0.5039699355507646,0.041373166141297,-0.6726103804566786,-0.5333108753384743,13.0,False,False
468.0,Randy Winn,2.566391736037892,27.51,620.0,4.920000000000002,644.0,26.07,603.0,24.630000000000003,152.0,176.0,135.0,0.3814604939039213,-0.6077303288068286,-0.4916139658561638,0.6826715768278134,0.9222298274731984,12.0,False,False
469.0,Eugenio Suarez,2.563023282332808,26.259999999999998,657.0,3.48,699.0,25.06,635.0,23.86,188.0,230.0,166.0,-0.2894140378602914,0.8201359983760208,0.3030725544273344,-0.4907556386973503,0.1587059067753666,12.0,False,False
470.0,Don Buford,2.552795711085758,36.169999999999995,429.0,18.39,311.0,34.815,374.0,33.46,-41.0,-159.0,-96.0,0.0511450732560887,-0.3240061431349752,1.1004373043226672,1.477671806147384,0.1508627274328462,9.0,False,False
471.0,George Hendrick,2.548556232766628,29.11,574.0,2.5900000000000003,730.0,26.63,584.0,24.15,103.0,259.0,113.0,0.3444913233099357,0.6342883291446061,-0.4458671343958315,-0.6631984402020181,-0.2822875857485895,14.0,False,False
472.0,Ezra Sutton,2.546652365592146,32.400000000000006,508.0,13.052999999999999,418.0,27.825000000000003,556.0,23.25,36.0,-54.0,84.0,0.6495642339692749,0.2093818537097493,-0.343313190673653,-0.1172309344453466,-0.1206237208554482,15.0,False,False
473.0,Matt Carpenter,2.543044458742368,28.750000000000004,583.0,11.023800000000001,463.0,28.335,540.0,27.92,110.0,-10.0,67.0,-0.0265673020574303,0.3046354240200468,1.5861228624916426,-0.3756433258116855,-0.2139878626364436,10.0,False,False
474.0,Shawn Green,2.5383076380342633,34.730000000000004,454.0,9.64,511.0,33.14,417.0,31.55,-20.0,37.0,-57.0,0.2393388702479031,0.5857494415825123,-0.0216688060606574,0.0161671047910625,-0.8651602496588281,13.0,False,False
475.0,Gary Gaetti,2.517572077987925,42.06999999999999,320.0,10.067800000000002,493.0,33.67999999999999,398.0,25.29,-155.0,18.0,-77.0,-0.4577713786648524,0.5350505878500699,-0.7550835235513798,-0.3166552505329076,0.7725339198147341,18.0,False,False
476.0,Chick Stahl,2.511600530169283,31.5,523.0,10.9193,468.0,29.235,506.0,26.97,47.0,-8.0,30.0,0.4817625402792093,0.5561866107072503,0.1866803895895656,-0.3989417327031129,-0.4055398676732821,10.0,False,False
477.0,Justin Turner,2.508833403419333,38.62,382.0,17.7607,326.0,34.73,376.0,30.84,-95.0,-151.0,-101.0,0.9005689574150411,0.0536621374019177,0.1434022867492733,-0.3280555511220827,-0.3340698601361548,12.0,False,False
478.0,Travis Fryman,2.504394830446155,34.37,464.0,9.73,505.0,31.384999999999998,449.0,28.400000000000002,-14.0,27.0,-29.0,0.092145440523571,0.2487300231283989,-0.2391265937746231,-0.3089650602231823,0.3773666229627826,13.0,False,False
479.0,Sam Rice,2.4896887287030856,54.7,170.0,16.4199,349.0,43.03,207.0,31.360000000000003,-309.0,-130.0,-272.0,0.5892589269715706,-0.438471382945974,-0.4373627881408705,0.7625693475446439,-0.0988322667353734,17.0,True,False
480.0,Tommy Henrich,2.488203840836322,39.39,368.0,22.95,224.0,35.144999999999996,365.0,30.9,-112.0,-256.0,-115.0,0.0084636129857231,1.2709654742770444,0.8402620882478509,-0.4082764672676274,-0.7282521268020098,10.0,False,False
481.0,Sid Gordon,2.487688394223351,38.150000000000006,397.0,15.82,359.0,35.565000000000005,357.0,32.980000000000004,-84.0,-122.0,-124.0,0.2719110921853179,0.807984519964066,0.5848184681730584,-0.6757874490868387,-0.4954249263032999,11.0,False,False
482.0,Al Dark,2.479653616801144,43.91,295.0,14.528799999999999,388.0,38.775,284.0,33.64,-187.0,-94.0,-198.0,0.5970219927148549,-0.2307645583752535,-1.219634361677386,-0.103557815066145,0.6051305600501885,13.0,False,False
483.0,David Justice,2.4755290420645903,40.59,348.0,18.89,301.0,35.035,369.0,29.479999999999997,-135.0,-182.0,-114.0,0.1643606924137358,0.9442595316400508,1.1831731748203669,-0.7134118846993533,-0.9564175519047134,12.0,False,False
484.0,Roy Smalley,2.4736980546990655,27.91,610.0,6.6400000000000015,596.0,25.965000000000003,609.0,24.020000000000003,126.0,112.0,125.0,-0.2118810882270733,0.2597647402186954,0.9733292409304216,-0.683969355481152,0.4949866969684894,13.0,False,False
485.0,Mike Kreevich,2.46051115126327,16.6,889.0,-0.21000000000000035,803.0,16.384999999999998,896.0,16.169999999999998,404.0,318.0,411.0,-0.1218154808236125,-0.4243730864436493,-0.3135914639984999,0.8449764173835781,1.7776610127333412,9.0,False,False
486.0,Brian Roberts,2.456578187899136,29.519999999999992,564.0,8.46,544.0,28.804999999999993,524.0,28.089999999999996,78.0,58.0,38.0,0.2902540856244042,-0.2216904964197462,0.4801115334096956,1.5954781800945492,-0.3145483687751741,11.0,False,False
487.0,Andre Thornton,2.450549110036177,24.180000000000003,707.0,3.9499999999999984,675.0,23.700000000000003,682.0,23.22,220.0,188.0,195.0,-0.3640375626497421,1.0150358562864994,1.381523884762869,-0.3197411791424999,-0.7575644703200208,12.0,False,False
488.0,Miller Huggins,2.447186668914254,36.02,432.0,14.74,380.0,30.905,463.0,25.79,-56.0,-108.0,-25.0,0.034718810705269,-0.9477426962099044,2.139736644930066,0.4747592776579359,0.9744118657169812,11.0,False,False
489.0,Russell Martin,2.4439971651611345,38.66,380.0,17.0992,338.0,32.864999999999995,424.0,27.069999999999997,-109.0,-151.0,-65.0,-0.3716964918633337,-0.1407206650734258,1.0907400563779246,0.2280992887532187,0.9633492591585264,14.0,False,False
490.0,Coco Crisp,2.442825445564445,28.93,577.0,5.9,618.0,26.345,593.0,23.759999999999998,87.0,128.0,103.0,-0.0410326586101747,-0.4156538128674888,-0.0313675177514787,1.4626594617214632,0.7658676215996124,13.0,False,False
491.0,Tony Phillips,2.4425948670665383,50.91,199.0,21.6,243.0,42.48,219.0,34.05,-292.0,-248.0,-272.0,-0.1482297830230496,-0.3825453416424051,1.5968672527984684,-0.1903983392539327,0.4893660264324533,16.0,False,False
492.0,Jackie Jensen,2.439908231188765,27.82,613.0,9.290000000000001,519.0,26.244999999999997,598.0,24.669999999999998,121.0,27.0,106.0,0.1634123836428437,0.404300466129578,0.7783994083395431,1.382149224281688,-0.8168402186083596,9.0,False,False
493.0,Brandon Crawford,2.4343578838842808,29.440000000000005,568.0,9.1587,524.0,28.595000000000002,532.0,27.75,75.0,31.0,39.0,-0.3124478637531948,-0.1810331140842451,0.2802725431565994,-0.5627226348938597,1.583314738507213,12.0,False,False
494.0,Bill White,2.4274561569758495,38.61,383.0,13.43,409.0,35.33,362.0,32.05,-111.0,-85.0,-132.0,0.70917961443537,0.2750491828186459,-0.065974184512242,0.4994006338328807,-0.691111622688955,11.0,False,False
495.0,Oscar Gamble,2.426611925461967,22.92,726.0,5.539999999999999,627.0,21.5,739.0,20.080000000000002,231.0,132.0,244.0,0.1247179563431878,1.041071470271702,0.6458354833181815,-0.3670964713136045,-0.7523317496168044,13.0,False,False
496.0,Tim McCarver,2.424909389599831,28.34,596.0,6.39,605.0,24.884999999999998,640.0,21.43,100.0,109.0,144.0,0.5996136467175679,-0.1639218983282451,-0.2456221794993736,0.0367584861486642,0.7365840805843591,11.0,False,False
497.0,Mike Lowell,2.4208127051761137,24.85,689.0,3.759999999999999,684.0,24.155,667.0,23.46,192.0,187.0,170.0,0.1960565463470005,0.2398662978064242,-0.1892598512831199,-0.4911847642494294,0.4414155622810557,12.0,False,False
498.0,Mo Vaughn,2.4199048408628197,27.090000000000003,632.0,5.51,628.0,27.105000000000004,571.0,27.120000000000005,134.0,130.0,73.0,0.4942478421558706,0.850495058436212,0.2913137160562949,-0.4999931046653297,-1.2214168876669735,11.0,False,False
499.0,Moises Alou,2.4005293199959614,39.88,361.0,15.95,356.0,33.77,396.0,27.66,-138.0,-143.0,-103.0,0.8990118162446121,0.7031168400116339,0.0249769252527835,-0.4766350202552352,-1.6887524343144198,15.0,False,False
500.0,Gene Tenace,2.39713337745064,46.81,242.0,27.95,157.0,40.895,243.0,34.980000000000004,-258.0,-343.0,-257.0,-0.81453924212398,0.9854298513207876,2.3860997518836293,-0.3045853968625812,0.0658624563913462,10.0,False,False
501.0,George Wood,2.392684209648797,19.24,835.0,0.6383999999999996,781.0,17.5,859.0,15.76,334.0,280.0,358.0,0.1225420556197146,0.7808000706034575,0.109061087644386,-0.9970627014206196,-0.2853688291086921,13.0,False,False
502.0,Shawon Dunston,2.391515665843612,11.56,991.0,-8.62,1004.0,11.290000000000001,1005.0,11.020000000000001,489.0,502.0,503.0,0.0936869999160186,0.2239672865883904,-1.5186695857546308,0.6055726742444064,1.0292524725592778,14.0,False,False
503.0,Willie Kamm,2.3872995824537657,35.54,438.0,9.18,522.0,30.845000000000002,465.0,26.150000000000006,-65.0,19.0,-38.0,-0.2908344156421148,-0.2566247496755266,1.111561432038815,0.1473778983864997,1.209978191508828,12.0,False,False
504.0,Tom Daly,2.3810491731127663,26.35,653.0,3.6500000000000004,689.0,23.644999999999996,683.0,20.939999999999994,149.0,185.0,179.0,-0.1251804585303508,0.2808887018105117,0.6769987588701492,0.4974000515823404,-0.3157590032482754,15.0,False,False
505.0,Willie McGee,2.378050230628489,34.300000000000004,465.0,7.59,564.0,31.520000000000003,447.0,28.740000000000002,-40.0,59.0,-58.0,0.8368237551859552,-0.8625869339583611,-1.0775269302290744,0.6425514978183551,0.4246797038397608,17.0,False,False
506.0,Roy White,2.363236911300805,46.78,245.0,20.32,268.0,41.895,226.0,37.010000000000005,-261.0,-238.0,-280.0,0.0842002030222172,-0.0650562119726397,0.8694233869777576,0.6158690113497023,-0.3501627490473669,14.0,False,False
507.0,Ben Oglivie,2.346834641145641,26.369999999999997,652.0,4.42,662.0,24.915,639.0,23.459999999999997,145.0,155.0,132.0,0.1249514280434311,0.7005452378603619,-0.0840690416751846,-0.4364718585566991,-0.3121446328137547,14.0,False,False
508.0,Buck Herzog,2.34166796046925,26.59,646.0,7.150000000000002,579.0,25.625,621.0,24.659999999999997,138.0,71.0,113.0,-0.0610545662901185,-0.1574387144199279,-0.3498514778500808,0.9054730874496116,0.6539752098691292,12.0,False,False
509.0,Jim Piersall,2.338186470375212,29.34,570.0,9.03,527.0,27.705,559.0,26.07,61.0,18.0,50.0,-0.0176538853835357,-0.7072866315342999,-0.5615530818833613,0.6253028556878261,1.5329480496017336,12.0,False,False
510.0,Ed McKean,2.3371095982836483,38.45,388.0,14.370000000000003,392.0,33.75,397.0,29.049999999999997,-122.0,-118.0,-113.0,0.5382609703497719,0.4016766215918759,-0.0147880789398144,-0.4847242231051547,-1.0326913772684316,13.0,False,False
511.0,George Cutshaw,2.328422392975045,16.26,901.0,-4.529999999999999,914.0,15.18,930.0,14.1,390.0,403.0,419.0,-0.1724533361956977,-0.1213561083960699,-1.1068565848479084,0.7520297979743849,1.4067618511578883,11.0,False,False
512.0,Jose Cardenal,2.3246846159930357,20.74,790.0,-4.55,916.0,18.96,818.0,17.18,278.0,404.0,306.0,0.2886394496047472,-0.2761717788042828,-0.3835936320635322,1.4421077629455488,0.1567624137456971,14.0,False,False
513.0,Ruppert Jones,2.3246368098715995,22.640000000000004,733.0,6.010000000000001,616.0,21.580000000000002,734.0,20.52,220.0,103.0,221.0,-0.7401777023031303,0.3780860463768707,0.5310613610152861,0.1210734858739784,1.4254103764420698,11.0,False,False
514.0,Kid Elberfeld,2.3111468308887275,32.93,498.0,12.76,425.0,29.325000000000003,501.0,25.720000000000002,-16.0,-89.0,-13.0,0.1965552905162925,-0.3717920786188493,0.2461141346786067,0.2046704251337071,1.0641894597127872,10.0,False,False
515.0,Phil Rizzuto,2.3018680576195667,42.040000000000006,321.0,22.090000000000003,234.0,38.32000000000001,290.0,34.6,-194.0,-281.0,-225.0,0.0812383363387787,-0.6858837357072899,-0.1425359642698357,1.155979212608945,1.05887468075543,11.0,True,False
516.0,Juan Samuel,2.2929919862378307,16.98,880.0,-4.670000000000002,922.0,17.32,864.0,17.66,364.0,406.0,348.0,-0.2591210556573641,0.4976200828591396,-0.7526276070023284,1.4486736642775162,0.0466611118926536,12.0,False,False
517.0,Art Fletcher,2.290062446543767,46.199999999999996,254.0,26.650000000000002,175.0,41.03999999999999,240.0,35.879999999999995,-263.0,-342.0,-277.0,0.3561182475054356,0.1075963665457806,-1.4463848445768137,-0.3540155700414007,1.4534484394524467,11.0,False,False
518.0,Felipe Alou,2.287122841999237,42.32,318.0,13.53,408.0,38.095,297.0,33.87,-200.0,-110.0,-221.0,0.6605880260891933,-0.0216966100726953,-1.133322564925764,0.0379945672252641,-0.2099394938551378,16.0,False,False
519.0,Manny Sanguillen,2.285085239577308,27.61,618.0,9.91,498.0,27.049999999999997,573.0,26.49,99.0,-21.0,54.0,1.1816873206041096,-0.4586195269496549,-1.4425329710104482,-0.2677451174486423,0.7493920010031019,10.0,False,False
520.0,Shane Victorino,2.2840237706393807,31.419999999999995,526.0,15.809999999999997,360.0,30.174999999999997,481.0,28.93,6.0,-160.0,-39.0,0.2869161110851558,-0.1804541257328402,-0.4023954040762266,1.235431681367405,0.6120660162473317,9.0,False,False
521.0,Howard Johnson,2.2742854612421333,22.169999999999998,745.0,3.669999999999999,688.0,22.604999999999997,707.0,23.04,224.0,167.0,186.0,-0.6621738197612073,1.058348992998584,0.9936220321923012,0.9431440112044828,-0.8724233383282944,12.0,False,False
522.0,Robby Thompson,2.269349276370193,33.85,474.0,17.05,339.0,32.08,434.0,30.31,-48.0,-183.0,-88.0,-0.25350504273277,0.3857512248186637,-0.1872626939346683,-0.1814990187955454,0.811214835375345,10.0,False,False
523.0,Johnny Callison,2.266684774936591,38.43000000000001,389.0,11.27,458.0,36.43000000000001,337.0,34.43,-134.0,-65.0,-186.0,0.0187222323179892,0.5588446934376449,-0.0539393171944803,-0.2834009818646871,-0.0642200715175178,13.0,False,False
524.0,Buddy Lewis,2.256257190024933,29.230000000000004,572.0,10.549999999999999,476.0,27.845,555.0,26.459999999999997,48.0,-48.0,31.0,0.4329716109191558,-0.1257587673002682,-0.0203689855525579,0.1641975426870868,0.2641618498395606,10.0,False,False
525.0,Chili Davis,2.2550372124935336,38.35999999999999,391.0,4.217399999999999,666.0,31.56,444.0,24.760000000000005,-134.0,141.0,-81.0,0.1131495519830586,0.4056843717207187,0.7520607173063292,-0.3487218133151706,-0.6656336111321369,17.0,False,False
526.0,Neil Walker,2.252680705995989,19.990000000000002,812.0,3.7824999999999993,682.0,19.32,812.0,18.650000000000002,286.0,156.0,286.0,0.1839501913084933,0.1752298142937116,0.2474893620771952,-0.5493408447212403,0.5928487425031953,10.0,False,False
527.0,Salvador Perez,2.2477696635684503,35.44,441.0,10.29,484.0,29.93,488.0,24.419999999999998,-86.0,-43.0,-39.0,0.3416897905230966,0.5742897232628278,-1.4684500956697422,-0.5357165753378983,0.659164611261741,12.0,False,False
528.0,Freddie Lindstrom,2.2411388784658968,28.45,593.0,8.799999999999997,536.0,27.47,561.0,26.490000000000002,65.0,8.0,33.0,0.4298599503389306,0.1687338874057103,-0.8525778662479566,-0.1825512627120577,0.3121374871508531,11.0,True,False
529.0,Mark Grace,2.2373790949297563,46.43000000000001,250.0,18.0495,319.0,38.05500000000001,298.0,29.68,-279.0,-210.0,-231.0,0.9602218309395564,-0.4804855653692334,0.4377074239966766,-0.3607578630776279,-0.2877659027285411,15.0,False,False
530.0,Roberto Kelly,2.236925535389618,20.5,796.0,3.0900000000000007,715.0,19.485,807.0,18.470000000000002,266.0,185.0,277.0,0.6283903967528713,-0.2099212243090732,-0.8922810020913491,0.7409412812116127,0.4188614321368768,11.0,False,False
531.0,Melvin Mora,2.2310894856986776,28.25,601.0,7.210000000000001,575.0,27.14,570.0,26.030000000000005,70.0,44.0,39.0,0.2263294971716418,-0.208472663262614,-0.1643502417239614,0.0086905795056504,0.8839435486138681,11.0,False,False
532.0,Hans Lobert,2.218226686475506,22.529999999999998,735.0,5.499999999999999,629.0,21.18,748.0,19.83,203.0,97.0,216.0,0.4293663915612675,0.3318954724826877,-0.057722733479387,1.1047023841129573,-0.6990755723679628,10.0,False,False
533.0,Larry Gardner,2.2124663671256837,47.160000000000004,238.0,16.97,340.0,39.17,278.0,31.18,-295.0,-193.0,-255.0,0.4303352714709785,0.1171435169486736,0.1465153999559018,-0.5227889184194272,0.0906870821027857,13.0,False,False
534.0,Brady Anderson,2.2123112347403096,34.980000000000004,450.0,9.290000000000003,518.0,32.565,429.0,30.15,-84.0,-16.0,-105.0,-0.5793942369777227,0.1160566278391051,0.8409252779592207,0.729728533596507,0.0458567847536613,14.0,False,False
535.0,Cecil Travis,2.209781182049486,30.35,544.0,12.110000000000003,440.0,29.76,492.0,29.17,9.0,-95.0,-43.0,0.9832314057191788,-0.3174328361995118,-0.5628934199998648,-0.7115142735304342,0.3330427978188848,10.0,False,False
536.0,Mike Sweeney,2.209463377682504,24.78,692.0,4.289999999999999,665.0,23.269999999999996,696.0,21.759999999999994,156.0,129.0,160.0,0.8319268610581236,0.1884988340669891,-0.2869085713516222,-0.1512300964095601,-0.4355591966467756,12.0,False,False
537.0,Placido Polanco,2.204805282437972,41.870000000000005,325.0,17.15,335.0,37.125,323.0,32.38,-212.0,-202.0,-214.0,0.8855780076750841,-0.9510740605564622,-0.9275977693855332,-0.3078088264647292,1.1462978875565089,15.0,False,False
538.0,Chuck Knoblauch,2.1929809040894104,44.59,280.0,20.080000000000002,274.0,41.595,229.0,38.599999999999994,-258.0,-264.0,-309.0,0.5015125122022586,-0.4611688787582156,0.477228481654886,1.5809636392202104,-0.7534545349348509,12.0,False,False
539.0,Don Money,2.18876220853031,36.47,427.0,12.99,419.0,32.03,436.0,27.589999999999996,-112.0,-120.0,-103.0,-0.0276811223999096,0.2636845583489583,-0.2284299003748403,-0.1845391696893834,0.432994593661283,14.0,False,False
540.0,Jason Bay,2.1712572124303584,24.74,693.0,8.379999999999999,546.0,24.66,649.0,24.580000000000002,153.0,6.0,109.0,-0.108870874379659,0.8304832000540099,0.9844574645577308,-0.1074024938705569,-0.9724417325924564,10.0,False,False
541.0,Tom Brown,2.147577524933216,14.82,934.0,-9.1892,1011.0,14.385,952.0,13.95,393.0,470.0,411.0,-0.4471398980088902,-0.1682174270644217,0.2591087732697053,1.29023910217003,0.5287342566337491,15.0,False,False
542.0,Harold Baines,2.14335971695981,38.77,376.0,1.8399999999999996,751.0,30.095,484.0,21.419999999999998,-166.0,209.0,-58.0,0.6699763820870098,0.4371751056062042,0.0423983862717006,-0.7390690368172992,-1.0275212224710455,21.0,True,False
543.0,Jason Varitek,2.1340464552912746,24.240000000000006,705.0,3.5700000000000003,693.0,21.53,738.0,18.82,162.0,150.0,195.0,-0.4452397499637971,0.3026497894332115,0.5682709369712025,-0.3548930664322687,0.9501115560565528,12.0,False,False
544.0,Adam Dunn,2.1217290791280874,17.96,857.0,-8.3611,1000.0,17.845,850.0,17.73,313.0,456.0,306.0,-1.07479010511873,1.4482091271925033,2.081381526986302,-0.4878283452712534,-1.0477058044342482,14.0,False,False
545.0,Aaron Hill,2.1189703149306127,24.369999999999997,700.0,3.44,701.0,24.189999999999998,664.0,24.01,155.0,156.0,119.0,-0.0354354747617461,0.0493763320800745,-0.3818409895114837,-0.2749940661312496,0.6879464326948334,12.0,False,False
546.0,Jim Bottomley,2.109609376871297,35.85000000000001,434.0,8.830000000000002,535.0,32.75500000000001,427.0,29.660000000000004,-112.0,-11.0,-119.0,0.2400501115802452,0.8354460394462041,-0.2638018155828205,-0.57564128560405,-1.106059974365743,14.0,True,False
547.0,Arlie Latham,2.1063378131099952,30.51,540.0,10.25,486.0,27.96,553.0,25.41,-7.0,-61.0,6.0,-0.0015693760183594,-0.6084898651301489,0.0087531476628835,2.057458335218856,0.2314357056269115,13.0,False,False
548.0,Gil McDougald,2.1046450529068705,40.85000000000001,345.0,24.24,209.0,36.565000000000005,333.0,32.28,-203.0,-339.0,-215.0,0.1820299991196155,-0.0799032578178317,0.1886400868730752,-0.0704806970521053,0.6982543656874773,10.0,False,False
549.0,Brandon Phillips,2.10393337014539,28.9,578.0,4.429999999999999,661.0,27.005000000000003,576.0,25.110000000000003,29.0,112.0,27.0,0.2604204117381576,-0.0629478979391071,-0.9539150773196085,0.4914919686107245,0.4222100424079502,13.0,False,False
550.0,Gee Walker,2.0893206341871826,16.21,903.0,-8.200000000000001,996.0,14.7,943.0,13.19,353.0,446.0,393.0,0.1684810595830319,0.0426521220451983,-1.3297800147589778,1.577624198667142,-0.0087368412693944,15.0,False,False
551.0,Dusty Baker,2.084948148459581,36.99999999999999,412.0,10.92,467.0,31.604999999999997,443.0,26.209999999999997,-139.0,-84.0,-108.0,0.261114221859036,0.2894135952825952,0.177545488924653,-0.2433990485381841,-0.7030114854092517,15.0,False,False
552.0,Rick Burleson,2.0847754680489983,22.78,730.0,4.51,658.0,22.035,723.0,21.29,178.0,106.0,171.0,0.3190710796912552,-0.4105098865952519,-0.283863391846676,-0.4111014568757763,1.3520783055744172,10.0,False,False
553.0,Al Bumbry,2.082312770536068,24.47,697.0,6.070000000000001,615.0,23.265,697.0,22.06,144.0,62.0,144.0,0.3885994968194774,-0.7721550507708004,-0.1672907168365932,0.934342555586842,0.9687456175084268,11.0,False,False
554.0,Bob Bescher,2.0454221311836953,21.839999999999996,758.0,5.4399999999999995,631.0,20.18,788.0,18.52,204.0,77.0,234.0,-0.4078605093064616,-0.0476786676832598,0.9087855291557744,1.995904590064572,0.4364779201596399,8.0,False,False
555.0,Alex Rios,2.040033903300487,27.36,626.0,2.95,721.0,27.794999999999998,557.0,28.229999999999997,71.0,166.0,2.0,0.2605535246575431,-0.0976686060153071,-0.9421182869172404,0.8586670508361396,0.06872287771599,12.0,False,False
556.0,Jim Landis,2.0236211209889534,20.61,792.0,5.08,639.0,20.295,781.0,19.98,236.0,83.0,225.0,-0.7615661458928091,-0.474397266027996,0.7801239522481928,1.3238338484008911,1.6345294176802228,10.0,False,False
557.0,Thomas Burns,2.022539389407485,25.79,666.0,10.2848,485.0,24.845,641.0,23.9,109.0,-72.0,84.0,0.5382490313294421,0.9440382241462923,0.0364770008346434,-0.31774606484861,-1.272417530889714,10.0,False,False
558.0,Tim Wallach,2.0157463523271093,38.519999999999996,385.0,9.145699999999998,526.0,34.55,381.0,30.58,-173.0,-32.0,-177.0,-0.3301978623881955,0.2604837270008467,-0.4951238529776761,-0.4918667076582204,0.5784078840522973,16.0,False,False
559.0,Harry Steinfeldt,2.0018821947196743,29.94,553.0,6.860000000000001,591.0,27.765,558.0,25.590000000000003,-6.0,32.0,-1.0,0.0235787265874338,0.3445341972986488,0.0131573789997425,-0.3083779719597945,-0.074557158010438,13.0,False,False
560.0,Tommy Harper,1.990665077231489,25.72,671.0,0.3799999999999995,792.0,24.224999999999998,662.0,22.729999999999997,111.0,232.0,102.0,-0.2441156429763888,-0.2803748436787899,0.4448298039177809,2.45216487405649,-0.2235028064343666,13.0,False,False
561.0,Lonny Frey,1.9904596995283823,44.41,283.0,22.860000000000003,227.0,39.885,264.0,35.36,-278.0,-334.0,-297.0,-0.2910988587580264,-0.1692621787689844,0.7137199073670946,0.380730067965762,0.7753907867163896,11.0,False,False
562.0,Roy Sievers,1.9896833309821311,25.49,676.0,2.01,746.0,24.155,667.0,22.82,114.0,184.0,105.0,-0.1833144685459875,0.8623285144969525,0.4856148953375864,-0.6925049816934185,-0.531039256305263,14.0,False,False
563.0,Hal Chase,1.9774364261865345,24.38,699.0,-3.0281000000000007,881.0,21.645,732.0,18.91,136.0,318.0,169.0,0.6383794717904272,0.3404291786139844,-1.3239643960281395,0.5344775239867638,-0.7251988283741425,15.0,False,False
564.0,Topsy Hartsel,1.9733204365802477,31.41,527.0,10.11,491.0,28.515,535.0,25.619999999999997,-37.0,-73.0,-29.0,0.070343682014644,0.2961112842385558,2.331669017200394,0.2865273045713779,-1.0811402117035327,10.0,False,False
565.0,Ben Taylor,1.960148002627657,17.06,876.0,8.9374,531.0,17.02,872.0,16.98,311.0,-34.0,307.0,1.0276101946511589,0.280077907734666,0.4184643248320593,0.193585117195468,-0.582936753386876,11.0,True,True
566.0,Jose Cruz,1.9590218173815075,54.43000000000001,172.0,24.700000000000003,199.0,45.394999999999996,177.0,36.35999999999999,-394.0,-367.0,-389.0,0.4854990160228615,-0.1030235359136038,0.3171950633941423,0.4825999780762482,-0.6482559419196529,16.0,False,False
567.0,Frank White,1.9583466745380815,34.79,453.0,6.970000000000001,588.0,29.22,507.0,23.65,-114.0,21.0,-60.0,-0.3392834610213495,0.1753838358483568,-1.1846866973813537,-0.1148201376464863,1.0851260482342018,17.0,False,False
568.0,Dixie Walker,1.9540114443609884,44.86,272.0,17.79,324.0,38.099999999999994,296.0,31.339999999999996,-296.0,-244.0,-272.0,0.7535659535870218,0.0547456383028261,0.2877310008238866,-0.3960355166921118,-0.7363744477985491,14.0,False,False
569.0,Clyde Milan,1.9484115012648335,40.79,347.0,8.71,539.0,34.745,375.0,28.7,-222.0,-30.0,-194.0,0.2714264910781349,-0.7725372048033514,4.403057350431716e-06,1.1284734856583307,0.6163298314634014,14.0,False,False
570.0,Brian Downing,1.936755056745968,51.52000000000001,193.0,21.089999999999996,254.0,40.290000000000006,258.0,29.060000000000002,-377.0,-316.0,-312.0,0.099720113391024,0.3651468018991309,1.1075533712558698,-0.5699106683629724,-0.4037202314369671,18.0,False,False
571.0,Joe Carter,1.93557183403331,19.53,824.0,-10.78,1023.0,20.485,773.0,21.44,253.0,452.0,202.0,-0.3809854594370691,0.9230147796595508,-0.9934640292198168,-0.0775563562517299,-0.2866222821100737,15.0,False,False
572.0,Ray Boone,1.934137736598747,25.8,665.0,9.580000000000002,513.0,24.615,651.0,23.429999999999996,93.0,-59.0,79.0,0.1170609347539341,0.1779193282656341,0.3281679706215789,-0.4784752317278395,0.0909381679867843,11.0,False,False
573.0,Roger Maris,1.9335966796353017,38.23,394.0,19.77,283.0,35.28,363.0,32.33,-179.0,-290.0,-210.0,-0.297476274884398,1.0361237079389467,0.5930528869060097,-0.6403590592159584,-0.4232245450901308,11.0,False,False
574.0,Dexter Fowler,1.927765288450684,19.24,835.0,0.9800000000000006,771.0,17.97,847.0,16.7,261.0,197.0,273.0,-0.1035692229953893,-0.1053984519559615,1.359373249902179,0.3044535173170225,0.0722920290709083,11.0,False,False
575.0,Justin Morneau,1.9223375220714365,27.020000000000003,635.0,4.680000000000001,653.0,25.680000000000003,619.0,24.340000000000003,60.0,78.0,44.0,0.3746803986085546,0.4560866753037718,-0.1403962454833897,-0.5468985350066372,-0.5506819178279047,12.0,False,False
576.0,Del Ennis,1.8942595109423972,29.830000000000002,557.0,-0.7199999999999998,816.0,28.935000000000002,520.0,28.04,-19.0,240.0,-56.0,0.2580750530254972,0.6733908385367179,-0.7557992243093937,-0.4241837812877,-0.7342222423141311,13.0,False,False
577.0,Omar Vizquel,1.89346824563322,45.589999999999996,261.0,5.319999999999999,635.0,36.18,342.0,26.770000000000003,-316.0,58.0,-235.0,0.0800901349802604,-1.0270131851795197,0.0847372062711165,0.8079489371217422,0.7525709675843639,21.0,False,False
578.0,Rusty Staub,1.893134278577618,45.75,260.0,7.369999999999999,569.0,39.53,270.0,33.309999999999995,-318.0,-9.0,-308.0,0.3691747101315756,0.2087216692651202,0.6364699429399914,-0.657213250989237,-0.9727256578550714,19.0,False,False
579.0,Lyn Lary,1.891723896035312,19.980000000000004,813.0,1.3400000000000003,760.0,19.46,808.0,18.939999999999998,234.0,181.0,229.0,-0.3897562458266306,-0.3107623338992786,1.0815933970135168,1.5177655593115995,0.5927341962516522,9.0,False,False
580.0,Freddie Patek,1.886193883397272,24.049999999999997,710.0,2.439999999999999,736.0,22.214999999999996,717.0,20.38,130.0,156.0,137.0,-0.5389853218635976,-0.4791447377914046,-0.0357334070125481,2.10237108989319,0.8657361842709467,13.0,False,False
581.0,Daniel Murphy,1.8713837063936565,20.75,789.0,2.8900000000000006,723.0,19.700000000000003,801.0,18.650000000000002,208.0,142.0,220.0,1.0778060533889062,0.0379785691612663,-0.7276701221889643,-0.1889462705921797,-0.4302332333916098,10.0,False,False
582.0,Newt Allen,1.8657294153876325,24.130000000000003,709.0,10.9359,466.0,21.64,733.0,19.15,127.0,-116.0,151.0,0.0846278383789619,-0.3822704940883963,-0.2395007547962595,1.9342776746773256,1.2287466125869522,9.0,False,True
583.0,Amos Strunk,1.8592053643734792,27.65,616.0,4.869999999999999,647.0,25.945,610.0,24.240000000000002,33.0,64.0,27.0,0.1552415377711336,-0.1316648309223612,0.4930353528223436,-0.125226891724323,0.1690135583349215,12.0,False,False
584.0,Von Hayes,1.8533028401249096,29.889999999999997,556.0,9.670000000000002,508.0,28.305,541.0,26.72,-28.0,-76.0,-43.0,-0.0594570677424015,0.0672648417150853,0.8188962958894414,0.711718526972442,-0.2633999289636742,11.0,False,False
585.0,Paul Konerko,1.8528087707076824,28.04,606.0,-5.6000000000000005,943.0,24.755,646.0,21.47,21.0,358.0,61.0,0.2155186459680779,0.4830829066492608,-0.003607370279989,-0.5825525976306063,-0.8842911147866477,17.0,False,False
586.0,Pete Runnels,1.8504493984491068,29.89,555.0,7.030000000000002,585.0,28.08,549.0,26.27,-31.0,-1.0,-37.0,0.736267509840167,-0.8999507142182076,0.6040249671423165,-0.3996855234305048,0.0669241618978759,13.0,False,False
587.0,Joe Adcock,1.845293077781172,33.50999999999999,480.0,6.619999999999999,597.0,28.65,529.0,23.790000000000003,-107.0,10.0,-58.0,0.1790939813460363,0.8622153072660067,-0.4182872773338744,-0.5307227748310077,-0.7176752960513889,17.0,False,False
588.0,Donn Clendenon,1.845271016758322,20.03,808.0,1.2200000000000002,766.0,19.965000000000003,796.0,19.900000000000002,220.0,178.0,208.0,0.5311772833670153,0.3813961409044641,-0.5254701877598573,0.5418302715798822,-0.5651233403845932,10.0,False,False
589.0,Jerry Mumphrey,1.841510039733892,22.310000000000002,742.0,3.950000000000001,674.0,21.09,750.0,19.869999999999997,153.0,85.0,161.0,0.6293845969094966,-0.6239190004954754,-0.0811076522232332,0.2203160984545001,0.5205316255327974,12.0,False,False
590.0,John Mayberry,1.8303498496328592,24.970000000000002,684.0,2.8499999999999996,725.0,24.205000000000002,663.0,23.44,94.0,135.0,73.0,-0.4319276171564227,0.8690801850399291,1.2765120800533332,-0.5204491674165573,-0.893675956315534,11.0,False,False
591.0,John Anderson,1.8263780419776408,28.259999999999998,600.0,3.31,706.0,24.689999999999998,648.0,21.119999999999997,9.0,115.0,57.0,0.1794636223683461,0.6343540075871327,-0.8982065933732942,0.3741761083417773,-0.540322972235948,13.0,False,False
592.0,Jimmy Dykes,1.799217666023453,34.71,455.0,-0.19839999999999974,802.0,28.15,547.0,21.59,-137.0,210.0,-45.0,-0.3114043569683767,0.0064740622329051,0.5964577275675303,-0.6172982313039308,0.5316714065088916,18.0,False,False
593.0,Mickey Vernon,1.7800260758673008,35.230000000000004,445.0,5.430000000000001,632.0,30.405,476.0,25.580000000000002,-148.0,39.0,-117.0,0.36880660922831,0.0462866840085869,-0.1221051693570495,0.3966600358000589,-0.7145229461271736,17.0,False,False
594.0,Richie Hebner,1.7771750177390446,32.980000000000004,496.0,10.24,488.0,28.17,546.0,23.359999999999996,-98.0,-106.0,-48.0,0.3526580284479992,0.5222784853312674,0.1365316772095921,-0.5168895960036209,-0.6404569650611873,14.0,False,False
595.0,Ken Singleton,1.7770260760592984,41.80000000000001,327.0,13.86,400.0,37.78000000000001,305.0,33.760000000000005,-268.0,-195.0,-290.0,0.3990137313542706,0.269226810704253,1.642478881155128,-0.8275217838680997,-1.3970940212278304,15.0,False,False
596.0,Dick Groat,1.7703806611648147,36.81,418.0,6.2299999999999995,610.0,33.22,413.0,29.63,-178.0,14.0,-183.0,0.8119381861018213,-0.8608005116437125,-0.8579919921211615,-0.8362562937052579,1.4027962479664933,13.0,False,False
597.0,Ian Desmond,1.7700168014419808,15.859999999999998,909.0,-2.9658000000000007,879.0,17.169999999999998,866.0,18.48,312.0,282.0,269.0,0.065273431831635,0.1962853257242898,-0.5155781609293848,0.684940801969881,0.1543405844742946,10.0,False,False
598.0,Bob Watson,1.7624744158784156,28.3,599.0,5.81,620.0,26.34,594.0,24.38,1.0,22.0,-4.0,1.0014721541635077,0.2297049751414266,-0.0089530846921613,-0.6360861581212875,-0.95125214286167,11.0,False,False
599.0,John Ward,1.7620064119711585,62.309999999999995,114.0,18.927300000000002,300.0,51.42,122.0,40.53,-485.0,-299.0,-477.0,0.2379111362275907,-0.7335048538312584,-0.6246360198727609,1.4457986125079934,0.3326181579294967,16.0,True,False
600.0,Duke Farrell,1.7493621515955644,30.86,534.0,9.92,495.0,26.279999999999998,596.0,21.699999999999996,-66.0,-105.0,-4.0,-0.0396093106267283,0.3018037577118204,-0.1208373643257881,-0.6758984230681582,0.3517946307114745,16.0,False,False
601.0,Ken McMullen,1.7378582277513224,34.03,472.0,14.09,395.0,31.995000000000005,437.0,29.960000000000004,-129.0,-206.0,-164.0,-0.2837441432770458,-0.0060614634083214,-0.0269560454505111,-0.5327651884896486,1.3058895232508398,10.0,False,False
602.0,Benito Santiago,1.7330956471399863,27.379999999999995,625.0,3.55,695.0,22.985,702.0,18.59,23.0,93.0,100.0,-0.0845240942568782,0.0613481722509775,-0.8437316872853906,-0.0759725880017389,0.9726722854382338,16.0,False,False
603.0,Frankie Hayes,1.7245335228190062,10.290000000000003,1009.0,-6.1800000000000015,957.0,12.105,988.0,13.92,406.0,354.0,385.0,-0.5273000268117175,0.3986574892145624,0.5020420628382553,-0.3093770031998025,0.6572335817451196,12.0,False,False
604.0,Dave Cash,1.719790369225466,25.560000000000002,674.0,7.169999999999999,578.0,23.55,688.0,21.54,70.0,-26.0,84.0,0.5540647029738014,-0.6668295014936572,-0.5217551374148585,-0.0737983213760346,0.7356262803458059,11.0,False,False
605.0,Johnny Logan,1.71583066394856,33.29,486.0,11.0,464.0,31.555,445.0,29.82,-119.0,-141.0,-160.0,0.0580744608785476,-0.3995154054725347,-0.4927089124620689,-0.5632797777383208,1.4761952165234362,10.0,False,False
606.0,Bobby Avila,1.7083053189355932,28.5,591.0,12.21,438.0,27.465,562.0,26.43,-15.0,-168.0,-44.0,0.3050957946340378,-0.4213394001572164,0.2284296573763328,0.5732450309164796,0.1896215222987209,10.0,False,False
607.0,Juan Uribe,1.7051273674854868,22.560000000000002,734.0,0.47999999999999987,787.0,21.445,742.0,20.33,127.0,180.0,135.0,-0.4405893684020456,0.1709421279011543,-0.755017276450043,-0.4789418880106888,1.3234294015619392,15.0,False,False
608.0,Lloyd Waner,1.7000593123459593,29.669999999999998,560.0,3.0100000000000002,720.0,26.689999999999998,582.0,23.71,-48.0,112.0,-26.0,0.5698922996583589,-0.993450482585548,-1.0960741309163928,-0.5221572955707885,1.4378762713004865,15.0,True,False
609.0,Danny Tartabull,1.6980878735423794,23.299999999999997,717.0,3.7799999999999994,683.0,21.915,726.0,20.53,108.0,74.0,117.0,0.0461503680192771,1.2293363254386418,1.1765780420032903,-0.8231568066082492,-1.4746682356280478,11.0,False,False
610.0,Richie Zisk,1.6900081695538365,25.09,683.0,6.449999999999998,602.0,23.57,687.0,22.050000000000004,73.0,-8.0,77.0,0.5570305487492797,0.7458712194042669,0.0147899569296877,-0.8538887492930892,-1.066127823640033,11.0,False,False
611.0,Chris Young,1.6812337680434486,16.64,887.0,-0.08999999999999964,801.0,16.835,879.0,17.03,276.0,190.0,268.0,-0.9572302955790388,0.5648229135180804,0.3988209170264888,0.3182489626606152,0.9079433858757218,11.0,False,False
612.0,Mookie Wilson,1.6810098626477596,22.36,741.0,3.8600000000000003,677.0,20.44,778.0,18.520000000000003,129.0,65.0,166.0,0.2224240190410217,-0.5794682156921218,-1.1598950635881236,1.31313409851258,1.016199164872748,11.0,False,False
613.0,Alvin Davis,1.677888533621572,20.0,811.0,3.79,681.0,20.96,756.0,21.92,198.0,68.0,143.0,0.4480109343426631,0.4095083184485297,1.274144672737499,-0.593082513039273,-0.9606422266231288,8.0,False,False
614.0,George Scott,1.6770209575765114,36.53,424.0,7.68,560.0,33.42,404.0,30.31,-190.0,-54.0,-210.0,0.0848672093317539,0.4311657465193032,-0.2800118077263609,-0.2287703870564203,-0.5815054193248274,14.0,False,False
615.0,Davey Johnson,1.665708195134418,27.519999999999996,619.0,8.860000000000001,534.0,25.459999999999997,626.0,23.4,4.0,-81.0,11.0,0.0104896405053256,0.4724961228145246,0.4369913438691279,-0.5322411723947654,0.0765314412295532,9.0,False,False
616.0,Greg Luzinski,1.6609382434320172,26.299999999999997,655.0,2.2799999999999994,740.0,24.349999999999994,659.0,22.399999999999995,39.0,124.0,43.0,0.1820045193385283,1.1756945869715714,0.6291378855009818,-0.6977958747949177,-1.875122368623736,13.0,False,False
617.0,Asdrubal Cabrera,1.6559873144527897,30.089999999999996,551.0,5.091000000000002,638.0,26.004999999999995,605.0,21.919999999999998,-66.0,21.0,-12.0,0.1105236977610442,0.1038376584023012,-0.0540154871116937,-0.2790298042846083,0.2129336480780241,14.0,False,False
618.0,Dave Kingman,1.655862619124403,17.28,869.0,-6.876199999999999,971.0,16.634999999999998,888.0,15.989999999999998,251.0,353.0,270.0,-1.0706827102278724,1.8404320797720637,-0.2995323806355896,-0.2832341974811321,-0.8401601376775844,15.0,False,False
619.0,Starlin Castro,1.6532139164968425,18.21,851.0,-2.6100000000000003,870.0,16.995,873.0,15.78,232.0,251.0,254.0,0.6095498209580179,-0.3413396698418813,-0.9140386153602996,-0.2584422710171331,0.3968180697658017,11.0,False,False
620.0,Alexei Ramirez,1.648509611479403,21.839999999999996,758.0,2.5772000000000004,731.0,21.93,724.0,22.02,138.0,111.0,104.0,0.2045311203995078,-0.3568752720293481,-1.013629557237153,0.3689196077409499,1.110523933007277,9.0,False,False
621.0,Julio Lugo,1.6428040702314672,13.51,955.0,-4.39,912.0,14.1,957.0,14.69,334.0,291.0,336.0,-0.0553473739082982,-0.6042499744236897,0.0060584327224916,1.073878503716167,0.8226056735429328,11.0,False,False
622.0,Cesar Tovar,1.6379659892819478,28.25,601.0,7.72,559.0,27.1,572.0,25.95,-21.0,-63.0,-50.0,0.4723605654682247,-0.7826111579011943,-0.6634360691384128,1.2151831462167066,0.5873574085756386,10.0,False,False
623.0,Luis Gonzalez,1.6374689978028787,51.67,192.0,19.790000000000003,282.0,42.755,213.0,33.84,-431.0,-341.0,-410.0,0.2412373705655066,0.4302804276637883,0.4669906358134167,-0.5354892787505784,-1.2124467937621284,18.0,False,False
624.0,Elmer Valo,1.6337710581886191,28.599999999999994,586.0,9.819999999999999,502.0,25.539999999999996,624.0,22.479999999999997,-38.0,-122.0,0.0,0.2746462313157049,-0.5350317580553313,1.406431521085917,1.0564440862677154,-0.3216569810137778,12.0,False,False
625.0,Jose Abreu,1.6298190588617505,29.479999999999997,566.0,8.700000000000001,540.0,28.195,544.0,26.910000000000004,-59.0,-85.0,-81.0,0.8914846769460393,0.4875083635392468,-0.7129846103425402,-0.523901498397851,-1.0865704343588525,10.0,False,False
626.0,Riggs Stephenson,1.6283558357450305,32.68,500.0,15.24,370.0,28.784999999999997,525.0,24.889999999999997,-126.0,-256.0,-101.0,0.9988413257656992,0.0831846184920941,0.3994900999417853,-0.5055253028856181,-0.7371379549121457,12.0,False,False
627.0,Ken Griffey,1.624551818390723,34.54,460.0,8.509999999999998,543.0,29.085,514.0,23.630000000000003,-167.0,-84.0,-113.0,0.7910105832840674,-0.133485054605528,-0.0156347082778338,0.0066377946673425,-0.6992786500665823,16.0,False,False
628.0,Earl Torgeson,1.6241368197103845,33.08,493.0,11.419999999999996,448.0,29.29,503.0,25.5,-135.0,-180.0,-125.0,-0.2733788775244384,0.0327379327713062,1.6593544079103644,1.4349522708986826,-0.794993733794181,12.0,False,False
629.0,Dewey Creacy,1.6198944665202957,15.679999999999998,915.0,2.5999999999999996,729.0,15.379999999999999,926.0,15.08,286.0,100.0,297.0,0.0485006932739615,0.5621861487407447,-0.0933042891549607,-0.0994177780697559,-0.3048916229599994,11.0,False,True
630.0,Edgar Renteria,1.6113469572620098,32.440000000000005,506.0,4.73,651.0,29.045,517.0,25.65,-124.0,21.0,-113.0,0.4498746225966422,-0.6143906301866363,-0.1075312333503562,0.7444235215834496,-0.0153195633289653,16.0,False,False
631.0,Delino DeShields,1.603739421186659,24.39,698.0,3.899999999999999,676.0,22.595,709.0,20.799999999999997,67.0,45.0,78.0,-0.0774326068561214,-0.493521194439963,0.6218547508662496,2.189438882171783,-0.4753660638489739,12.0,False,False
632.0,Don Baylor,1.5861957202367525,28.479999999999997,592.0,-2.66,872.0,25.075,634.0,21.67,-40.0,240.0,2.0,-0.2267169142156438,0.6007776407443415,-0.1954605037829084,0.5420013674924281,-0.9620255271762376,17.0,False,False
633.0,Red Rolfe,1.5860335778230097,28.9,578.0,11.730000000000002,445.0,27.925,554.0,26.950000000000003,-55.0,-188.0,-79.0,0.1422664146798984,-0.0349069500207313,0.1280922541557103,-0.3994785391941228,0.4989367930446202,9.0,False,False
634.0,Ned Hanlon,1.5829869197372508,18.08,854.0,-0.7800000000000001,819.0,16.104999999999997,905.0,14.129999999999999,220.0,185.0,271.0,-0.212770552346024,-0.4320303940573461,0.63531684076072,1.0885316688432498,0.8206715505503918,12.0,False,False
635.0,Eddie Yost,1.5802786271794216,35.11,446.0,8.27,551.0,31.779999999999998,439.0,28.449999999999996,-189.0,-84.0,-196.0,-0.5581388100873079,-0.3972327872731627,2.0886325229563076,-0.0861112580121375,0.3448764570585408,15.0,False,False
636.0,Cliff Floyd,1.5802558246258167,25.939999999999998,661.0,7.32,571.0,25.525,625.0,25.11,25.0,-65.0,-11.0,0.1733887371864238,0.5124732378552067,0.1360415808853204,0.2769204768819969,-1.0682698676384628,13.0,False,False
637.0,Jim Northrup,1.5780084660863838,22.04,751.0,3.8599999999999994,679.0,21.71,730.0,21.38,114.0,42.0,93.0,0.0483818143643528,0.4180971993567191,-0.1183618805064912,-0.5541889246269248,-0.0025909649058319,11.0,False,False
638.0,Terry Steinbach,1.572291543366318,27.990000000000002,609.0,7.82,557.0,24.795,643.0,21.6,-29.0,-81.0,5.0,0.1612841898181612,0.0147035531485869,-0.4861797601703441,-0.4598678543711578,0.8433566429704822,13.0,False,False
639.0,Pablo Sandoval,1.5712530858413492,19.07,843.0,3.153600000000001,712.0,19.905,799.0,20.740000000000002,204.0,73.0,160.0,0.4757179908025306,0.1296621317745097,-0.4351927048608119,-0.5677552044414615,-0.0681832361807655,10.0,False,False
640.0,Tom Burns,1.569374904544424,22.150000000000002,746.0,3.4625000000000004,700.0,20.18,788.0,18.21,106.0,60.0,148.0,0.0747911935559653,0.218114137042017,-0.3742196790745705,-0.1459541234172908,0.3265664815930424,12.0,False,False
641.0,Carlos Santana,1.5681152299985437,38.84,374.0,7.4399999999999995,568.0,32.625,428.0,26.41,-267.0,-73.0,-213.0,-0.5353896758337381,0.20308146212131,1.7264408682092511,-0.2466327833383636,-0.5332309525017648,15.0,False,False
642.0,Kyle Schwarber,1.5587465178413709,22.380000000000003,739.0,3.8600000000000003,677.0,21.439999999999998,743.0,20.499999999999996,97.0,35.0,101.0,-0.7576563412741587,1.6758650632584955,1.7333980332746917,-0.6059797220189527,-1.440854582189978,10.0,False,False
643.0,Dick McAuliffe,1.5576425932377935,37.54,408.0,13.94,397.0,33.55,402.0,29.560000000000002,-235.0,-246.0,-241.0,-0.3806852688162634,0.7000524670761957,1.1881313257820505,-0.3417726707450219,-0.5464373444205248,14.0,False,False
644.0,Tony Gonzalez,1.5546581389127796,27.040000000000003,634.0,5.57,625.0,26.68,583.0,26.32,-10.0,-19.0,-61.0,0.6087339376021129,-0.3677652855859384,-0.2767133832882678,-0.0166528606683468,0.0746710832321543,12.0,False,False
645.0,John Stone,1.542033716283818,26.930000000000003,640.0,8.92,532.0,25.725,617.0,24.52,-5.0,-113.0,-28.0,0.3862052297346753,0.3297940536823376,0.265081399135285,-0.336213356726348,-0.3109639646744149,9.0,False,False
646.0,Clete Boyer,1.53011195717308,27.79,614.0,7.180000000000001,577.0,25.735,616.0,23.68,-32.0,-69.0,-30.0,-0.6364366191994556,-0.0918934829225489,-0.4700247391276854,-0.2995872670244165,1.837691002285292,11.0,False,False
647.0,Hank Sauer,1.5163308693255124,25.210000000000004,681.0,4.469999999999999,660.0,23.725,680.0,22.24,34.0,13.0,33.0,-0.4032812521723611,1.487252028115697,0.0454422697391496,-0.8425444119348143,-0.6601138848433072,10.0,False,False
648.0,Jay Bruce,1.5157439102343813,19.680000000000003,816.0,-1.0200000000000005,826.0,19.505000000000003,806.0,19.33,168.0,178.0,158.0,-0.5812256469760183,1.0576003373309473,0.1643077173063091,-0.5433548695938414,-0.2732529180506694,12.0,False,False
649.0,Ken Henderson,1.5072152637613274,14.79,936.0,-2.91,877.0,16.775,881.0,18.759999999999998,287.0,228.0,232.0,-0.1981451610689884,0.1293998898802652,0.4878465466917154,-0.013872721823301,0.129321341100549,10.0,False,False
650.0,Lee Lacy,1.5070679038816537,20.19,805.0,3.9700000000000006,671.0,18.335,838.0,16.48,155.0,21.0,188.0,0.6855668485988808,-0.1751693103700687,-0.394141429754343,0.4735892623714831,-0.3860470047939457,13.0,False,False
651.0,Orlando Cabrera,1.500482380295136,21.33,771.0,-5.25,936.0,20.645,768.0,19.96,120.0,285.0,117.0,0.0088502039845179,-0.5442583647804519,-0.6090618406462426,0.4427302892078873,0.8376694643321907,14.0,False,False
652.0,Terry Moore,1.4981492545168458,21.4,767.0,3.0826000000000002,717.0,20.205,785.0,19.009999999999998,115.0,65.0,133.0,-0.1787650564641412,-0.2807075183213859,-0.4973007454949998,0.323974602825227,1.1863118092022942,11.0,False,False
653.0,Dan McGann,1.4819112889022843,34.699999999999996,456.0,13.870000000000001,399.0,30.935,461.0,27.17,-197.0,-254.0,-192.0,0.217539291219193,0.2713038112297152,0.1085657664181986,0.5629656459175632,-0.7902371665202359,11.0,False,False
654.0,Gus Bell,1.4756052692740451,15.600000000000003,918.0,-10.909999999999998,1025.0,16.335,898.0,17.07,264.0,371.0,244.0,0.1673848731371177,0.1290939559327062,-0.9446117426724664,-0.5621904489656969,0.035289657596624,13.0,False,False
655.0,Dan Uggla,1.467733603992297,18.39,849.0,1.74,755.0,19.295,813.0,20.2,194.0,100.0,158.0,-0.7571183571770187,1.126962233018769,1.0390831122943958,-0.6584857807889882,-0.1058457689516905,8.0,False,False
656.0,Johnny Temple,1.4493423908093903,17.13,872.0,-3.73,899.0,16.555,890.0,15.98,216.0,243.0,234.0,0.599909603705503,-1.0597721670338731,0.5445166991337338,1.347480807098158,-0.1612707080277345,10.0,False,False
657.0,John Titus,1.4483782094141506,30.220000000000002,548.0,11.350000000000001,450.0,27.445,564.0,24.67,-109.0,-207.0,-93.0,0.4138443166227419,0.526226708224166,0.8984818235317245,-0.7368392608130537,-0.9004478420892728,11.0,False,False
658.0,Jim Gilliam,1.443459363359165,44.800000000000004,274.0,12.5,432.0,37.575,311.0,30.350000000000005,-384.0,-226.0,-347.0,-0.1149977364243445,-0.8147919392183718,0.956642972071165,1.3980726019001537,0.0026460234948542,16.0,False,True
659.0,Eddie Stanky,1.4415378365501783,41.550000000000004,333.0,22.339999999999996,229.0,39.645,267.0,37.74,-326.0,-430.0,-392.0,-0.0911081035660928,-0.6537000401809303,2.320486802695275,-0.1851777380084686,0.659319088872688,9.0,False,False
660.0,Clint Thomas,1.4402712928620756,15.459999999999999,920.0,6.31,609.0,13.945,961.0,12.43,260.0,-51.0,301.0,0.0455464378826752,0.5826612576166149,-0.2810337630839696,1.695606336937135,-0.3172476060746345,10.0,False,True
661.0,Brandon Belt,1.418101702476088,29.919999999999998,554.0,12.469999999999997,433.0,26.38,591.0,22.84,-107.0,-228.0,-70.0,-0.0093900057732268,0.338243504760385,0.9813533869654888,-0.1420273537385764,-0.387635932037288,12.0,False,False
662.0,Johnny Ray,1.413843590443965,24.180000000000003,707.0,5.01,642.0,23.580000000000002,684.0,22.98,45.0,-20.0,22.0,0.8213096872850874,-0.3926950693688124,-0.7760230371353971,-0.3855274779531445,0.5143226661678411,9.0,False,False
663.0,Burt Shotton,1.4126020741663747,23.339999999999996,716.0,1.9600000000000009,747.0,23.574999999999996,686.0,23.81,53.0,84.0,23.0,-0.1059758446710439,-0.920133193984128,1.2060784798330657,0.7537304964962446,0.6733907065695947,10.0,False,False
664.0,Aubrey Huff,1.4093846158218617,20.439999999999998,798.0,-2.7599999999999993,875.0,21.540000000000003,736.0,22.640000000000008,134.0,211.0,72.0,0.2461828584365667,0.2387152733640724,-0.2884712776838657,-0.4455247368356979,-0.5754493453477951,11.0,False,False
665.0,Dante Bichette,1.4087302587228103,5.65,1048.0,-15.899999999999999,1049.0,6.875,1047.0,8.1,383.0,384.0,382.0,0.8015185245887365,0.5829080487562234,-1.1994072397407682,-0.1023152682687492,-1.1067722202427177,12.0,False,False
666.0,Deacon McGuire,1.3952581134542226,24.259999999999998,704.0,0.6368000000000004,782.0,20.785,761.0,17.310000000000002,38.0,116.0,95.0,0.0547144125875887,-0.0095342688741656,-0.038178308833985,-0.8291987987096163,0.5602432567544171,16.0,False,False
667.0,Ryan Klesko,1.3788844072626076,26.95,638.0,7.26,573.0,24.355000000000004,658.0,21.760000000000005,-29.0,-94.0,-9.0,0.0579716982891606,0.666652818080688,0.7818958464941962,-0.1476072942435422,-1.2933128766013882,13.0,False,False
668.0,Sherm Lollar,1.3761389938672326,30.060000000000002,552.0,11.05,462.0,25.994999999999997,607.0,21.929999999999996,-116.0,-206.0,-61.0,-0.0591764099139203,-0.1081326944171796,0.3224210379378632,-0.3714610594366534,0.6815235885624068,14.0,False,False
669.0,Judy Johnson,1.373737896941214,15.699999999999998,914.0,6.216700000000001,611.0,15.899999999999999,912.0,16.1,245.0,-58.0,243.0,0.1800744838390218,-0.0792549611699162,-0.5332755955959749,0.5773500456839779,0.3038001920766523,12.0,True,True
670.0,Edgardo Alfonzo,1.371663303026344,28.76,582.0,10.340000000000002,480.0,28.84,522.0,28.919999999999998,-88.0,-190.0,-148.0,0.4590733795722157,-0.3194680070272213,0.1688437494488792,-0.4521130751977665,-0.0538071290700185,11.0,False,False
671.0,Buck Weaver,1.3597827496835602,21.6,761.0,1.26,764.0,21.54,737.0,21.479999999999997,90.0,93.0,66.0,0.1638425669821097,-0.0476680839723857,-1.3990493787446034,0.0869832024409505,0.9128748067783996,9.0,False,False
672.0,Fred Merkle,1.3469128910164216,19.490000000000002,827.0,-1.2900000000000005,833.0,18.685000000000002,826.0,17.88,155.0,161.0,154.0,-0.0088772649149466,0.5042930249722436,-0.2208294535593148,0.4214498216062629,-0.7577476236457089,12.0,False,False
673.0,Joe Judge,1.3380908013707713,48.38,221.0,13.699999999999998,404.0,37.755,306.0,27.130000000000003,-452.0,-269.0,-367.0,0.0414537288407499,0.0361655400988793,0.759952593321651,0.2025081400343328,-0.5970254309352211,17.0,False,False
674.0,Carney Lansford,1.3306234307176223,40.43,352.0,14.83,376.0,34.435,383.0,28.44,-322.0,-298.0,-291.0,0.7716928867749674,-0.3417437011110854,-0.5622231450019085,0.4302732295901273,-0.7006799263880029,14.0,False,False
675.0,Jermaine Dye,1.3148687309050089,20.32,801.0,-5.090000000000001,931.0,21.785,728.0,23.25,126.0,256.0,53.0,-0.0563139627966495,0.6649597561081614,-0.3076911216945632,-0.7555801661823989,-0.7394260387954417,14.0,False,False
676.0,Ross Youngs,1.31124155346803,32.42,507.0,15.450000000000001,366.0,31.445,448.0,30.47,-169.0,-310.0,-228.0,0.613695773803171,-0.0627482197089782,0.7051930468102137,0.2570069256498567,-1.0109278809324544,9.0,True,False
677.0,Wally Joyner,1.3059349954996669,35.81,435.0,9.29,520.0,29.705000000000002,493.0,23.6,-242.0,-157.0,-184.0,0.5194247991041333,-0.1866947195721145,0.0886180882720544,-0.3821048470576645,-0.346015078919397,15.0,False,False
678.0,Matty Alou,1.299890789406514,23.07,723.0,1.8642999999999994,750.0,23.259999999999998,698.0,23.45,45.0,72.0,20.0,1.3842612955414684,-1.1503629901055858,-1.1773962665173645,0.6157604502836183,-0.2212587094982078,12.0,False,False
679.0,Phil Garner,1.2997671833767863,29.71,558.0,6.43,603.0,26.53,588.0,23.35,-121.0,-76.0,-91.0,-0.2183343480337067,0.0297153363427443,-0.1758319119187968,0.4241029708304497,0.1482382737467501,13.0,False,False
680.0,Danny Murphy,1.29113242961144,36.489999999999995,426.0,13.559999999999999,406.0,33.23,412.0,29.97,-254.0,-274.0,-268.0,0.6705818381797334,1.0746845475154492,-0.7379471297794753,-0.2351320931996748,-1.6283626624755736,10.0,False,False
681.0,Steve Sax,1.2895082873244483,25.700000000000003,672.0,0.43000000000000005,790.0,23.83,677.0,21.959999999999997,-9.0,109.0,-4.0,0.5474239626853113,-0.8209359435455988,-0.4457202202823327,1.404930215528273,-0.1000699448564624,11.0,False,False
682.0,Phil Cavarretta,1.289328449676932,37.029999999999994,411.0,9.919999999999998,497.0,31.744999999999997,440.0,26.46,-271.0,-185.0,-242.0,0.3762136956378606,-0.0904349189914337,0.189524240668191,-0.2598659379219212,-0.6188050896650266,16.0,False,False
683.0,Jack Doyle,1.287568710170904,24.849999999999998,690.0,2.5100000000000007,733.0,22.25,716.0,19.65,7.0,50.0,33.0,0.3203859580846145,-0.3306628831292876,-0.3029242989078406,1.2636426956449431,-0.4382118145788489,15.0,False,False
684.0,Chone Figgins,1.2862669483284137,22.039999999999996,752.0,3.64,690.0,22.275,714.0,22.51,68.0,6.0,30.0,0.3110922266083002,-1.316575408624303,0.3581353698306538,2.71632162390422,0.0926707474963476,9.0,False,False
685.0,Pinky Whitney,1.285674435149387,17.06,876.0,-3.7199999999999998,897.0,16.165,903.0,15.27,191.0,212.0,218.0,0.1161008509465104,-0.0559760992797737,-0.6788648572960869,-0.4835261744311069,0.5683305905603302,11.0,False,False
686.0,Frank Schulte,1.2827857857027682,23.089999999999996,721.0,-0.9400000000000006,824.0,21.055,752.0,19.02,35.0,138.0,66.0,-0.0083575646585749,0.9708857970716296,-0.3004958500838206,-0.3700526139496976,-1.290948279182943,14.0,False,False
687.0,J. J. Hardy,1.2790304667731904,28.150000000000002,604.0,7.309999999999999,572.0,26.110000000000003,601.0,24.070000000000004,-83.0,-115.0,-86.0,-0.3010773438435887,0.1462674275868056,-0.4470524169069395,-0.9405750543802108,0.7217043178955771,12.0,False,False
688.0,Joe Vosmik,1.2715346807873908,17.789999999999996,860.0,-3.3799999999999994,893.0,18.279999999999998,840.0,18.77,172.0,205.0,152.0,0.4794389522583223,-0.0694997042776506,-0.0904138252947352,-0.7497483876972668,-0.1593812064854172,10.0,False,False
689.0,Billy Rogell,1.2697269723263631,25.529999999999998,675.0,4.41,663.0,25.83,611.0,26.130000000000003,-14.0,-26.0,-78.0,-0.3248881575567836,-0.2194448421476153,0.7241149716513815,0.1826816673271711,0.5640559914410961,11.0,False,False
690.0,Kevin Seitzer,1.269559624396095,28.87,580.0,8.7874,538.0,27.035,575.0,25.2,-110.0,-152.0,-115.0,0.8071073641355314,-0.7057926679796569,0.5198567867383808,-0.1648014974171797,-0.018831887280414,11.0,False,False
691.0,Garret Anderson,1.2662890711448378,25.700000000000003,672.0,-6.259999999999999,958.0,24.245000000000005,661.0,22.790000000000003,-19.0,267.0,-30.0,0.6120073967567397,-0.0542412688557243,-1.3399468741532228,-0.6580582012277107,-0.1122011076560593,15.0,False,False
692.0,Harvey Kuenn,1.266133466286278,25.789999999999992,668.0,1.1399999999999992,768.0,23.884999999999994,676.0,21.979999999999997,-24.0,76.0,-16.0,0.9986687588481206,-0.6951445559671228,-0.406365006567662,-0.0549195439929875,-0.4790059901620739,13.0,False,False
693.0,Bill Skowron,1.2639174296397018,26.94,639.0,7.979999999999999,556.0,23.775,678.0,20.61,-54.0,-137.0,-15.0,0.4790872080082769,0.3510576378993821,-0.8818275563285503,-0.448479899398996,-0.7768616717135438,13.0,False,False
694.0,Bob Meusel,1.2570574153376328,28.43,594.0,5.589999999999999,624.0,26.105,602.0,23.78,-100.0,-70.0,-92.0,0.088548062851707,0.9062273183526984,-0.6766625093544896,0.1498132201378619,-0.9713920122946212,11.0,False,False
695.0,Howie Kendrick,1.251443366553746,35.01999999999999,449.0,12.909999999999997,421.0,30.299999999999994,478.0,25.58,-246.0,-274.0,-217.0,0.9076494878262956,-0.2986764043704941,-0.925125401956558,0.1748787582261724,-0.2857823800194256,13.0,False,False
696.0,Charles Zimmer,1.2514048259162052,29.479999999999997,566.0,12.209999999999999,439.0,24.799999999999997,642.0,20.12,-130.0,-257.0,-54.0,-0.1765528925315126,0.1288076398290549,-0.0748644201913247,-0.4819959778469049,0.6324854756182073,13.0,False,False
697.0,Glenn Hubbard,1.246347661998232,19.22,837.0,1.7900000000000003,754.0,18.79,823.0,18.36,140.0,57.0,126.0,-0.7316552988616227,-0.2705557271205641,0.5632653945267119,-0.7168012353489129,1.9843957303897728,10.0,False,False
698.0,Billy Shindle,1.2457147556911288,17.09,875.0,-2.3200000000000003,860.0,16.675,886.0,16.26,177.0,162.0,188.0,-0.326725709196168,-0.2491958906234685,-0.7659593086700001,-0.2275189139979902,0.8008323505336468,11.0,False,False
699.0,Dansby Swanson,1.2394944566688306,31.709999999999997,516.0,13.399999999999999,410.0,29.585,496.0,27.46,-183.0,-289.0,-203.0,-0.2180972622036884,-0.0105252817055596,0.1872405465927548,0.0313791633818353,0.6641750365235369,9.0,False,False
700.0,Vic Wertz,1.2312257228714427,26.88,641.0,5.68,623.0,24.305,660.0,21.73,-59.0,-77.0,-40.0,0.060023436742844,0.6733972078961872,0.4799844648577445,-0.7663624921992944,-0.767830343576726,14.0,False,False
701.0,Ron Hunt,1.2311180189477082,32.65,502.0,11.21,459.0,29.105,513.0,25.560000000000002,-199.0,-242.0,-188.0,0.4533143681535387,-0.7359690257242775,0.1840935164566598,-0.223770378915059,0.5009588303096014,12.0,False,False
702.0,Rondell White,1.2279758639433556,28.21,603.0,9.469999999999997,515.0,25.340000000000003,629.0,22.470000000000002,-99.0,-187.0,-73.0,0.3198684142610208,0.0732046867337379,-0.9760936463223844,-0.2888944827799039,-0.024762527609776,12.0,False,False
703.0,Richie Sexson,1.221939076968546,18.039999999999996,855.0,-0.5400000000000007,812.0,18.464999999999996,834.0,18.89,152.0,109.0,131.0,-0.5372268073038923,0.9377961161345504,0.2204140389211805,-0.505763857190507,-0.2565766360783705,9.0,False,False
704.0,Michael Brantley,1.2211650237882772,34.1,468.0,13.109999999999998,417.0,31.095000000000002,456.0,28.090000000000003,-236.0,-287.0,-248.0,1.1713618534137074,-0.4133730299704014,-0.2056359654091137,0.0613156181576426,-0.9019989258709422,11.0,False,False
705.0,Wally Moon,1.219771109526243,24.97,685.0,3.959999999999999,673.0,25.369999999999997,628.0,25.77,-20.0,-32.0,-77.0,0.6068097222324501,0.0065703295168754,0.6126133880157851,0.586347443858299,-1.319236723114705,10.0,False,False
706.0,Ramon Hernandez,1.214615648465604,22.06,750.0,2.85,724.0,20.445,777.0,18.830000000000002,44.0,18.0,71.0,-0.0733683031682686,-0.0579365288061869,-0.3217175481282788,-0.545612049587465,0.9240230757202976,12.0,False,False
707.0,Raul Mondesi,1.210487675416936,29.51,565.0,9.229999999999999,521.0,27.53,560.0,25.55,-142.0,-186.0,-147.0,-0.0884737861515709,0.6337591253868926,-0.5902558784051081,0.8185135058747607,-0.677738859116942,10.0,False,False
708.0,Tony Peña,1.2042401916860146,24.729999999999997,694.0,0.3600000000000001,793.0,24.729999999999997,647.0,24.729999999999997,-14.0,85.0,-61.0,0.0443323926445174,-0.5475124192733054,-0.7038326456378776,-0.0970038385718568,0.9527724901123756,14.0,False,False
709.0,Carl Everett,1.201780600944237,20.439999999999998,798.0,2.539999999999999,732.0,20.799999999999997,760.0,21.16,89.0,23.0,51.0,-0.1436824300670074,0.2171325903454111,-0.3829248685340575,-0.0303900317337734,-0.2476318551770038,12.0,False,False
710.0,Denis Menke,1.1918548447647592,28.07,605.0,6.889999999999999,589.0,25.695000000000004,618.0,23.320000000000007,-105.0,-121.0,-92.0,-0.1426366723480528,-0.014846847819385,0.9146822723516848,-0.4912769333810244,-0.0157040234766613,11.0,False,False
711.0,Michael Bourn,1.1917089752295813,22.770000000000003,731.0,6.550000000000002,598.0,23.165,699.0,23.56,20.0,-113.0,-12.0,0.0106493109357738,-1.2319196261703216,-0.0716736370426394,2.1285199858495742,1.0082584135985766,9.0,False,False
712.0,Gene Woodling,1.191181128928351,33.24999999999999,488.0,12.77,424.0,29.139999999999993,511.0,25.029999999999994,-224.0,-288.0,-201.0,0.3556777459582691,-0.1114329848212846,1.207923323384583,-0.539555952871335,-0.7287190482182236,14.0,False,False
713.0,George Burns,1.187446318341697,34.8,451.0,6.43,603.0,30.200000000000003,480.0,25.600000000000005,-262.0,-110.0,-233.0,0.5090943604781277,0.2181930974470719,-1.0001001051241516,-0.1498250634623537,-0.5018689962009899,14.0,False,False
714.0,Bobby Higginson,1.184001794738656,23.080000000000002,722.0,3.37,703.0,22.28,713.0,21.48,8.0,-11.0,-1.0,-0.1471556542747642,0.1075062766617253,0.5379189255344694,-0.2707223831901135,-0.1535346881610793,10.0,False,False
715.0,Otis Nixon,1.1824510643773611,16.64,887.0,-1.92,849.0,15.615,920.0,14.59,172.0,134.0,205.0,0.0957094460296896,-1.8257058358613272,0.2745301930670133,3.4838523951850844,1.1850840326449763,11.0,False,False
716.0,Kevin McReynolds,1.170664712004975,30.099999999999998,550.0,9.649999999999999,510.0,28.25,542.0,26.4,-166.0,-206.0,-174.0,-0.078671559144198,0.6695770107094918,-0.0892360883726009,-0.5031866447394611,-0.3955691666104345,11.0,False,False
717.0,Bob Bailey,1.169782964696621,28.830000000000002,581.0,4.189999999999999,667.0,26.2,599.0,23.569999999999997,-136.0,-50.0,-118.0,-0.0973079847712745,0.1508465964070184,0.8480351991604446,0.0075682838535343,-0.6105969924391714,13.0,False,False
718.0,Darin Erstad,1.168748912369015,32.29,510.0,9.86,500.0,30.53,474.0,28.77,-208.0,-218.0,-244.0,0.2673103550965592,-0.8744146006635433,-0.7238006282911862,0.6158765438292184,0.5545400703218625,12.0,False,False
719.0,Jose Vidro,1.1671540816260586,17.36,867.0,-0.33999999999999964,806.0,18.78,824.0,20.2,148.0,87.0,105.0,0.8180741736527054,-0.1861238787072999,-0.1425794109293061,-0.7879030437863886,-0.6399510108079631,11.0,False,False
720.0,John Roseboro,1.1626090894209125,22.48,736.0,1.65,756.0,20.965000000000003,755.0,19.450000000000003,16.0,36.0,35.0,-0.3123883454894051,-0.246491585860555,0.2699836027334945,0.3217771120024358,0.8854414656043718,12.0,False,False
721.0,Marlon Byrd,1.1593357721138888,25.99,660.0,6.16,614.0,25.03,636.0,24.07,-61.0,-107.0,-85.0,0.2593957758922788,-0.0311122617854664,-0.7769525809048369,-0.5507332400248217,0.3884121445645177,12.0,False,False
722.0,Del Crandall,1.1517268951545228,28.03,608.0,6.719999999999999,594.0,26.195,600.0,24.36,-114.0,-128.0,-122.0,-0.3228184696214122,0.1314165004328825,-0.5764826955521348,-0.2377944934050433,0.8088532574122101,13.0,False,False
723.0,Lee May,1.1494129320175024,27.299999999999997,627.0,-0.4599999999999998,809.0,24.625,650.0,21.95,-96.0,86.0,-73.0,0.0190561691472584,0.8853129782884712,-1.0279239129115734,-0.4263991662616267,-0.78340774532004,14.0,False,False
724.0,Tony Armas,1.1289361458716278,15.839999999999998,911.0,-1.9500000000000004,850.0,16.415,894.0,16.99,187.0,126.0,170.0,-0.6257043714847041,1.0999252895404028,-1.2176622304217788,-0.93568401610082,0.5481516449176578,12.0,False,False
725.0,Leo Cardenas,1.126043181068605,27.259999999999998,628.0,-0.24000000000000066,805.0,25.29,630.0,23.32,-97.0,80.0,-95.0,0.0591645429438405,-0.0801430586901216,-0.4442997205798278,-0.654841721582959,0.1889410173860191,13.0,False,False
726.0,Willie Horton,1.1202447747950388,26.459999999999994,649.0,-1.1800000000000002,830.0,23.544999999999998,689.0,20.630000000000003,-77.0,104.0,-37.0,0.2351067441487711,0.7961779498497016,-0.3692920335714474,-0.7677403807089352,-1.140649893296975,16.0,False,False
727.0,Jason Thompson,1.1143328552909333,24.94,686.0,5.57,625.0,23.725,680.0,22.51,-41.0,-102.0,-47.0,-0.3638212803448079,0.6565314410207185,1.539512208593078,-0.5986708266183419,-0.8308557036207146,10.0,False,False
728.0,Jake Daubert,1.1122211138064555,39.77,363.0,12.25,436.0,32.855000000000004,425.0,25.94,-365.0,-292.0,-303.0,0.5705276681220847,-0.1165510335066699,-0.2389419909262467,-0.0727851008239951,-0.7833786061140096,15.0,False,False
729.0,John Morrill,1.0871925013632588,23.019999999999996,724.0,3.7174000000000005,686.0,20.195,786.0,17.37,-5.0,-43.0,57.0,-0.1688476100212761,0.4427009896730268,0.5612838963532958,-0.9247564426353,-0.4602168903987142,13.0,False,False
730.0,Michael Cuddyer,1.067833553314249,17.83,858.0,-3.2356999999999996,888.0,16.645,887.0,15.46,128.0,158.0,157.0,0.2907321789904755,0.377961445953716,-0.0602353861085468,-0.345255983206151,-0.9512752161100568,12.0,False,False
731.0,Bill Buckner,1.049177962248617,15.049999999999999,930.0,-17.150000000000002,1056.0,15.739999999999998,917.0,16.43,199.0,325.0,186.0,0.6940627847695164,-0.3671891648070428,-1.3988263049481289,0.0733121010957262,-0.2415478534066929,18.0,False,False
732.0,Tony Taylor,1.0409436841333517,23.2,719.0,-7.61,982.0,20.68,767.0,18.160000000000004,-13.0,250.0,35.0,-0.0004879995320125,-0.5886326002055915,-0.4587586623337889,1.1602317768820556,0.0915300368228397,16.0,False,False
733.0,David DeJesus,1.0396323234818008,23.42,715.0,3.1900000000000004,711.0,20.805,759.0,18.189999999999998,-18.0,-22.0,26.0,0.1992069478588419,-0.4758206584566809,-0.0196855270410731,-0.4545130528356902,0.6396814362944014,12.0,False,False
734.0,Joe Randa,1.0293609952891731,21.380000000000003,769.0,0.9899999999999998,770.0,20.005000000000003,795.0,18.63,35.0,36.0,61.0,0.4285985869517098,-0.4282999258501841,-0.5504971082046402,-0.3941857982066145,0.5952990522661926,11.0,False,False
735.0,Luis Castillo,1.0225319961550146,29.069999999999993,575.0,6.709999999999998,595.0,26.549999999999997,587.0,24.03,-160.0,-140.0,-148.0,0.6105929687333777,-1.5021348644489174,0.6186362890613694,1.730271921470632,-0.1244983104809189,13.0,False,False
736.0,Terry Kennedy,1.0219414867581893,21.56,762.0,3.3200000000000003,705.0,20.475,775.0,19.39,26.0,-31.0,39.0,0.1485133508608377,-0.2144989397038433,-0.5887739441069973,-0.5329136712891963,0.8275094600873969,11.0,False,False
737.0,Carl Furillo,1.0122767382144389,34.64,458.0,7.730000000000001,558.0,30.07,485.0,25.5,-279.0,-179.0,-252.0,0.7093723741385382,0.1447827681015847,-0.816887054176182,-0.2917037577187184,-0.939691370738319,13.0,False,False
738.0,Nick Castellanos,1.010874485460114,11.96,984.0,-11.62,1031.0,13.0,974.0,14.04,246.0,293.0,236.0,0.5034518250637975,0.3647557801169023,-0.7910524907194811,-0.6170286501225489,-0.8870603696201969,12.0,False,False
739.0,Mike Greenwell,1.0085068961591754,25.789999999999996,667.0,8.520000000000003,541.0,25.754999999999995,615.0,25.72,-72.0,-198.0,-124.0,1.0508380986942676,0.1624680817423509,-0.0259028297912928,-0.518331911481876,-1.4931695373428524,10.0,False,False
740.0,Omar Moreno,1.0066885951117597,9.580000000000002,1021.0,-7.829999999999999,989.0,10.830000000000002,1014.0,12.08,281.0,249.0,274.0,-0.6902313309191705,-0.9633553838009888,-0.5593910451024129,2.614769320882512,1.546880478433533,9.0,False,False
741.0,Rich Aurilia,0.9881594896165222,18.18,852.0,-0.81,822.0,17.465000000000003,860.0,16.750000000000004,111.0,81.0,119.0,0.0990055886855538,-0.0370085290016129,-0.4113467426817971,-0.7631570433472762,0.1459988731822834,12.0,False,False
742.0,Willie Jones,0.9842416262739028,24.79,691.0,-0.9399999999999994,823.0,22.33,712.0,19.869999999999997,-51.0,81.0,-30.0,-0.480089598747962,0.1886227516262048,0.2275304237564741,-0.2597207049912721,0.4505250592164497,11.0,False,False
743.0,Cecil Fielder,0.9817217568316652,17.23,871.0,-3.03,882.0,17.32,864.0,17.410000000000004,128.0,139.0,121.0,-0.6471795906525074,1.0904319301436305,0.5891291911596378,-0.7000425342659146,-0.5811087909188685,9.0,False,False
744.0,Neifi Perez,0.9807316974700429,2.5799999999999996,1062.0,-14.249999999999998,1042.0,5.01,1060.0,7.44,318.0,298.0,316.0,-0.1345990992946425,-0.7081240710266375,-1.1827240865830528,-0.4794455958294682,1.992861068091428,10.0,False,False
745.0,Harold Reynolds,0.9802308044069254,15.84,910.0,-1.7699999999999996,848.0,17.145,868.0,18.45,165.0,103.0,123.0,-0.1654756593712841,-0.6944516420141847,-0.0247777682588647,0.981941044127073,0.9807151521144838,9.0,False,False
746.0,Brian Jordan,0.9644268463356296,32.940000000000005,497.0,15.709999999999997,363.0,31.72,441.0,30.499999999999996,-249.0,-383.0,-305.0,0.2388362102684931,0.0935676532291687,-0.9356866325342912,-0.1260466148470487,-0.1739816274503,12.0,False,False
747.0,Mike Scioscia,0.9618940242136864,26.09,658.0,9.150000000000002,525.0,23.89,674.0,21.69,-89.0,-222.0,-73.0,-0.0314083459994516,-0.6558110044559214,0.7904790692402632,-0.3535936598576811,0.8968094363168296,11.0,False,False
748.0,Jeff Burroughs,0.9594500691691792,17.79,859.0,-3.5300000000000002,896.0,17.119999999999997,870.0,16.45,111.0,148.0,122.0,-0.2267188499510369,0.8027164143863589,1.0911225462235727,-0.8418257129468982,-1.6782093786173558,13.0,False,False
749.0,Norm Siebern,0.9581796486409296,21.0,780.0,4.7,652.0,20.775000000000002,762.0,20.550000000000004,31.0,-97.0,13.0,0.3167460668022718,-0.0457866496441687,1.4025737836575924,-0.4890065269059009,-0.5841566090857585,9.0,False,False
750.0,Rick Ferrell,0.9554745683886352,30.51,540.0,6.370000000000001,608.0,25.605000000000004,622.0,20.700000000000003,-210.0,-142.0,-128.0,-0.0584627929684755,-0.717289954329917,1.2118544421317143,-0.4961691948335928,0.6588027762931378,16.0,True,False
751.0,Eddie Miller,0.9537546888760714,22.200000000000003,744.0,1.36,759.0,20.625,769.0,19.05,-7.0,8.0,18.0,-0.9796366906354488,0.0965474569770029,-1.0217456438293968,-0.0882075793922835,1.8364118826596747,11.0,False,False
752.0,Owen Wilson,0.9480997827519148,14.01,949.0,-2.2699999999999996,857.0,14.905,940.0,15.799999999999999,197.0,105.0,188.0,-0.0781795129240235,0.7582457693922813,-1.188771533368726,-0.9984850796917016,-0.049239919322833,9.0,False,False
753.0,Juan Pierre,0.9456155361546998,17.259999999999998,870.0,-7.62,983.0,16.955,875.0,16.65,117.0,230.0,122.0,0.7524650081468075,-1.7329602217562372,-1.0230226089349008,3.0524937293015624,0.0230855250525977,14.0,False,False
754.0,Doug Rader,0.9388980813182062,24.3,703.0,5.03,641.0,21.93,724.0,19.56,-51.0,-113.0,-30.0,-0.4033430112024306,0.3424652891268456,-0.0877715943169305,-0.4152269518112533,0.4400789696287537,10.0,False,False
755.0,Hurley McNair,0.9218862920466456,21.91,756.0,11.286800000000001,457.0,21.009999999999998,754.0,20.11,1.0,-298.0,-1.0,0.5270084722720032,0.2242084413812936,0.4622375966014576,0.957737630642556,-1.390541096373574,10.0,False,True
756.0,Fred Luderus,0.9217232763842164,20.05,807.0,2.6700000000000004,726.0,19.225,816.0,18.4,51.0,-30.0,60.0,0.1259667042444415,0.8613416885349586,-0.0684066909732402,-1.2111245769064076,-0.5268935893873434,9.0,False,False
757.0,Steve Garvey,0.9150008026028116,38.1,399.0,7.029999999999998,586.0,33.44,403.0,28.78,-358.0,-171.0,-354.0,0.8267620851833027,0.2164406941359885,-1.247171916991841,-0.2756090587362069,-1.1465570710448263,16.0,False,False
758.0,Nick Swisher,0.9111863419512828,21.520000000000003,765.0,-0.7485999999999993,818.0,22.5,710.0,23.479999999999997,7.0,60.0,-48.0,-0.6526456504454989,0.5691588386691293,1.3136210165814382,-0.8448343636988473,-0.4036231596052025,11.0,False,False
759.0,Jason Heyward,0.9071592231000576,41.480000000000004,335.0,19.5,287.0,37.02,325.0,32.56,-424.0,-472.0,-434.0,-0.1047576136703936,-0.2045786359189239,0.4980180066925748,-0.0639025717121174,-0.2057063572029258,13.0,False,False
760.0,Chris Davis,0.9033330928116188,11.659999999999997,989.0,-8.1506,995.0,15.284999999999998,928.0,18.91,229.0,235.0,168.0,-0.877609497559892,1.0355263167403164,0.2152317239301757,-0.5008541263337268,-0.985407043528393,11.0,False,False
761.0,Hector Lopez,0.903186864627186,12.709999999999999,971.0,-3.1799999999999997,885.0,13.325,969.0,13.939999999999998,210.0,124.0,208.0,0.0756384686627871,-0.0691292710649038,-0.407099023700556,-0.6196080431218898,0.3190578291510492,11.0,False,False
762.0,Mike Hargrove,0.8946544743148335,30.360000000000003,543.0,8.29,550.0,27.305,567.0,24.25,-219.0,-212.0,-195.0,0.5864497456411355,-0.7276613518694689,1.5535193667816851,-0.5726119622638851,-0.3107770355341822,12.0,False,False
763.0,Kelly Johnson,0.8860317573059304,16.39,898.0,0.08999999999999986,798.0,16.255000000000003,901.0,16.12,135.0,35.0,138.0,-0.5328251627728595,0.3589328884686161,0.5681964477964162,-0.0644513417113572,0.0691379277214552,11.0,False,False
764.0,Willie Keeler,0.870247870415018,55.279999999999994,165.0,21.91,237.0,46.19499999999999,166.0,37.11,-599.0,-527.0,-598.0,1.33722017552405,-0.6778713326391494,-0.7846604749707338,0.1958515123038388,-1.5086807752242986,16.0,True,False
765.0,Frank Thomas,0.8537691834430882,18.68,847.0,-7.75,987.0,18.92,820.0,19.16,82.0,222.0,55.0,-0.1619518414619527,0.6200655384366147,-0.7353945466397517,-0.6679903030069282,-0.2465261847973349,12.0,False,False
766.0,Jack Wilson,0.8453944952510375,23.470000000000002,714.0,7.07,582.0,22.175000000000004,718.0,20.880000000000003,-52.0,-184.0,-48.0,-0.1867633789346964,-0.8116164167366362,-0.8989615956248904,-0.5791908948201372,2.124321806181559,11.0,False,False
767.0,Brett Gardner,0.8345610181990949,44.279999999999994,287.0,21.509999999999998,245.0,38.31999999999999,291.0,32.36,-480.0,-522.0,-476.0,-0.1425355298730579,-0.4227007299571225,0.6234164870460248,1.1485777102679102,-0.1711541428273787,11.0,False,False
768.0,Hi Myers,0.8293218216227416,7.949999999999998,1032.0,-9.540000000000001,1014.0,9.799999999999999,1031.0,11.649999999999999,264.0,246.0,263.0,-0.0351762659284314,-0.1451425621381097,-1.493665255778445,-0.481843234817806,1.074384699568537,10.0,False,False
769.0,Hideki Matsui,0.8167653454063375,21.23,773.0,3.2500000000000004,709.0,21.259999999999998,746.0,21.29,4.0,-60.0,-23.0,0.4887614018947315,0.2316063804261802,0.5213413239087237,-0.7523482631977917,-0.8546907719550362,9.0,False,False
770.0,Chris Speier,0.8020617841957193,30.639999999999993,538.0,3.9699999999999998,672.0,26.584999999999994,585.0,22.529999999999998,-232.0,-98.0,-185.0,-0.5215192196751592,-0.1672869912920746,0.6138900757639342,-0.7187666149634091,0.603298981205974,17.0,False,False
771.0,Geoff Jenkins,0.7985828255922593,21.94,755.0,6.1899999999999995,612.0,21.545,735.0,21.15,-16.0,-159.0,-36.0,-0.033687107767586,0.6246723252230323,-0.3781707116225153,-0.7598608886666385,-0.6686335663672459,11.0,False,False
772.0,Gary Matthews,0.7977361542434732,30.41,542.0,3.5100000000000002,697.0,26.354999999999997,592.0,22.299999999999997,-230.0,-75.0,-180.0,0.3461713496243538,0.3507678536267144,0.768244210084211,-0.0514989355972416,-1.6043250413081696,14.0,False,False
773.0,Tony Cuccinello,0.7967062910883912,33.87,473.0,10.850000000000001,470.0,30.555,473.0,27.240000000000002,-300.0,-303.0,-300.0,-0.142802969609016,-0.0869960526974783,-0.1536340718009094,-0.5638277850696294,0.4487502770717684,12.0,False,False
774.0,Darryl Hamilton,0.7942082344725503,16.73,886.0,-0.060000000000000386,800.0,16.314999999999998,900.0,15.899999999999999,112.0,26.0,126.0,0.7224034863014575,-1.0371769901062922,0.0361785615232952,0.2196114021092113,0.730082147687038,8.0,False,False
775.0,Woody English,0.7933873831562894,27.12,631.0,9.92,495.0,25.215,631.0,23.31,-144.0,-280.0,-144.0,-0.079631079630147,-0.4945693999065713,0.5328777981158438,-0.2901076148533279,0.5544130562431079,10.0,False,False
776.0,Carlos Lee,0.7923872031603844,28.300000000000008,598.0,-0.22999999999999976,804.0,25.810000000000002,612.0,23.32,-178.0,28.0,-164.0,0.3833803947239528,0.4504417249392366,-0.5016259857824884,-0.2672673570715552,-1.22621100067763,14.0,False,False
777.0,George Kelly,0.7907708758646914,25.91,662.0,4.4748,659.0,25.025000000000002,637.0,24.140000000000004,-115.0,-118.0,-140.0,-0.0264609826267575,0.4866128863278519,-0.7522657792847662,-0.4877287684799676,-0.3103240841357291,12.0,True,False
778.0,Tommy McCarthy,0.7897522126956721,14.639999999999997,939.0,-1.2792000000000003,832.0,16.695,885.0,18.75,161.0,54.0,107.0,0.2999243161686419,-0.4922612690451761,0.1114763837771724,0.711672056236703,-0.6343333327144367,10.0,True,False
779.0,Irish Meusel,0.7871494878587585,21.96,754.0,4.57,657.0,20.845,758.0,19.729999999999997,-25.0,-122.0,-21.0,0.3206768813214141,0.5890113273452817,-1.0620500899204692,-0.1268481050422455,-0.6353841013951836,9.0,False,False
780.0,Ralph Garr,0.7843590955251949,14.78,937.0,-2.56,869.0,15.010000000000002,935.0,15.240000000000002,157.0,89.0,155.0,1.209955773852885,-0.3929021073108401,-1.3354728819879893,0.6076311264315603,-0.9015891119947456,9.0,False,False
781.0,Alex Gordon,0.7695974869257094,34.8,451.0,9.6936,507.0,32.949999999999996,422.0,31.099999999999998,-330.0,-274.0,-359.0,-0.17728275912231,-0.1888542243818834,0.2618352743485572,-0.1722912697580762,-0.089967713101315,12.0,False,False
782.0,Greg Gagne,0.7511667674667303,26.26,656.0,5.789999999999999,621.0,23.77,679.0,21.279999999999998,-126.0,-161.0,-103.0,-0.3814845967762344,0.0317086153431588,-0.7461728272358128,-0.1870814914267984,0.6795809902966032,13.0,False,False
783.0,Fred Tenney,0.7481773566177231,44.050000000000004,292.0,14.8922,375.0,36.18000000000001,341.0,28.310000000000002,-491.0,-408.0,-442.0,0.3832191833511998,-0.7194214833890229,0.9214493059846124,-0.341458837542546,-0.2248264189042824,16.0,False,False
784.0,Wid Conroy,0.7479533557266538,22.139999999999997,747.0,0.5999999999999994,784.0,19.939999999999998,797.0,17.74,-37.0,0.0,13.0,-0.4496666928919941,0.0065736703573258,-0.3090194849540524,0.5358424631487712,0.4182595664627803,11.0,False,False
785.0,Jeff Blauser,0.7454761643943129,20.94,783.0,4.81,648.0,19.620000000000005,804.0,18.300000000000004,-2.0,-137.0,19.0,-0.1249893058038283,0.2052343316649477,0.660134486012875,-0.4265142889769697,-0.622484216636575,11.0,False,False
786.0,Jose Hernandez,0.7451727594569133,13.329999999999998,956.0,-2.309999999999999,859.0,14.034999999999998,960.0,14.739999999999998,170.0,73.0,174.0,-0.6049586188739675,0.1770340536117124,-0.287861901240703,-0.4647384048400441,0.8034576400191601,10.0,False,False
787.0,Mark Kotsay,0.7367370324023603,21.35,770.0,-1.3899999999999997,838.0,22.095,722.0,22.84,-17.0,51.0,-65.0,0.1610709148240101,-0.6804749672566227,-0.4459001305837194,-0.2685920823334015,0.7423314919517312,14.0,False,False
788.0,Hobe Ferris,0.7319923251102811,16.419999999999998,897.0,-3.25,889.0,16.05,908.0,15.680000000000001,109.0,101.0,120.0,-0.6755412213744596,0.6878352082024419,-1.2571841854074546,-0.9443812604426686,1.0687612474823187,9.0,False,False
789.0,Carlos Peña,0.7315857603594709,25.48,677.0,4.790000000000002,649.0,24.78,645.0,24.080000000000002,-112.0,-140.0,-144.0,-1.2595668885635145,0.9928979251625422,1.3819182705621795,-0.3403931162559898,-0.5933025214074786,11.0,False,False
790.0,Jimmy Johnston,0.7239309918665566,17.419999999999995,866.0,-0.5599999999999998,814.0,17.139999999999997,869.0,16.86,76.0,24.0,79.0,0.2904065028499665,-0.4778445563034771,-0.3218846536525317,0.2987558034659749,0.1449505178114916,10.0,False,False
791.0,Ron Fairly,0.7084025534963726,35.08,447.0,4.999999999999999,643.0,29.544999999999998,498.0,24.009999999999998,-344.0,-148.0,-293.0,0.0534156180926006,-0.0862424903931645,0.9665979434192136,-0.5419638258913602,-0.7591809564404403,18.0,False,False
792.0,Harry Hooper,0.6999664734407576,53.16,182.0,14.933500000000002,374.0,41.47,231.0,29.78,-610.0,-418.0,-561.0,-0.1073518834238996,-0.0343570507574243,0.8594224502728587,0.2170833823094727,-0.915489437137495,17.0,True,False
793.0,Cass Michaels,0.6998470803052874,15.870000000000001,908.0,0.6999999999999993,779.0,15.34,927.0,14.809999999999999,115.0,-14.0,134.0,-0.3051842463937378,-0.6177248562386735,0.3043878457793071,0.2224698874322416,1.0751058382059906,10.0,False,False
794.0,Lou Bierbauer,0.6978980427304277,13.969999999999997,950.0,-3.3202000000000007,892.0,14.454999999999998,949.0,14.939999999999998,156.0,98.0,155.0,-0.1502509122676653,-0.227386283844946,-1.2657605294621015,-0.7695465956148436,0.9351901337447156,11.0,False,False
795.0,Bill Doran,0.6921404669399005,32.79,499.0,13.16,415.0,30.965,458.0,29.14,-296.0,-380.0,-337.0,0.0545733125276356,-0.2455155366810776,0.9902429876624343,0.4620764954734245,-0.730973497003504,10.0,False,False
796.0,Frank Malzone,0.6855105580827986,16.44,895.0,-1.5499999999999996,843.0,16.845,878.0,17.25,99.0,47.0,82.0,0.3568074558926642,-0.2788140559314235,-1.0016010412900915,-0.5442685019532361,0.6632464892524257,9.0,False,False
797.0,Roger Peckinpaugh,0.6853189284369734,45.54,262.0,13.23,413.0,37.555,312.0,29.57,-535.0,-384.0,-485.0,-0.3914510556452042,-0.3270499920835164,0.5672352023188623,-0.140316070869456,0.3681751802212773,15.0,False,False
798.0,Chaney White,0.6764230357726724,12.85,968.0,4.5811,656.0,11.85,995.0,10.85,170.0,-142.0,197.0,0.4852967729851776,-0.3178679699359329,-0.0821307061834949,0.0333508511597239,0.0637483861385074,10.0,False,True
799.0,Mark Ellis,0.6744959261608496,33.49999999999999,481.0,13.690000000000001,405.0,29.57,497.0,25.640000000000004,-318.0,-394.0,-302.0,-0.2237586311805902,-0.4714886257126545,-0.2136766668646615,-0.1938487545733596,1.1161394503769302,12.0,False,False
800.0,Glenn Beckert,0.6699679602012524,15.600000000000003,918.0,-3.1500000000000004,884.0,16.380000000000003,897.0,17.16,118.0,84.0,97.0,0.7829599125881211,-0.8363838223941946,-1.1207806487810057,-0.3068561479329261,0.6992202744984543,9.0,False,False
801.0,Adam LaRoche,0.6673087654815544,14.379999999999999,944.0,-5.101800000000001,933.0,14.315,954.0,14.25,143.0,132.0,153.0,-0.2401300302398757,0.5360765701500215,0.2452064969171958,-0.4973502984526451,-0.6528759736876459,11.0,False,False
802.0,Bing Miller,0.6612981188007844,29.639999999999997,562.0,3.3,707.0,25.57,623.0,21.5,-240.0,-95.0,-179.0,0.2209514735982506,0.2311750637224171,-0.96496901993408,-0.0189647019891264,-0.2949178814901166,12.0,False,False
803.0,Yunel Escobar,0.6547196779472476,26.88,641.0,7.23,574.0,25.14,633.0,23.4,-162.0,-229.0,-170.0,0.5640113488380015,-0.8102947062825775,0.1679354476860568,-0.6396859538195757,0.1929429132455833,11.0,False,False
804.0,Jody Reed,0.6546130619865741,15.889999999999999,907.0,-1.0200000000000005,826.0,16.494999999999997,891.0,17.099999999999998,103.0,22.0,87.0,0.1594773711092546,-0.7491473229829533,0.4674171329916923,-0.7111023078701966,0.9425408722009536,9.0,False,False
805.0,Billy Goodman,0.651777168653612,27.0,636.0,7.64,562.0,23.355,695.0,19.71,-169.0,-243.0,-110.0,0.971494084016372,-0.9862356511732628,0.101554511497056,-0.3289143902565347,-0.0355075308185642,12.0,False,False
806.0,Chase Headley,0.6482984272675612,26.799999999999997,644.0,8.330000000000002,548.0,25.645,620.0,24.490000000000002,-162.0,-258.0,-186.0,-0.0137134690181057,-0.4264135302411354,0.5228078834466958,0.0952386435852657,0.2022188242570337,10.0,False,False
807.0,Jeromy Burnitz,0.6465757165643913,19.869999999999997,814.0,-0.34999999999999987,807.0,19.24,814.0,18.61,7.0,0.0,7.0,-0.7606327177945251,0.9003317552472334,0.4911172164217769,-0.5226476437660315,-0.8320457182422896,12.0,False,False
808.0,Wally Pipp,0.6455445955307374,31.439999999999998,524.0,2.05,744.0,27.464999999999996,563.0,23.49,-284.0,-64.0,-245.0,-0.2295655334169662,0.4420521633625837,-0.0940487254101937,-0.4157144017030977,-0.5608020670089445,14.0,False,False
809.0,Mike Moustakas,0.6421975883552253,12.709999999999999,971.0,-6.379999999999999,960.0,13.94,962.0,15.17,162.0,151.0,153.0,-0.364675321593033,0.1939493488946878,-0.4839717887220936,-0.4928131187525518,0.4937067376566422,11.0,False,False
810.0,Todd Walker,0.6421305355908296,10.520000000000001,1004.0,-5.709999999999999,945.0,10.18,1024.0,9.84,194.0,135.0,214.0,0.5675156538001574,-0.0658597239064576,-0.047215180513397,-0.4404207494937122,-0.4587129228172364,9.0,False,False
811.0,Branch Russell,0.6332651126210391,21.21,774.0,10.249999999999998,487.0,19.39,809.0,17.569999999999997,-37.0,-324.0,-2.0,0.0381527503134838,0.4420782900141056,0.6721958061409066,0.1673207162559143,-1.0448792519990349,9.0,False,True
812.0,Jay Johnstone,0.6275667088395576,16.51,892.0,-1.0900000000000003,829.0,15.935,911.0,15.36,80.0,17.0,99.0,0.0254967503682125,-0.1220051752423506,-0.2631990910545943,-0.4917054784630221,0.0444981810358171,13.0,False,False
813.0,Erick Aybar,0.6241131778715011,22.82,728.0,3.2154,710.0,22.85,705.0,22.88,-85.0,-103.0,-108.0,0.2221629141772421,-0.7470055758222213,-0.8985863625268069,0.4561546440592816,0.5078204267731674,11.0,False,False
814.0,Greg Vaughn,0.6161559069105635,30.829999999999995,535.0,7.119999999999999,580.0,29.144999999999996,510.0,27.46,-279.0,-234.0,-304.0,-1.084164014152727,1.018489303730799,0.7819732962922856,-0.2805666294333366,-0.6679203049233037,13.0,False,False
815.0,Germany Smith,0.6149637240291523,21.39,768.0,0.17440000000000078,797.0,19.235,815.0,17.08,-47.0,-18.0,0.0,-0.780761496337,-0.2352632162135088,-0.7502185179148095,-0.5622478358283711,0.8982933504354604,14.0,False,False
816.0,Fielder Jones,0.6103483649665986,42.760000000000005,306.0,14.729999999999999,382.0,35.845,351.0,28.929999999999996,-510.0,-434.0,-465.0,0.0041214265251492,-0.7582700553751088,0.8598945062477658,0.1986718175230706,0.2528721140940124,13.0,False,False
817.0,Mike Bordick,0.6047980947178465,26.8,643.0,4.329999999999999,664.0,24.555,655.0,22.31,-174.0,-153.0,-162.0,-0.3430584773021055,-0.6585092168597213,-0.2589192099319249,-0.259983492907275,1.1805328913459765,13.0,False,False
818.0,George Bell,0.6008637918736692,20.009999999999998,810.0,-1.5999999999999992,844.0,20.765,764.0,21.52,-8.0,26.0,-54.0,0.3749397848158778,0.8637188259272902,-1.1480239408840858,-0.6650526662477523,-1.3243292425123068,10.0,False,False
819.0,Matt Stairs,0.6006687054855047,14.13,947.0,-6.38,961.0,13.495000000000001,968.0,12.86,128.0,142.0,149.0,-0.3037825150029471,0.6310591862395815,0.6262972658768198,-0.6688076765993686,-0.9218802595661524,12.0,False,False
820.0,Damion Easley,0.5953723663243613,20.45,797.0,-0.6300000000000003,815.0,20.395,779.0,20.34,-23.0,-5.0,-41.0,-0.7111190301070373,0.07924866459483,-0.1445967628289884,-0.1918920795866325,0.5604261112913268,14.0,False,False
821.0,Don Kessinger,0.5788755259711036,8.9,1026.0,-18.86,1062.0,10.100000000000001,1027.0,11.3,205.0,241.0,206.0,-0.0714677682150069,-0.8670781243386313,-0.1614649943081351,-0.3082852751161337,1.1349069732770236,14.0,False,False
822.0,George McQuinn,0.5766201807898583,21.419999999999998,766.0,0.9399999999999998,773.0,20.555,772.0,19.69,-56.0,-49.0,-50.0,-0.0258590826263092,0.2944729411033037,0.2320244052735982,-0.5325275925819686,-0.485647161899402,11.0,False,False
823.0,Jorge Orta,0.5712240443637495,14.91,933.0,-6.710000000000001,969.0,15.05,934.0,15.19,110.0,146.0,111.0,0.4429647399334122,0.1225432587964457,-0.3254598216451118,-0.3823121675422385,-0.9322653637619444,13.0,False,False
824.0,Bibb Falk,0.5589039263546665,22.68,732.0,2.36,738.0,21.685,731.0,20.689999999999998,-92.0,-86.0,-93.0,0.217757431006623,-0.0190591684733592,-0.2145198982701598,-0.7092222218892916,-0.3593027908973319,10.0,False,False
825.0,Bob Boone,0.5504926627086527,27.409999999999997,624.0,1.1699999999999995,767.0,23.889999999999997,675.0,20.369999999999997,-201.0,-58.0,-150.0,-0.2389878094195659,-0.709650058325026,-0.259576552829537,-0.3966898625191215,0.9208686288854332,17.0,False,False
826.0,Tom Herr,0.5477439762068982,23.549999999999997,713.0,3.1500000000000004,713.0,22.43,711.0,21.31,-113.0,-113.0,-115.0,0.2064075012734225,-0.780340289795878,0.4356259757340849,0.2586562681426065,0.2221351698002689,12.0,False,False
827.0,Kurt Suzuki,0.545607041567887,19.6,817.0,-1.6500000000000004,845.0,18.935000000000002,819.0,18.27,-10.0,18.0,-8.0,-0.0169112358320965,-0.4405384534388233,-0.8091691034043812,-0.405046293503097,0.935169537714198,14.0,False,False
828.0,Max Bishop,0.5357056821211881,38.019999999999996,401.0,16.81,342.0,33.87,394.0,29.72,-427.0,-486.0,-434.0,-0.5335881909709362,-0.4421731098319791,3.448864334780011,-0.6354726738473405,-0.3428258403233379,11.0,False,False
829.0,Martin Prado,0.530456771599296,27.480000000000004,623.0,9.77,504.0,26.96,579.0,26.439999999999998,-206.0,-325.0,-250.0,0.7733370500468291,-0.617172108637163,-0.5884597804983454,-0.4526616016846275,-0.2209834232053338,11.0,False,False
830.0,Claude Ritchey,0.5265362153103941,35.41,443.0,11.559999999999999,447.0,30.705,470.0,26.000000000000004,-387.0,-383.0,-360.0,0.049507309383957,-0.4163319326186697,0.5776174258001291,-0.7093439885105715,0.2299588791152002,12.0,False,False
831.0,Mark Reynolds,0.5234216540403172,6.860000000000001,1038.0,-13.2439,1036.0,7.66,1042.0,8.459999999999999,207.0,205.0,211.0,-0.8633232784442783,0.8841437898571437,0.7457328600257135,-0.1347303192862851,-0.7134397232101599,12.0,False,False
832.0,Casey Blake,0.5162818478031175,24.86,688.0,7.619999999999999,563.0,23.509999999999998,690.0,22.16,-144.0,-269.0,-142.0,-0.2362502237381213,0.2132029602769619,-0.0390489230973666,-0.4394423346786718,0.2675270509921356,9.0,False,False
833.0,Del Unser,0.5143439949995531,16.750000000000004,885.0,-2.6199999999999997,871.0,16.975,874.0,17.2,52.0,38.0,41.0,-0.3051471498932787,-0.6509077543610845,-0.294547523308569,-0.3953361207881085,1.2401985153239552,11.0,False,False
834.0,Adam Lind,0.5140421066144535,12.77,970.0,-4.670000000000001,921.0,13.14,972.0,13.51,136.0,87.0,138.0,0.2177616842884097,0.3981362186045584,-0.4267388917350608,-0.6070639430936672,-0.9823736433027396,11.0,False,False
835.0,Nick Markakis,0.5138087968233147,33.72,479.0,3.0300000000000002,718.0,29.17,509.0,24.62,-356.0,-117.0,-326.0,0.7346110432918425,-0.5362304142978455,0.3024370663435619,-0.6896549484036524,-0.5744691975362135,14.0,False,False
836.0,Ronnie Belliard,0.5098806704360943,20.769999999999996,788.0,2.93,722.0,20.22,783.0,19.67,-48.0,-114.0,-53.0,-0.0093664297708898,-0.2048132183312249,-0.0619170157676863,-0.5847589257517338,0.4711452629832129,11.0,False,False
837.0,Chicken Wolf,0.5039631970745595,17.509999999999998,864.0,5.3459,634.0,16.735,882.0,15.959999999999999,27.0,-203.0,45.0,0.5371741057006465,-0.0287567278359524,-0.9716558516637548,-0.4710106913332443,-0.5238129285716224,10.0,False,False
838.0,Ken Oberkfell,0.5017563385480007,22.41,738.0,3.5200000000000005,696.0,22.17,719.0,21.93,-100.0,-142.0,-119.0,0.5437661452453834,-0.92424492784116,0.3523249555040995,-0.2977985808114038,0.4628315497888566,10.0,False,False
839.0,Johnny Edwards,0.4986036399820675,14.790000000000001,935.0,-3.72,898.0,14.96,939.0,15.13,96.0,59.0,100.0,-0.4310739416997353,-0.3392367551401102,0.0413727866657473,-0.4278407659792569,0.9168681932707672,12.0,False,False
840.0,Al Smith,0.4813396841920223,20.880000000000003,785.0,1.8200000000000003,752.0,20.330000000000002,780.0,19.78,-55.0,-88.0,-60.0,0.0458656486994443,0.0523748194542356,0.3760857045322443,0.0944107054977687,-0.6300441921041272,11.0,False,False
841.0,Bill Virdon,0.4725760117126442,19.54,823.0,-5.1,932.0,18.52,832.0,17.5,-18.0,91.0,-9.0,-0.171206154255448,-0.7706054249818879,-0.7605025460192691,-0.3631733419118978,1.581652492824468,11.0,False,False
842.0,Tito Fuentes,0.471246062367702,11.75,986.0,-8.120000000000001,993.0,11.7,998.0,11.65,144.0,151.0,156.0,0.2141140544005438,-0.6037724853962764,-1.0811771471562124,-0.244526914717243,1.1318357135416253,11.0,False,False
843.0,Bengie Molina,0.4674682959677574,10.690000000000001,999.0,-6.63,967.0,10.780000000000001,1016.0,10.87,156.0,124.0,173.0,0.2061856034720405,-0.3029629059928231,-1.3897606123125443,-0.5856630387734211,0.9199766525365268,11.0,False,False
844.0,Claudell Washington,0.4674676522160788,19.560000000000002,820.0,-5.520000000000001,940.0,18.700000000000003,825.0,17.84,-24.0,96.0,-19.0,0.2943383142074597,0.0487425671029341,-0.7420716006423078,0.7040961764221104,-0.9270326396592418,16.0,False,False
845.0,Mark Loretta,0.4607683369667099,19.339999999999996,833.0,-0.7832000000000001,820.0,18.534999999999997,831.0,17.729999999999997,-12.0,-25.0,-14.0,0.6985822870529833,-0.9092458440406638,-0.0533232397668857,-0.586398228943267,0.0253687311045236,13.0,False,False
846.0,Tony Clark,0.4604822575307699,12.27,981.0,-4.959999999999999,928.0,14.044999999999998,959.0,15.819999999999999,135.0,82.0,113.0,-0.3326416915811903,0.7367760669237449,-0.0125488820558532,-0.6406653564218363,-0.678202228462934,11.0,False,False
847.0,Manny Trillo,0.45716559790806,11.27,994.0,-10.44,1021.0,10.805,1015.0,10.340000000000002,147.0,174.0,168.0,-0.1446813920531776,-0.6482786594273973,-0.5648170106215167,-0.6507275857401025,1.2437858128270256,12.0,False,False
848.0,Todd Zeile,0.45589494333352,19.33,834.0,-7.7175,986.0,17.155,867.0,14.98,-14.0,138.0,19.0,-0.2451786361917786,-0.0665445939701604,0.4267868438558523,-0.4339019744877272,-0.0962021676288318,15.0,False,False
849.0,Rickie Weeks,0.4549647655427539,11.57,990.0,-3.7300000000000004,901.0,12.71,978.0,13.850000000000001,141.0,52.0,129.0,-0.6704138803423434,0.4964844348468893,0.749611794689013,0.5240922912216317,-0.7574183838006481,10.0,False,False
850.0,Stan Javier,0.4266692868432676,25.459999999999997,680.0,6.789999999999999,592.0,23.434999999999995,692.0,21.409999999999997,-170.0,-258.0,-158.0,0.0575882860635451,-1.0631556048953144,0.2033460101318466,0.8541852025660274,0.4678271727213476,13.0,False,False
851.0,Pete Fox,0.4055265031743574,16.17,904.0,-4.22,907.0,15.815000000000001,913.0,15.46,53.0,56.0,62.0,0.2891352216568518,-0.2490585244212245,-0.818878577428346,1.116704906874587,-0.5918893621023689,13.0,False,False
852.0,Larry Parrish,0.3940306646393503,15.659999999999998,917.0,-8.33,999.0,15.735,918.0,15.809999999999999,65.0,147.0,66.0,-0.1029831949887569,0.6398894102891587,-0.59680147209724,-0.658967757063821,-0.8250606373373923,14.0,False,False
853.0,Dave Collins,0.3796860170622517,15.78,913.0,-2.4200000000000004,864.0,15.599999999999998,922.0,15.419999999999998,60.0,11.0,69.0,0.131257252652339,-1.0508605999125815,-0.1756688101852553,1.9320302492317616,-0.1023166936834475,11.0,False,False
854.0,Frank McCormick,0.3738265670135031,31.689999999999998,518.0,10.13,490.0,28.965,519.0,26.240000000000002,-336.0,-364.0,-335.0,0.610696277739228,0.0735618068469478,-0.9943365322939792,-0.5914171967951878,-0.53986118484181,10.0,False,False
855.0,Butch Wynegar,0.3732937955566817,26.469999999999995,648.0,9.709999999999999,506.0,24.574999999999996,653.0,22.68,-207.0,-349.0,-202.0,-0.2446013998282445,-0.6636610362906273,1.0655353308801812,-0.5070666416142403,0.8860602685352638,10.0,False,False
856.0,Bucky Harris,0.3683058480087706,16.24,902.0,-4.760000000000001,925.0,16.255000000000003,901.0,16.270000000000003,46.0,69.0,45.0,-0.497040971859298,-0.5628915522417851,0.1007238708076682,0.5341453302283582,1.024692564701167,9.0,False,False
857.0,Tom Brunansky,0.3677548977451203,21.97,753.0,-1.6899999999999993,846.0,20.244999999999997,782.0,18.52,-104.0,-11.0,-75.0,-0.7556048862188302,0.7732517173740433,0.5526238436091606,-0.7395495220575946,-0.4464848872984709,13.0,False,False
858.0,Jim Sundberg,0.3661731486278463,40.47,351.0,17.59,328.0,34.585,380.0,28.700000000000003,-507.0,-530.0,-478.0,-0.388095465909855,-0.6053489302399323,0.3013231992128165,-0.4566072589397379,0.9254070182598024,13.0,False,False
859.0,Zoilo Versalles,0.3620422498369115,12.579999999999998,974.0,-4.900000000000001,927.0,15.069999999999999,932.0,17.56,115.0,68.0,73.0,-0.3850245440312998,0.0659840845287881,-0.8612437230210713,0.215492953450492,0.1995759904086364,10.0,False,False
860.0,Jimmy Austin,0.3514720303141924,21.9,757.0,-2.9799999999999995,880.0,19.625,803.0,17.35,-103.0,20.0,-57.0,-0.5862468647204032,-0.5195887257088727,0.4400937430658824,0.1638974715268209,1.0770634192162871,12.0,False,False
861.0,Curt Walker,0.3510936897273301,22.1,748.0,4.03,669.0,21.470000000000002,741.0,20.840000000000003,-113.0,-192.0,-120.0,-0.0756896563632572,-0.008698304231118,0.3552909289262259,-0.1858659749074626,-0.1850069866482649,10.0,False,False
862.0,Jay Buhner,0.3391956721240067,22.970000000000006,725.0,2.5100000000000002,734.0,21.020000000000003,753.0,19.07,-137.0,-128.0,-109.0,-0.6874293884771734,1.3270930896557234,1.177985013879572,-1.1737209876089614,-1.2110550124659152,12.0,False,False
863.0,Brook Jacoby,0.3373747043011159,14.97,931.0,-1.5200000000000005,841.0,15.935000000000002,910.0,16.900000000000002,68.0,-22.0,47.0,0.1878020276737571,-0.0889210828648057,-0.0235882540817573,-0.5911215411153392,-0.3262492084101107,9.0,False,False
864.0,Jack Burdock,0.3330041940431111,14.969999999999999,932.0,-2.4900000000000007,866.0,14.965,938.0,14.96,68.0,2.0,74.0,-0.3105766103277927,-0.2944462585485345,-0.3470158646702756,-0.2031180493385307,-0.2161785407904971,15.0,False,False
865.0,Omar Infante,0.3326495091464353,17.02,879.0,-2.01,852.0,16.605,889.0,16.19,14.0,-13.0,24.0,0.100782006999226,-0.5029797700895573,-0.9684681455992392,-0.1637193958815608,0.2698735263167965,12.0,False,False
866.0,Brandon Inge,0.3326247223848382,19.17,839.0,-0.8099999999999999,821.0,19.375,810.0,19.580000000000002,-27.0,-45.0,-56.0,-1.175208645275635,-0.1616394683947432,-0.1957432582405048,-0.2624429154617826,1.5147911329316914,12.0,False,False
867.0,Duff Cooley,0.3289988243255468,15.129999999999999,928.0,-4.73,924.0,15.534999999999998,923.0,15.939999999999998,61.0,57.0,56.0,-0.0623675536612184,-0.2666669505848421,-0.524309176758472,-0.3442233794853901,0.1516711532611963,12.0,False,False
868.0,Charlie Hemphill,0.313891620600931,15.909999999999997,906.0,-3.3200000000000003,891.0,16.07,906.0,16.23,38.0,23.0,38.0,-0.0613319310297958,-0.4171417956214555,0.3047508084406697,0.0960832260915584,-0.6250655306276266,11.0,False,False
869.0,Jose Cruz,0.3126079447329141,19.56,821.0,1.2700000000000002,763.0,17.97,847.0,16.38,-48.0,-106.0,-22.0,-0.9423402010705554,0.3597962521333853,0.7619491288530176,0.0510654761868544,0.228617953498818,11.0,False,False
870.0,Red Kress,0.3051125525463756,14.040000000000001,948.0,-6.5051000000000005,964.0,14.790000000000001,942.0,15.540000000000001,78.0,94.0,72.0,-0.1113765753940891,0.0848229759719371,-0.1084411580648193,-0.3690744036835907,-0.2383098632323621,11.0,False,False
871.0,Dan Driessen,0.304947377099443,20.560000000000002,794.0,-0.46000000000000035,810.0,18.09,844.0,15.62,-77.0,-61.0,-27.0,-0.1465781094220317,0.0649703541722874,0.8322814996192993,0.3898241472402587,-0.8745354743068402,13.0,False,False
872.0,Freddy Parent,0.2990942636258677,35.75,436.0,14.730000000000002,381.0,34.0,391.0,32.25000000000001,-436.0,-491.0,-481.0,-0.0708263778959669,-0.154045041093544,-0.350915103888703,-0.2455987920630882,-0.1095795684313088,10.0,False,False
873.0,Pat Kelly,0.2755172495290146,11.709999999999999,988.0,-5.79,948.0,10.879999999999999,1012.0,10.049999999999999,115.0,75.0,139.0,-0.1027085546759535,-0.5192660689829194,0.6781560547687543,1.7734375484295288,-0.6488980061280467,11.0,False,False
874.0,Bret Boone,0.2741596968180829,22.820000000000004,727.0,-1.3099999999999992,834.0,23.995000000000005,670.0,25.170000000000005,-147.0,-40.0,-204.0,-0.2717912580703,0.4194888704186856,-0.3770930772216874,-0.4196494323455413,-0.8215117598826636,13.0,False,False
875.0,Horace Clarke,0.2536153521024867,15.67,916.0,-2.0100000000000002,854.0,15.51,925.0,15.35,41.0,-21.0,50.0,-0.0757291717221527,-0.9164908244177584,-0.4587803894853994,0.8829375861167299,1.2137068387660972,8.0,False,False
876.0,Wilbert Robinson,0.2530203330852028,6.48,1041.0,-10.21,1020.0,7.115,1046.0,7.75,165.0,144.0,170.0,-0.1358765269110442,-0.571164810591716,-0.7489178743158806,-0.2421683777644574,0.6180251110195808,16.0,False,False
877.0,Billy Butler,0.2481831442807021,11.77,985.0,-8.399999999999999,1001.0,12.36,985.0,12.950000000000001,108.0,124.0,108.0,0.8032258607554,-0.2996994024848713,-0.1126854830493149,-0.6007704905327533,-0.9226634260513288,10.0,False,False
878.0,Juan Beniquez,0.2457511125495888,9.94,1012.0,-7.260000000000001,976.0,11.66,1000.0,13.38,134.0,98.0,122.0,0.2768325356891113,-0.6667780613418833,-0.6663682107790453,-0.1445385651893621,0.6466314840517376,12.0,False,False
879.0,John Henry Russell,0.206966568936507,13.040000000000001,963.0,3.8400000000000003,680.0,12.594999999999999,982.0,12.149999999999999,84.0,-199.0,103.0,-0.3601662032181978,-0.2937176906112742,-0.6303568179776554,0.0756490885493837,0.7838383643605827,9.0,False,True
880.0,Larry Herndon,0.2053888657750909,15.15,926.0,-2.01,852.0,14.46,948.0,13.77,46.0,-28.0,68.0,0.1117392058082342,-0.1131922988570921,-0.6513102627207223,-0.3620573329895397,-0.2251353677205102,12.0,False,False
881.0,Royce Clayton,0.201265213830335,19.48,828.0,-6.300000000000001,959.0,18.46,835.0,17.44,-53.0,78.0,-46.0,-0.4430255929476547,-0.6114771208923478,-0.4198240304408417,0.4417758372744967,0.9889989823798994,16.0,False,False
882.0,Doc Cramer,0.1937088817740548,12.99,965.0,-18.4907,1060.0,13.215,971.0,13.44,83.0,178.0,89.0,0.3016739152138416,-0.9113959397480922,-1.0168664432045742,-0.5404757926582651,1.025265534565625,16.0,False,False
883.0,Charlie Hayes,0.1847994057735629,10.530000000000001,1003.0,-7.660000000000001,985.0,10.900000000000002,1011.0,11.270000000000001,120.0,102.0,128.0,-0.2521023735350891,-0.2474555173112396,-0.5765455606125753,-0.3487561314616395,0.4644430615723083,12.0,False,False
884.0,Dick Hoblitzell,0.1747858056410271,20.529999999999998,795.0,2.1399999999999997,742.0,19.325,811.0,18.12,-89.0,-142.0,-73.0,0.2792076400717279,0.1763065149108602,-0.0942230921045175,-0.213592231129957,-0.910980131620816,9.0,False,False
885.0,Andre Ethier,0.1745949334952437,21.529999999999998,764.0,4.91,645.0,20.189999999999998,787.0,18.85,-121.0,-240.0,-98.0,0.5897320707360528,0.294556427011629,0.3148311186100701,-0.801142284796804,-1.3102430346325902,10.0,False,False
886.0,Joe Kuhel,0.1740669173227747,30.310000000000002,545.0,0.45999999999999963,788.0,27.005,577.0,23.699999999999996,-341.0,-98.0,-309.0,-0.2626978946500172,-0.1506629885147916,0.3529809609823814,0.7625907017043292,-0.8462967084190949,16.0,False,False
887.0,Tito Francona,0.1735230569910201,13.919999999999998,952.0,-4.46,913.0,14.979999999999999,937.0,16.04,65.0,26.0,50.0,0.2107233477590817,-0.4019034525401466,0.1054558415494907,-0.1669315313912708,-0.6651678380204901,12.0,False,False
888.0,Terry Puhl,0.1630875825802622,28.319999999999997,597.0,10.050000000000002,494.0,26.0,606.0,23.68,-291.0,-394.0,-282.0,0.4090809434493078,-0.5559906495592375,0.141062652154432,0.6228878128465584,-0.5604737010183777,11.0,False,False
889.0,Matt Lawton,0.1630550912396539,15.14,927.0,-3.8200000000000003,903.0,14.41,951.0,13.68,38.0,14.0,62.0,-0.346362463484347,-0.3788450171105403,0.8049837113273423,0.5441651432112669,-0.0347808089322641,10.0,False,False
890.0,Dave Martinez,0.1615697842870463,19.130000000000003,841.0,-2.4415999999999998,865.0,18.415,836.0,17.7,-49.0,-25.0,-54.0,0.1551025895541255,-0.7488927471128288,-0.1526430594872651,0.0952746748156701,0.0454588311908409,15.0,False,False
891.0,Raul Ibanez,0.1586066953123467,20.9,784.0,-7.38,980.0,20.479999999999997,774.0,20.06,-107.0,89.0,-117.0,0.1233668992349568,0.4772481165991132,-0.0684248312882137,-0.7094576803771909,-1.2138902776947649,15.0,False,False
892.0,Melky Cabrera,0.15760709532407,21.14,777.0,-4.2299999999999995,908.0,21.265,745.0,21.390000000000004,-115.0,16.0,-147.0,0.6083680788512961,-0.5787569957349527,-0.5999814608857987,-0.3665462425613496,-0.6546536693649428,14.0,False,False
893.0,Dmitri Young,0.1554774103696727,12.23,982.0,-4.699999999999999,923.0,12.184999999999999,987.0,12.139999999999999,89.0,30.0,94.0,0.5595283089170738,0.1318879862418859,-0.5949065461767635,-0.6884591101759334,-0.7904017805218865,10.0,False,False
894.0,Jack Tobin,0.1532491137041242,21.009999999999998,779.0,-1.3499999999999999,835.0,20.72,766.0,20.43,-115.0,-59.0,-128.0,0.4569474792583734,-0.0535220626972051,-0.301576078186161,-0.3494295445591102,-0.9436179863690772,12.0,False,False
895.0,Ruben Sierra,0.1426868608903092,16.759999999999998,884.0,-12.91,1035.0,18.65,829.0,20.539999999999996,-11.0,140.0,-66.0,-0.014721106431234,0.4988032875112399,-0.6376925686650649,-0.3316121067978205,-1.2060816379716857,15.0,False,False
896.0,Les Mann,0.1387497097658555,14.580000000000002,940.0,-1.4700000000000002,840.0,13.65,965.0,12.719999999999999,44.0,-56.0,69.0,-0.1092297773527303,0.2693992712153497,-0.7302918597537397,-0.3003457006211824,-0.3199110961180116,10.0,False,False
897.0,Don Blasingame,0.1187399886213172,18.36,850.0,-2.7500000000000004,874.0,18.05,845.0,17.740000000000002,-47.0,-23.0,-52.0,-0.269052421982115,-0.9882759423046308,0.1731872306798843,0.6351657499270291,0.6461150523053005,11.0,False,False
898.0,Marco Scutaro,0.1163576310888001,22.07,749.0,3.7,687.0,21.485,740.0,20.900000000000002,-149.0,-211.0,-158.0,0.2973780028652488,-0.6178699681274806,0.1406240818642115,-0.4929204151659619,0.2035168947422879,10.0,False,False
899.0,Jack Smith,0.1132771776191428,13.93,951.0,-2.5099999999999993,868.0,14.19,956.0,14.45,52.0,-31.0,57.0,-0.1445243299096306,-0.3061812010084162,-0.4728509127064161,1.346981319913363,-0.4361300479216044,12.0,False,False
900.0,Mickey Stanley,0.1101410953473108,17.310000000000002,868.0,-1.6899999999999995,847.0,15.995000000000001,909.0,14.680000000000001,-32.0,-53.0,9.0,-0.6460842820058501,-0.152524180178182,-0.6190766682498003,-0.5152007403195747,1.20886178912539,11.0,False,False
901.0,Ray Schalk,0.1094413256962045,33.400000000000006,484.0,8.96,529.0,29.620000000000005,495.0,25.840000000000003,-417.0,-372.0,-406.0,-0.486875508901168,-0.6846590399991408,0.7230819374205447,0.392803061744467,0.6480906989062071,13.0,True,False
902.0,Eduardo Escobar,0.106786667202468,12.430000000000001,979.0,-4.67,920.0,13.215000000000002,970.0,14.000000000000002,77.0,18.0,68.0,-0.0792030370965846,0.2443515167873429,-0.5440166063976974,-0.5373807505862207,-0.2292887058271932,10.0,False,False
903.0,Shannon Stewart,0.105615496654641,24.92,687.0,4.079999999999999,668.0,23.935000000000002,672.0,22.95,-216.0,-235.0,-231.0,0.7053857698682934,-0.6530279079675584,-0.3778137294497374,0.6087065727843775,-0.7534111430969246,10.0,False,False
904.0,Scott Fletcher,0.0917579890954223,31.92,513.0,12.290000000000003,434.0,29.475,499.0,27.03,-391.0,-470.0,-405.0,-0.0871750084111178,-0.8145216215025364,0.0319862434820187,-0.2424524054863993,0.5379902991717138,13.0,False,False
905.0,Mark McLemore,0.088624536215804,19.549999999999997,822.0,-5.109999999999999,934.0,18.384999999999998,837.0,17.22,-83.0,29.0,-68.0,-0.4204986519700058,-1.0709586816187862,0.8727100950106892,0.7542497989741079,0.5035488466258458,15.0,False,False
906.0,Tommy Davis,0.0849842486544464,20.310000000000002,802.0,-7.869999999999999,990.0,20.465000000000003,776.0,20.62,-104.0,84.0,-130.0,0.9149023437180108,-0.544773320521817,-1.251004437436483,0.2619823986860751,-1.059096798068459,15.0,False,False
907.0,Gregg Jefferies,0.0844747388637155,19.57,818.0,0.45,789.0,17.9,849.0,16.23,-89.0,-118.0,-58.0,0.4860678698293094,-0.3144628628833247,-0.4985541900060094,0.6215225283009043,-1.1798990268487213,11.0,False,False
908.0,Joe Pepitone,0.0751383622066248,9.7,1019.0,-8.28,997.0,10.165,1026.0,10.629999999999999,111.0,89.0,118.0,-0.1242083451570083,0.4504232741923662,-1.020999959837389,-0.3382183973619642,-0.2629804373535445,10.0,False,False
909.0,Frank Warfield,0.0728308821445557,10.31,1008.0,1.0200000000000005,769.0,10.495000000000001,1019.0,10.68,99.0,-140.0,110.0,-0.5859476435014911,-0.6428679859515135,0.1968025579188126,1.0208208265239045,0.6692311217620104,11.0,False,True
910.0,Vic Power,0.065831431585714,15.320000000000002,923.0,-4.35,910.0,16.13,904.0,16.939999999999998,13.0,0.0,-6.0,0.41393809057105,-0.5478121021750322,-1.5363286649561774,-0.1652829547385194,0.2677887929564759,12.0,False,False
911.0,Josh Bell,0.0609267237456404,9.709999999999999,1018.0,-8.58,1003.0,10.545,1018.0,11.38,107.0,92.0,107.0,0.0300090419319403,0.1006397165712311,0.574181143094448,-0.6172549484259643,-0.6473509875169168,9.0,False,False
912.0,Jim Gantner,0.0602997771553192,22.45,737.0,0.3558999999999999,794.0,19.575000000000003,805.0,16.700000000000003,-175.0,-118.0,-107.0,0.3120159707042186,-0.8387108463242451,-0.9420685251585146,-0.0939128813599236,0.7945311785953129,14.0,False,False
913.0,Elbie Fletcher,0.0542858010530211,33.339999999999996,485.0,12.53,431.0,31.304999999999996,450.0,29.269999999999996,-428.0,-482.0,-463.0,-0.2183567032000375,-0.227059257426118,1.3495704719097932,-0.516718140705561,-0.4251445345128462,9.0,False,False
914.0,Wade Johnston,0.0417461957389167,13.580000000000002,954.0,3.3275000000000006,704.0,12.575000000000003,983.0,11.570000000000002,40.0,-210.0,69.0,0.1057646473296478,0.016169072575332,0.3844803441173984,0.5748794943909575,-1.2034771583274368,9.0,False,True
915.0,Bobby Lowe,0.0285398723341904,20.070000000000004,806.0,-7.1705,974.0,18.28,839.0,16.49,-109.0,59.0,-76.0,-0.3129868358907574,-0.241470502930808,-0.6357510008932824,-0.2459054201040641,0.1486527889009922,15.0,False,False
916.0,Tommy Helms,0.0263191875074964,8.26,1030.0,-9.859999999999998,1018.0,9.344999999999999,1033.0,10.43,114.0,102.0,117.0,0.3163453874802817,-0.6894279655272609,-1.3132535331112891,-0.5366954689947412,0.9485299650487132,9.0,False,False
917.0,Rick Manning,0.0220878319728652,11.75,986.0,-7.290000000000001,977.0,11.79,996.0,11.829999999999998,69.0,60.0,79.0,-0.4778686631325772,-0.98411610493238,-0.2532615986457465,0.1466289801797045,1.5530290388712829,12.0,False,False
918.0,Patsy Dougherty,0.019676730625261,18.01,856.0,-1.39,839.0,17.465000000000003,860.0,16.92,-62.0,-79.0,-58.0,0.4195336870684726,-0.2401951989028618,-0.0745479381418555,0.6458153503550418,-1.325279375831121,10.0,False,False
919.0,Rube Oldring,0.0089717416826271,14.490000000000002,942.0,-5.260000000000002,937.0,14.600000000000001,945.0,14.71,23.0,18.0,26.0,0.0198464157074196,0.1717111551324168,-1.3773598393029427,-0.0398188868404638,-0.2472915709692041,10.0,False,False
920.0,Bill Russell,-0.0038401106547606,31.259999999999998,528.0,5.109999999999999,637.0,26.265,597.0,21.270000000000003,-392.0,-283.0,-323.0,0.0198061539654016,-0.7243928374855156,-0.7061964194874649,0.0051822057862422,0.3757084224232064,17.0,False,False
921.0,Joe Rudi,-0.0104478367938556,25.47,679.0,4.61,655.0,24.575,652.0,23.68,-242.0,-266.0,-269.0,0.0022150447163021,0.5962693886379102,-0.8439379444985395,-0.7756359565879165,-0.8363059476915469,12.0,False,False
922.0,Frankie Gustine,-0.0186620561950576,8.41,1029.0,-9.790000000000001,1017.0,9.975000000000001,1028.0,11.540000000000001,107.0,95.0,106.0,-0.1716508772644899,-0.3386680684161214,-0.6733099446435298,0.0033336417187621,0.3089041550924585,10.0,False,False
923.0,Monte Cross,-0.0376172225425527,16.430000000000003,896.0,-8.14,994.0,16.42,893.0,16.41,-27.0,71.0,-30.0,-1.2324098116423017,-0.2852608053934672,0.6029148511464075,0.2720985846737564,0.5353800568540021,13.0,False,False
924.0,Bruce Bochte,-0.0393163308507053,19.37,831.0,-0.5499999999999999,813.0,17.63,855.0,15.889999999999999,-93.0,-111.0,-69.0,0.3699725284113753,-0.527890248028299,0.5439023710198215,-0.5048762520765607,-0.7655870530745784,12.0,False,False
925.0,Charlie Jamieson,-0.0404289305555327,23.28,718.0,-5.0393,929.0,22.27,715.0,21.259999999999998,-207.0,4.0,-210.0,0.0963781143306639,-0.8407465041631791,0.5209411516303595,-0.3049862209118595,-0.1353623170583852,13.0,False,False
926.0,Lu Blue,-0.0488796766362835,37.63999999999999,403.0,10.850000000000001,470.0,33.239999999999995,411.0,28.839999999999996,-523.0,-456.0,-515.0,-0.4031500444794348,-0.4045246128658173,2.0454385646977804,0.2721368497239492,-0.4889338873499127,12.0,False,False
927.0,Terry Turner,-0.0501468010816079,38.15,398.0,12.05,441.0,33.205,414.0,28.26,-529.0,-486.0,-513.0,-0.2467359018679485,-0.4486302701538459,-0.4267234864971623,0.0568582452910247,0.1142949181198319,15.0,False,False
928.0,Dean Palmer,-0.0529161441095466,13.29,957.0,-5.95,954.0,13.645,966.0,14.0,29.0,26.0,38.0,-0.6826922894996424,1.0150758595628688,-0.0943897907212846,-0.3063147733382462,-0.6911589614179721,10.0,False,False
929.0,Duffy Lewis,-0.0631191688733027,21.27,772.0,-2.3095999999999997,858.0,21.07,751.0,20.869999999999997,-157.0,-71.0,-178.0,0.2706322559276287,0.134300604787086,-0.8578648833429908,-0.9364460535307686,-0.4161426611688064,10.0,False,False
930.0,Craig Counsell,-0.0652194059414,22.38,740.0,5.88,619.0,19.884999999999998,800.0,17.39,-190.0,-311.0,-130.0,-0.5612566523975643,-1.0720301833117545,0.721318557487187,0.2096554800312769,0.9946071346220766,11.0,False,False
931.0,Bobby Byrne,-0.0744483005681765,12.89,967.0,-4.24,909.0,13.565000000000001,967.0,14.24,36.0,-22.0,36.0,-0.3000633146167014,-0.3996098689103022,0.1153060477075065,-0.2717176413618355,0.1951847109042276,9.0,False,False
932.0,Jerry Lumpe,-0.0814989377126946,15.420000000000002,922.0,-1.2599999999999998,831.0,14.565000000000001,946.0,13.71,-10.0,-101.0,14.0,0.149367228794616,-0.6173700578745644,-0.1306484377367913,-0.5754590177732665,0.2650941558264277,9.0,False,False
933.0,Eric Hosmer,-0.0840688020186546,19.099999999999994,842.0,-4.57,917.0,18.264999999999993,841.0,17.429999999999996,-91.0,-16.0,-92.0,0.5392607098259067,-0.5010358372028876,-0.3493130898416072,-0.0383086224443134,-0.5358344218245167,11.0,False,False
934.0,Jimmie Wilson,-0.0845619991723541,11.17,996.0,-6.079999999999999,956.0,10.879999999999999,1012.0,10.59,62.0,22.0,78.0,-0.2312916824865376,-0.615181395901993,-0.540095597296388,0.2648233544990582,0.5214967822893483,14.0,False,False
935.0,Eric Karros,-0.0883411241151542,10.41,1007.0,-11.059999999999999,1028.0,12.015,991.0,13.620000000000001,72.0,93.0,56.0,-0.2906027871066353,0.145611452917589,-0.6765670490739993,-0.2872262970300001,-0.1561216266492049,12.0,False,False
936.0,Frankie Crosetti,-0.0889894815640222,24.240000000000002,706.0,0.7800000000000006,775.0,21.810000000000002,727.0,19.38,-230.0,-161.0,-209.0,-1.0605580976183713,-0.1315781397522595,0.4929944670433646,0.3425822288490308,0.2278513005188593,13.0,False,False
937.0,Brian McRae,-0.0914168813194739,14.340000000000002,945.0,-3.77,902.0,15.610000000000003,921.0,16.880000000000003,8.0,-35.0,-16.0,-0.4984099939593474,-0.4137550849323608,-0.2106332865774848,0.4237700152667321,0.6254944112970121,9.0,False,False
938.0,David Segui,-0.0941205246838409,10.44,1006.0,-7.780000000000001,988.0,12.05,989.0,13.66,68.0,50.0,51.0,0.4236738067514108,-0.3962369006655545,-0.1494600709788217,-0.5510767274403074,-0.541409397578725,12.0,False,False
939.0,Chris Chambliss,-0.0965100715596558,27.5,621.0,-1.3800000000000001,836.0,23.985,671.0,20.47,-318.0,-103.0,-268.0,0.2718494333327719,-0.0580656353026092,-0.5238441936465728,-0.4353257915747114,-0.5293237876657996,14.0,False,False
940.0,Roy McMillan,-0.0982490166588941,25.81,664.0,-3.38,894.0,22.99,701.0,20.169999999999998,-276.0,-46.0,-239.0,-0.7709172757868898,-0.9177943006030878,-0.1748176287313994,-0.4514881191520281,1.6396071739680262,16.0,False,False
941.0,Bingo DeMoss,-0.112160143813855,8.889999999999999,1027.0,0.8700000000000001,774.0,9.669999999999998,1032.0,10.45,86.0,-167.0,91.0,-1.1829317680858895,-1.0954223160041796,0.8143980955756179,1.8277038627386977,1.0133757563276464,9.0,False,True
942.0,Tino Martinez,-0.1208803693878382,29.009999999999998,576.0,1.3699999999999997,758.0,25.395,627.0,21.78,-366.0,-184.0,-315.0,-0.1817574267397579,0.3694945202381469,-0.1262420460322734,-0.5193935227205323,-0.7931596361018484,14.0,False,False
943.0,Ozzie Guillen,-0.1278150161251194,21.0,780.0,-2.72,873.0,20.18,788.0,19.36,-163.0,-70.0,-155.0,-0.0469059138666637,-0.967191503820196,-1.491486742640363,0.0949665018293919,0.8924464124398099,14.0,False,False
944.0,Jed Lowrie,-0.1290951014652812,15.420000000000003,921.0,-2.3500000000000005,862.0,15.760000000000002,916.0,16.099999999999998,-23.0,-82.0,-28.0,-0.0313497639112386,-0.0376775161716277,0.5371219642564793,-0.900869393489261,-0.5129869652210016,10.0,False,False
945.0,Lou Piniella,-0.1321510253060969,12.500000000000002,978.0,-9.600000000000001,1016.0,14.380000000000003,953.0,16.26,33.0,71.0,8.0,0.7007213438998162,-0.3814492799738035,-1.018570051766294,-0.6985875385396519,-0.8299100898082687,13.0,False,False
946.0,Rick Dempsey,-0.1405842375889108,25.16,682.0,7.359,570.0,21.189999999999998,747.0,17.22,-264.0,-376.0,-199.0,-0.8422139958866399,-0.3237297046991577,0.4152372324883369,-0.4299725786832,0.8651955468941553,11.0,False,False
947.0,Ivan de Jesus,-0.1660832746419776,11.08,997.0,-5.73,946.0,11.79,996.0,12.499999999999998,50.0,-1.0,49.0,-0.2795490695827125,-0.7738619583457682,0.2970373728559684,0.6460694465828396,0.4171805066219926,8.0,False,False
948.0,George Miller,-0.1671199645407811,19.140000000000004,840.0,0.6200000000000006,783.0,18.92,820.0,18.7,-108.0,-165.0,-128.0,-0.033506888088319,-0.4764529562264103,-0.0386842294229496,-0.090038960305164,0.1138724103584648,11.0,False,False
949.0,Lyle Overbay,-0.1765368425044892,16.32,900.0,-3.1161,883.0,16.485,892.0,16.65,-49.0,-66.0,-57.0,-0.1582700977520351,-0.2270755500195038,0.4396006479777989,-0.4201201751403652,-0.3113997594781461,11.0,False,False
950.0,Kevin Bass,-0.1807063669001019,14.75,938.0,-2.910000000000001,878.0,16.07,906.0,17.389999999999997,-12.0,-72.0,-44.0,0.079870420462265,-0.1161677424486899,-0.6664926441488429,0.0354741686458058,-0.8760330432462443,13.0,False,False
951.0,Rey Sanchez,-0.187502119315601,20.59,793.0,3.4199999999999995,702.0,18.58,830.0,16.57,-158.0,-249.0,-121.0,-0.0427312734506672,-1.3055893560994614,-1.201002613274524,-0.5008053887039596,1.741215168294631,13.0,False,False
952.0,Kendrys Morales,-0.1899918430982871,13.160000000000002,961.0,-5.6239,944.0,14.195000000000002,955.0,15.230000000000002,9.0,-8.0,3.0,0.0984561530509149,0.2174971349352059,-0.3851089208758985,-0.5591808093488168,-1.0274189794930588,11.0,False,False
953.0,Adam Kennedy,-0.1977629398736167,20.860000000000003,786.0,0.26999999999999874,795.0,20.590000000000003,771.0,20.32,-167.0,-158.0,-182.0,-0.0006434567312115,-0.7368454684243164,-0.5649773925000465,0.7564524357073784,0.0641922465016981,13.0,False,False
954.0,Luis Polonia,-0.2288754177513809,9.0,1025.0,-9.01,1007.0,10.455,1020.0,11.91,71.0,53.0,66.0,0.6852737451902342,-1.108493883666438,-0.668519424636627,1.5610283491240604,-0.763047988437707,12.0,False,False
955.0,Mark Grudzielanek,-0.230944071349309,26.480000000000004,647.0,3.0299999999999994,719.0,23.580000000000002,684.0,20.68,-308.0,-236.0,-271.0,0.5152354788701199,-0.717401357257161,-1.0813817365782257,-0.1176003094647458,0.0574331713571406,14.0,False,False
956.0,Kevin Millar,-0.2364608042165401,14.23,946.0,-4.05,904.0,13.835,963.0,13.440000000000001,-10.0,-52.0,7.0,-0.0581535979679418,-0.0724559588735137,0.2150976387433083,-0.6942287379639037,-0.4721322802025354,11.0,False,False
957.0,Marty Marion,-0.2377208933616008,31.759999999999998,514.0,9.399999999999999,517.0,28.74,527.0,25.72,-443.0,-440.0,-430.0,-0.2568082272341684,-0.5412202263977293,-0.5695197066458585,-0.5432172937385618,0.913253990624557,12.0,False,False
958.0,Steve Brodie,-0.2388324620453474,19.45,829.0,-2.3699999999999997,863.0,17.61,856.0,15.77,-129.0,-95.0,-102.0,0.137394072026787,-0.6885135225092267,-0.6984576263999218,-0.3284969126218638,0.6038674009888008,12.0,False,False
959.0,Muddy Ruel,-0.2395475778810826,20.949999999999996,782.0,0.65,780.0,20.21,784.0,19.470000000000002,-177.0,-179.0,-175.0,-0.2527156452194116,-0.9725970993289184,0.8603112015275023,-0.2458757608089615,0.6241416368395615,12.0,False,False
960.0,Jose Offerman,-0.2409217123004638,17.119999999999997,873.0,-4.13,905.0,17.83,851.0,18.54,-87.0,-55.0,-109.0,0.078434968957262,-0.7538156881235406,0.6972719814690351,0.3240481134986704,-0.392613743222431,12.0,False,False
961.0,Ossie Bluege,-0.2439411271656918,28.56,587.0,0.7199999999999999,778.0,24.365000000000002,657.0,20.17,-374.0,-183.0,-304.0,-0.5056178646949564,-0.5989884727924901,0.3992179688950583,0.2502016884605126,0.4478650975818896,15.0,False,False
962.0,Willie Montanez,-0.258519702366595,1.6200000000000003,1065.0,-19.02,1063.0,3.7600000000000007,1064.0,5.900000000000001,103.0,101.0,102.0,0.1847824813730551,-0.1543367855884304,-0.5866289396248421,-0.5120983728628453,-0.4335468235601441,10.0,False,False
963.0,Bruce Campbell,-0.2609038541263139,16.830000000000002,883.0,-1.3800000000000001,836.0,15.065000000000001,933.0,13.300000000000002,-80.0,-127.0,-30.0,-0.0895686214084757,0.4680383951763621,0.3913234620117893,-0.2082786313550698,-1.1510394634122312,10.0,False,False
964.0,Spike Owen,-0.2625542345618208,12.549999999999999,975.0,-5.559999999999999,941.0,12.834999999999999,976.0,13.12,11.0,-23.0,12.0,-0.5986559834331773,-0.5106936900414955,0.5113779187942179,-0.2733437377526309,0.3613526796457537,13.0,False,False
965.0,Jack Graney,-0.2951044754923984,12.93,966.0,-8.6406,1005.0,12.235,986.0,11.54,1.0,40.0,21.0,-0.7185750820108306,-0.0198498786294761,1.3137409220257206,-0.5743887291248765,-0.1117098167371759,10.0,False,False
966.0,Julian Javier,-0.3133785072798911,13.87,953.0,-9.040000000000001,1008.0,14.085,958.0,14.3,-13.0,42.0,-8.0,-0.1142167487044185,-0.332863129242582,-0.999037644673331,0.6773813682732532,0.186899103465513,12.0,False,False
967.0,Dave Philley,-0.3175034718499401,7.91,1033.0,-13.710000000000003,1040.0,8.17,1041.0,8.43,66.0,73.0,74.0,-0.2066078025655325,-0.7666110533404498,-0.5062765735695858,0.4692249507889161,0.191584597000824,13.0,False,False
968.0,Cristian Guzman,-0.3668929809257965,12.629999999999999,973.0,-6.4,962.0,14.454999999999998,949.0,16.279999999999998,5.0,-6.0,-19.0,-0.1070443680607996,-0.6640973886897839,-1.1499974159265112,0.2485811793333466,0.3460221624652531,10.0,False,False
969.0,Walt Weiss,-0.3706225756508418,16.529999999999998,891.0,-0.7400000000000009,817.0,16.32,899.0,16.11,-78.0,-152.0,-70.0,-0.3609018340022636,-1.0861256121847762,0.9762491595170129,-0.1815295747964745,0.4208286797160087,12.0,False,False
970.0,Bill Wambsganss,-0.3782566392041135,3.7099999999999995,1057.0,-19.64,1064.0,5.38,1057.0,7.05,87.0,94.0,87.0,-0.5236241888476595,-0.6430925417448935,0.0383772259368183,-0.1100582969258077,0.6442697956761886,11.0,False,False
971.0,Rafael Ramirez,-0.3914623728593076,6.04,1046.0,-13.7,1039.0,7.58,1043.0,9.12,75.0,68.0,72.0,-0.019458227770549,-0.6788593705454145,-1.0746570556455628,-0.0873681911429662,0.4827904221523923,10.0,False,False
972.0,Mickey Doolin,-0.4059318491697766,14.53,941.0,-5.17,935.0,14.815,941.0,15.1,-31.0,-37.0,-31.0,-0.8584533614399243,-0.0823694251214232,-0.729867478513695,-0.5163158392126711,1.0813910587202786,12.0,False,False
973.0,Gerardo Parra,-0.4074780119865457,10.739999999999998,998.0,-5.880000000000001,953.0,12.044999999999998,990.0,13.35,25.0,-20.0,17.0,0.4093943997009012,-0.6323073809503337,-0.8223057180632873,-0.0712473629309175,-0.2487508452281683,11.0,False,False
974.0,Bud Harrelson,-0.4129821831375283,20.25,804.0,1.9100000000000004,748.0,19.225,816.0,18.2,-170.0,-226.0,-158.0,-0.5732205397676192,-0.997949016711308,0.7736591816201812,0.2869493686056333,0.5556588909505672,11.0,False,False
975.0,David Eckstein,-0.4246134750226957,20.85,787.0,2.6,728.0,19.925,798.0,19.0,-188.0,-247.0,-177.0,0.3034012470840826,-1.2653490122627922,-0.4734473469759528,0.2344966996236404,0.2498540604433208,10.0,False,False
976.0,Ted Sizemore,-0.434504140345953,16.15,905.0,-1.9799999999999993,851.0,16.71,883.0,17.27,-71.0,-125.0,-93.0,-0.1134761976517953,-0.9544702947180476,-0.1562645890325533,-0.4909161525676763,0.838586578750272,11.0,False,False
977.0,Dots Miller,-0.4376765034703464,18.119999999999997,853.0,-2.8899999999999997,876.0,18.485,833.0,18.85,-124.0,-101.0,-144.0,-0.2423949740059371,0.1259351653475414,-0.6419998588505186,-0.3419854120139142,-0.4556690286621715,12.0,False,False
978.0,Sparky Adams,-0.4494828113126044,17.74,862.0,-1.54,842.0,16.81,880.0,15.88,-116.0,-136.0,-98.0,-0.1667151441510816,-0.8451622019610624,-0.3644050641662806,0.4902019009527012,0.3397559678215623,11.0,False,False
979.0,Pat Burrell,-0.4682129518239785,18.93,845.0,-1.0100000000000002,825.0,17.74,854.0,16.549999999999997,-134.0,-154.0,-125.0,-0.6622806227856541,0.7797168415159845,1.51496623427277,-0.9704761235346846,-1.700077011533046,12.0,False,False
980.0,Hank Bauer,-0.4689447034695267,27.200000000000003,630.0,9.550000000000002,514.0,26.475,590.0,25.75,-350.0,-466.0,-390.0,0.0825742247437272,0.1342413921246133,-0.2920421894642837,-0.1016350770690695,-1.322410831994227,12.0,False,False
981.0,Cookie Rojas,-0.4767910038779455,9.28,1024.0,-15.2536,1046.0,11.265,1006.0,13.25,43.0,65.0,25.0,0.1695142826729792,-0.6764072470185538,-0.7959859962619569,-0.3058657421683556,0.1714670151499138,12.0,False,False
982.0,Derrel Thomas,-0.4983988841664626,6.47,1042.0,-10.580000000000002,1022.0,7.43,1045.0,8.39,60.0,40.0,63.0,-0.5841647569201976,-0.6790960077879754,-0.0383178914699495,0.2189443459504896,0.7145742393727401,12.0,False,False
983.0,Otto Knabe,-0.5007607947133323,9.509999999999998,1022.0,-5.4799999999999995,939.0,10.36,1022.0,11.21,39.0,-44.0,39.0,-0.5574502808917084,-0.4277072021511599,0.2487630194331618,-0.5029782629917445,0.5019806001296813,10.0,False,False
984.0,Jeff Conine,-0.5017623708037441,19.53,824.0,-5.73,946.0,18.67,828.0,17.81,-160.0,-38.0,-156.0,0.291865849353418,-0.2559825208173118,-0.2821804053207598,-0.5568372441863394,-0.8044692199858196,15.0,False,False
985.0,George Pinkney,-0.5044102494480658,21.1,778.0,7.038699999999999,584.0,20.76,765.0,20.42,-207.0,-401.0,-220.0,-0.0949362814537196,-0.4695275156517862,0.59580880305902,0.1358602648572357,-0.7470473893099973,9.0,False,False
986.0,Alex Gonzalez,-0.5122952261838112,11.180000000000001,995.0,-7.3,978.0,11.220000000000002,1007.0,11.260000000000003,9.0,-8.0,21.0,-0.91446111509766,-0.0137993906048983,-0.3919495768051629,-0.1055165565740526,0.6394495671495448,10.0,False,False
987.0,Rollie Hemsley,-0.532925376126831,3.7199999999999998,1056.0,-14.790000000000001,1043.0,5.734999999999999,1054.0,7.75,69.0,56.0,67.0,-0.6404287131771306,-0.482696974745839,-0.701141253180097,-0.3922511686438242,0.6169408471104325,14.0,False,False
988.0,Tony Womack,-0.5398687748086688,2.4399999999999986,1063.0,-13.690000000000001,1038.0,4.829999999999999,1061.0,7.22,75.0,50.0,73.0,-0.0110516348927761,-1.1755614159411392,-0.9366222346363516,2.653709091530432,-0.1484587142117382,9.0,False,False
989.0,Al Cowens,-0.5419557900434417,15.23,925.0,-4.84,926.0,15.525,924.0,15.82,-64.0,-63.0,-65.0,-0.0242868747296957,-0.1155663010090091,-0.7136819581532027,-0.2093672128929262,-0.7577888229216511,12.0,False,False
990.0,Billy Jurges,-0.5554439166492833,28.56,587.0,4.660000000000001,654.0,25.21,632.0,21.86,-403.0,-336.0,-358.0,-0.6497372494307322,-0.7016719413239815,-0.3249772167095469,-0.6080105396598967,0.9884784283596818,16.0,False,False
991.0,Patsy Tebeau,-0.5599597439134016,9.66,1020.0,-7.0600000000000005,973.0,10.170000000000002,1025.0,10.680000000000001,29.0,-18.0,34.0,-0.1916974417564076,-0.4591704571642599,-0.6335349743409996,-0.6210809071415418,-0.1825644507985863,11.0,False,False
992.0,Milt Stock,-0.5605303232067902,23.169999999999998,720.0,0.9600000000000013,772.0,22.125,721.0,21.08,-272.0,-220.0,-271.0,0.2450158996687985,-0.5006844527321131,-0.4403719506844253,-0.1493590344468136,-0.5853710511729312,12.0,False,False
993.0,Hughie Critz,-0.5634394457723317,16.91,881.0,-3.45,895.0,17.37,862.0,17.830000000000002,-112.0,-98.0,-131.0,-0.6530362401991947,-0.6313321212238672,-1.2261661382436453,-0.1343929350400344,1.2932782574144432,12.0,False,False
994.0,Jimmy Slagle,-0.5663684263139819,15.81,912.0,-3.18,886.0,15.63,919.0,15.450000000000001,-82.0,-108.0,-75.0,-0.3097817246918309,-1.1341900805878486,1.0374979445851165,0.4058628110196337,0.3976273101817303,10.0,False,False
995.0,Deron Johnson,-0.5858713544932522,6.2299999999999995,1044.0,-17.06,1055.0,9.825,1030.0,13.42,49.0,60.0,35.0,-0.6099983334586904,0.5894508312476034,-0.1412386253710933,-0.6585586260106849,-1.0465621979375055,13.0,False,False
996.0,Kitty Bransfield,-0.6104392656824092,10.030000000000001,1011.0,-8.29,998.0,11.675,999.0,13.32,15.0,2.0,3.0,0.0856815594321811,-0.0259944791598019,-0.8868268208370474,-0.15613702255634,-0.8796466911947707,10.0,False,False
997.0,Gus Mancuso,-0.6148473614542975,10.48,1005.0,-6.4,962.0,11.55,1001.0,12.62,8.0,-35.0,4.0,-0.5999397123752545,-0.628104883358241,-0.1661857086529453,-0.7062923844850889,0.6020270511817041,13.0,False,False
998.0,Mark Belanger,-0.6484654644949848,40.93,342.0,17.950000000000003,323.0,36.43,338.0,31.93,-656.0,-675.0,-660.0,-0.9481469495505298,-0.9958881430019796,0.0612246452794997,0.3172373916577514,1.2032301697510746,14.0,False,False
999.0,Hubie Brooks,-0.6699862214001179,13.02,964.0,-9.049999999999999,1010.0,15.145,931.0,17.27,-35.0,11.0,-68.0,0.0733291333973423,0.0028417708668653,-0.8164306828877986,-0.5148785468424569,-1.168233157592865,12.0,False,False
1000.0,Brad Ausmus,-0.677185532622617,16.54,890.0,-5.58,942.0,15.814999999999998,914.0,15.089999999999998,-110.0,-58.0,-86.0,-0.6545640075292405,-1.0961364702145402,0.122716328622682,0.1250528882535369,1.000885555756624,15.0,False,False
1001.0,Whitey Lockman,-0.684793562005725,19.529999999999998,826.0,-5.09,930.0,20.125,792.0,20.72,-175.0,-71.0,-209.0,0.1154928434090551,-0.6453089841916337,-0.5399759081648055,-0.1841140859364346,-0.1403461718026954,10.0,False,False
1002.0,Vince Coleman,-0.6965085965124025,12.51,977.0,-6.590000000000001,966.0,12.870000000000001,975.0,13.230000000000002,-25.0,-36.0,-27.0,-0.1331791251571943,-1.2305240357160805,-0.3146025937965324,4.087040113983469,-1.1849708380915036,11.0,False,False
1003.0,Frank Bolling,-0.6978078528062734,16.880000000000003,882.0,-4.2,906.0,18.095000000000002,842.0,19.310000000000002,-121.0,-97.0,-161.0,-0.3588563469133893,-0.2740022601718471,-0.3734839892699551,-0.3083001997779364,-0.1468752250227603,12.0,False,False
1004.0,David Bell,-0.7336638080256088,15.239999999999998,924.0,-2.0800000000000005,856.0,15.27,929.0,15.299999999999999,-80.0,-148.0,-75.0,-0.4596432545329439,-0.3851077062892503,-0.237343017174984,-0.6989305051338203,0.5704555369613755,9.0,False,False
1005.0,Aurelio Rodriguez,-0.7417936539928178,15.089999999999996,929.0,-9.56,1015.0,15.764999999999997,915.0,16.439999999999998,-76.0,10.0,-90.0,-0.8156415115725844,-0.3448622292629809,-1.3572912899544436,-0.4634991970592865,1.0987869685474123,14.0,False,False
1006.0,Eddie Foster,-0.7470845528157126,25.470000000000002,678.0,1.2499999999999998,765.0,23.490000000000002,691.0,21.51,-328.0,-241.0,-315.0,-0.122970767975324,-0.6410802836700575,0.1615721091394207,0.0024934813544107,0.0253718146056781,11.0,False,False
1007.0,Tommy Corcoran,-0.7493371726971277,20.360000000000003,800.0,-10.780000000000001,1024.0,17.525,858.0,14.689999999999998,-207.0,17.0,-149.0,-0.5758165444373796,-0.337685639390776,-1.1616202533809898,-0.1356179019671851,0.5880843381306211,17.0,False,False
1008.0,Alex Gonzalez,-0.7813210539779766,9.38,1023.0,-10.11,1019.0,11.105,1008.0,12.830000000000002,15.0,11.0,0.0,-0.7305198737419513,0.0634602648803046,-1.0633308248981008,-0.8043422717044735,0.4941905796364508,11.0,False,False
1009.0,Alcides Escobar,-0.7877016072721973,10.15,1010.0,-10.9404,1026.0,11.379999999999999,1004.0,12.61,1.0,17.0,-5.0,-0.1003538627364597,-1.080156744083164,-1.1959913104635362,0.5402877453287472,0.673182251532756,10.0,False,False
1010.0,Sean Casey,-0.7892047163244491,16.46,894.0,-1.0700000000000005,828.0,16.405,895.0,16.35,-116.0,-182.0,-115.0,0.8708502336122266,-0.6431705715258788,-0.4584401047531352,-0.4644448690349671,-1.34347095191997,11.0,False,False
1011.0,Felix Millan,-0.7934740523665827,17.68,863.0,-2.5,867.0,17.785,853.0,17.89,-148.0,-144.0,-158.0,0.5608080560128059,-0.8546951201124803,-1.0205908972852824,-0.3780398388974563,-0.2541243015994797,10.0,False,False
1012.0,Tim Foli,-0.812064088120987,5.719999999999999,1047.0,-15.43,1047.0,7.435,1044.0,9.15,35.0,35.0,32.0,-0.3432829562628235,-0.9252955826093032,-1.2386351049490112,-0.353470288265551,1.4422262373233452,13.0,False,False
1013.0,Keith Moreland,-0.8156482320423,3.5099999999999993,1058.0,-14.05,1041.0,5.02,1059.0,6.53,45.0,28.0,46.0,0.3082891609252255,-0.2350963325394636,-0.2549970375496866,-0.7144180470168279,-1.0039461789731905,9.0,False,False
1014.0,Jose Vizcaino,-0.8262196694614619,7.009999999999999,1035.0,-11.09,1029.0,8.469999999999999,1038.0,9.93,21.0,15.0,24.0,-0.0182052282746046,-1.045534766967284,-0.6190613100183668,-0.3848328365725333,0.5128005676301367,14.0,False,False
1015.0,Howie Shanks,-0.8301361759765891,9.729999999999999,1017.0,-15.49,1048.0,10.444999999999999,1021.0,11.159999999999998,2.0,33.0,6.0,-0.7152876405711414,-0.3588522057877584,-0.5340530336615252,-0.0562564530547964,0.1432900615305188,13.0,False,False
1016.0,Granny Hamner,-0.8342294942470836,19.18,838.0,-4.5451999999999995,915.0,19.7,802.0,20.22,-178.0,-101.0,-214.0,-0.2943892497749303,-0.1229309869399302,-1.237519235691813,-0.373886074857221,-0.0168330299650238,10.0,False,False
1017.0,Paul Radford,-0.8358130237006727,12.15,983.0,-5.8283,952.0,13.079999999999998,973.0,14.009999999999998,-34.0,-65.0,-44.0,-0.7756892268605595,-0.8253153244051188,1.4297806694137565,0.3080293520782725,-0.1948841083317179,12.0,False,False
1018.0,Juan Encarnacion,-0.8616259464809674,8.65,1028.0,-7.62,983.0,8.725000000000001,1036.0,8.800000000000002,10.0,-35.0,18.0,-0.2701897931840666,-0.1145874449252639,-1.0451978580050136,0.2750091530275008,-0.3193586049101071,9.0,False,False
1019.0,Stuffy McInnis,-0.8918685152590182,35.519999999999996,439.0,2.62,727.0,30.735,468.0,25.95,-580.0,-292.0,-551.0,0.6265886315039401,-0.7244168858806758,-1.1852859597969267,-0.4583773083488593,-0.5824525839010415,14.0,False,False
1020.0,Gus Suhr,-0.8966754274905154,22.26,743.0,2.2,741.0,21.37,744.0,20.48,-277.0,-279.0,-276.0,-0.4602311751430625,0.0219711279126365,0.8049029358933407,-0.2083868752367142,-0.8156490117968004,10.0,False,False
1021.0,Crush Holloway,-0.9064052031212144,5.109999999999999,1049.0,-5.8,950.0,6.425,1050.0,7.74,28.0,-71.0,29.0,-0.7387210738917817,-0.6794332728409338,-0.6904174470404407,1.2538692463489496,-0.5637900089521144,11.0,False,True
1022.0,Enos Cabell,-0.9114369715425572,11.3,993.0,-9.26,1012.0,12.675,979.0,14.05,-29.0,-10.0,-43.0,0.2926202977288172,-0.8470942575498358,-1.493267467101168,0.8571875986355044,-0.5066144364356869,12.0,False,False
1023.0,Jose Guillen,-0.9321212067817612,6.339999999999999,1043.0,-14.95,1044.0,11.39,1003.0,16.44,20.0,21.0,-20.0,-0.129943045704996,0.0088037781788629,-1.256619775887305,-0.8013431601420768,-0.6377501507288565,13.0,False,False
1024.0,Tommy Tucker,-0.9338548632962655,24.35,701.0,1.4204999999999992,757.0,22.65,706.0,20.95,-323.0,-267.0,-318.0,0.1033624774500369,-0.5741547774620523,-0.5282113862672159,-0.2866151832956062,-0.8324770871181812,13.0,False,False
1025.0,Derek Bell,-0.9646683617501496,13.08,962.0,-2.3401000000000005,861.0,14.66,944.0,16.24,-63.0,-164.0,-81.0,0.085816229060455,-0.3385312056530605,-0.7087945529615031,0.468378374937907,-1.0198032730042246,8.0,False,False
1026.0,Larry Bowa,-0.9688045027022156,22.82,728.0,-6.539999999999999,965.0,22.165,720.0,21.51,-298.0,-61.0,-306.0,-0.0427274791473039,-0.9167600869487526,-0.892230472069134,0.6857427429603921,-0.1076047267834664,16.0,False,False
1027.0,Al Lopez,-0.9793105783835326,16.34,899.0,-5.819999999999999,951.0,13.765,964.0,11.19,-128.0,-76.0,-63.0,-0.6976836491258894,-0.8030674273829377,-0.1838905484486334,-0.2374172040542235,0.6906976048981524,16.0,False,False
1028.0,Jeffrey Leonard,-1.0501457238864895,9.879999999999997,1014.0,-8.84,1006.0,11.904999999999998,993.0,13.93,-14.0,-22.0,-35.0,-0.1779727843346599,-0.0369744427956492,-0.8133321464892086,0.1621614430964803,-1.349236337517962,11.0,False,False
1029.0,Ed Kranepool,-1.0661197776882227,4.17,1054.0,-16.73,1054.0,6.555000000000001,1048.0,8.940000000000001,25.0,25.0,19.0,0.0020700442162329,-0.4652371819587805,-0.4817003792787498,-0.5737505518013486,-0.6980620879660429,14.0,False,False
1030.0,Jeff Francoeur,-1.121049107516665,6.669999999999999,1039.0,-11.3939,1030.0,9.84,1029.0,13.010000000000002,9.0,0.0,-1.0,-0.2226661240944978,-0.1569310224809203,-1.1910186045225992,-0.5843759992854716,-0.7009451711390698,11.0,False,False
1031.0,Ivy Olson,-1.1521600209644185,6.140000000000001,1045.0,-16.07,1052.0,6.545,1049.0,6.949999999999999,14.0,21.0,18.0,-0.4343767113749372,-0.7138283444123867,-1.1866046549053952,-0.2895045639654225,0.7864273174547064,13.0,False,False
1032.0,Jim Spencer,-1.1539920098141097,2.77,1061.0,-15.98,1050.0,4.5200000000000005,1062.0,6.2700000000000005,29.0,18.0,30.0,-0.4685026078072692,-0.1512154234582918,-0.5405728895363185,-0.5812074720590622,-0.5995020195756471,12.0,False,False
1033.0,Mickey Morandini,-1.1567442899637517,9.850000000000001,1015.0,-5.790000000000001,949.0,11.020000000000001,1009.0,12.190000000000001,-18.0,-84.0,-24.0,-0.1653708382487808,-0.7933839970414014,-0.1719650923481955,-0.0207346382817997,-0.2696513013875026,10.0,False,False
1034.0,Horace Ford,-1.1947865503303974,10.68,1000.0,-6.97,972.0,10.34,1023.0,10.0,-34.0,-62.0,-11.0,-0.7487656747782228,-0.692635331380217,-0.5112577168074507,-0.9121799250113768,1.0808973155981474,11.0,False,False
1035.0,Chico Carrasquel,-1.2344738985425712,21.17,776.0,5.120000000000001,636.0,21.78,729.0,22.390000000000004,-259.0,-399.0,-306.0,-0.3968890446374833,-0.8915948857003322,-0.1215582152036345,-0.3332010526878523,0.3753178635939723,10.0,False,False
1036.0,Alfredo Griffin,-1.2400017707577462,2.9700000000000006,1060.0,-20.52,1065.0,6.4,1051.0,9.83,24.0,29.0,15.0,-0.4427511987041825,-0.8886500390406784,-1.0754112200455572,0.1935725303702825,0.5714428020170028,13.0,False,False
1037.0,Joe Dugan,-1.24546343652589,9.919999999999998,1013.0,-12.399999999999999,1034.0,10.604999999999999,1017.0,11.29,-24.0,-3.0,-20.0,-0.1739658396813887,-0.2471666458265602,-1.1453539684420189,-0.8358335209589256,-0.0632671199805206,11.0,False,False
1038.0,Earl Sheely,-1.2557532478373816,20.02,809.0,0.5399999999999996,786.0,20.885,757.0,21.750000000000004,-229.0,-252.0,-281.0,-0.035404434243911,-0.577780643741014,0.6870881899291393,-0.6941911139551149,-0.5712083264124451,8.0,False,False
1039.0,Connie Day,-1.2633273149901123,1.74,1064.0,-6.85,970.0,2.885,1065.0,4.029999999999999,25.0,-69.0,26.0,-1.5825060766951309,-0.5606025186750911,-0.5397019201651313,-0.2718609256387243,0.6213122613883818,9.0,False,True
1040.0,Bucky Dent,-1.2674908568523642,17.509999999999998,864.0,0.5699999999999998,785.0,17.369999999999997,863.0,17.23,-176.0,-255.0,-177.0,-0.5809779236684575,-0.6390611703803917,-0.5054643868950446,-0.8186502940173086,0.486506656478589,10.0,False,False
1041.0,Luke Sewell,-1.2854520844380204,4.579999999999999,1051.0,-17.73,1057.0,6.025,1052.0,7.470000000000001,10.0,16.0,11.0,-0.9111070792532474,-0.7031466846709667,-0.2293628958939212,-0.0545707104370207,0.6340523352847522,14.0,False,False
1042.0,Shano Collins,-1.2991296682481022,9.74,1016.0,-17.939999999999998,1058.0,11.419999999999998,1002.0,13.099999999999998,-26.0,16.0,-40.0,-0.5470367487891461,-0.0074090536716595,-1.1716765086510004,-0.0381363702235276,-0.5860896891453817,14.0,False,False
1043.0,Ray Knight,-1.30309393038676,13.22,958.0,-4.64,919.0,14.530000000000001,947.0,15.84,-85.0,-124.0,-96.0,0.1101175670212078,-0.4511196254293766,-0.7565300767073674,-0.5928833776725755,-0.6651173418476519,10.0,False,False
1044.0,Max Flack,-1.3139671857021824,12.370000000000001,980.0,-4.38,911.0,12.645000000000001,980.0,12.920000000000002,-64.0,-133.0,-64.0,-0.2193242458705929,-0.4198579405278289,-0.0785037188940763,0.2239538458494824,-1.078013383739684,12.0,False,False
1045.0,Lou Finney,-1.3156479884586798,3.2300000000000004,1059.0,-13.309999999999999,1037.0,4.390000000000001,1063.0,5.55,14.0,-8.0,18.0,-0.0721495362128047,-0.6351482084176294,-0.867333343014647,-0.3204158114190546,-0.6065371099222332,12.0,False,False
1046.0,Jim Hegan,-1.3237351544215543,4.5200000000000005,1052.0,-11.690000000000001,1032.0,5.335000000000001,1058.0,6.15,6.0,-14.0,12.0,-1.247472517071739,-0.3196436358144984,-0.414241195678521,-0.4642651204594423,0.7065753964928447,12.0,False,False
1047.0,James Loney,-1.3415543811812678,11.44,992.0,-5.960000000000001,955.0,12.0,992.0,12.559999999999999,-55.0,-92.0,-55.0,0.5514966958512199,-0.8848664916490919,-0.714063362793755,-0.2388441356649214,-0.8837689536092022,10.0,False,False
1048.0,George Stovall,-1.3452468738944006,12.830000000000002,969.0,-6.67,968.0,12.625,981.0,12.42,-79.0,-80.0,-67.0,-0.0915949411104184,-0.3508109622734218,-1.4262259342388786,-0.5292357592973256,-0.4476998914588083,11.0,False,False
1049.0,George LaChance,-1.3736675900366866,10.61,1001.0,-8.52,1002.0,10.965,1010.0,11.319999999999999,-48.0,-47.0,-39.0,-0.2502196646550109,0.0615007288854779,-0.9616432713804276,-0.2772600483420028,-1.330525240526627,10.0,False,False
1050.0,Roy Hartzell,-1.427341598302908,13.18,960.0,-7.35,979.0,12.805,977.0,12.430000000000001,-90.0,-71.0,-73.0,-0.3949048850589672,-0.8612481999634246,0.0940848310490893,-0.1743513826391487,-0.0593672556197458,10.0,False,False
1051.0,Ed Brinkman,-1.4692004919511503,13.19,959.0,-9.32,1013.0,14.985,936.0,16.779999999999998,-92.0,-38.0,-115.0,-0.9665859325800308,-0.6537231229048522,-0.5549646501471309,-0.7031782573239166,0.9728471342513522,12.0,False,False
1052.0,Tommy Griffith,-1.5879685264836214,6.899999999999999,1037.0,-11.0,1027.0,8.465,1039.0,10.03,-15.0,-25.0,-13.0,-0.132224887432326,-0.1019202698805199,-0.5931359749331624,-0.8570414353496958,-1.4121687829574925,11.0,False,False
1053.0,Bobby Richardson,-1.6078647395265926,8.13,1031.0,-9.040000000000001,1008.0,9.21,1034.0,10.29,-22.0,-45.0,-19.0,0.1463730830391658,-0.904683209751137,-1.173151426048019,0.1196378564341097,-0.1773999629684624,9.0,False,False
1054.0,Charlie Comiskey,-1.6202010349487534,7.640000000000001,1034.0,-7.544300000000001,981.0,9.145,1035.0,10.65,-20.0,-73.0,-19.0,-0.2454215040058928,-0.7623032497313762,-1.2437252762955069,0.9868346073422344,-0.7599730072030104,13.0,False,False
1055.0,Sandy Alomar,-1.6383941811406753,10.530000000000003,1002.0,-7.219999999999999,975.0,11.890000000000004,994.0,13.250000000000004,-53.0,-80.0,-61.0,-0.404548751358261,-1.1757650247521354,-0.797077712182782,1.5081776310431478,0.1048825903206961,8.0,False,False
1056.0,Joe Quinn,-1.7011977019641518,4.79,1050.0,-18.849999999999998,1061.0,5.8,1053.0,6.81,-6.0,5.0,-3.0,-0.517160046056814,-0.8208091217749767,-0.9624504408176264,-0.3430175209127725,-0.2051094491459951,16.0,False,False
1057.0,Jo-Jo Moore,-1.7683640867140424,18.930000000000007,844.0,-0.48999999999999977,811.0,18.090000000000003,843.0,17.25,-213.0,-246.0,-214.0,0.1525371079272642,-0.4565122489037009,-0.8629493433289903,-0.4051379218279514,-0.8957064720365071,10.0,False,False
1058.0,Bill Hallman,-1.8460983917117169,6.530000000000001,1040.0,-15.029600000000002,1045.0,8.379999999999999,1040.0,10.229999999999999,-18.0,-13.0,-18.0,-0.3042419197279945,-0.5271401012245125,-0.6595270539080845,-0.6516099026746194,-0.681552498836135,13.0,False,False
1059.0,Charlie Grimm,-1.874663063049273,12.519999999999998,976.0,-16.279999999999998,1053.0,12.52,984.0,12.52,-83.0,-6.0,-75.0,-0.1883857647899348,-0.4324318391181206,-0.5431973162735606,-0.6639074691499746,-0.7183546395499101,15.0,False,False
1060.0,George McBride,-1.9138187800070692,21.18,775.0,-3.18,886.0,21.11,749.0,21.04,-285.0,-174.0,-311.0,-1.137327402999939,-0.9717355487133432,-0.3687197726575917,-0.7280946756282212,1.3281215307032788,11.0,False,False
1061.0,Wally Gerber,-2.4030879942853787,4.3100000000000005,1053.0,-17.97,1059.0,5.420000000000001,1056.0,6.530000000000001,-8.0,-2.0,-5.0,-0.725688133522252,-0.82728751044836,0.0599532808778754,-0.8323518172611319,-0.0466430906372628,10.0,False,False
1062.0,Bones Ely,-2.504397810247667,6.930000000000001,1036.0,-12.0848,1033.0,8.68,1037.0,10.43,-26.0,-29.0,-25.0,-0.789738442025698,-0.7504846489298846,-1.0338603829588082,-0.7376410259927806,0.1086621791809197,10.0,False,False
1063.0,Everett Scott,-2.522519667844519,17.090000000000003,874.0,-7.8999999999999995,991.0,16.700000000000003,884.0,16.31,-189.0,-72.0,-179.0,-0.7182431720690118,-0.5883728591248186,-1.339560549819123,-0.8332089694734441,0.06713374208402,11.0,False,False
1064.0,Leo Durocher,-2.761386855213728,4.000000000000001,1055.0,-15.999999999999998,1051.0,5.515000000000001,1055.0,7.03,-9.0,-13.0,-9.0,-1.1594905550066454,-0.8145112932799079,-0.7009486931233486,-0.6177359801735083,0.0068686470076899,12.0,False,False
1065.0,Patsy Donovan,-2.91106839875317,19.38,830.0,-8.03,992.0,17.585,857.0,15.79,-235.0,-73.0,-208.0,0.1595086327639867,-1.2329819506243038,-0.8695162317029148,0.6206279357142445,-1.2912852283976008,15.0,False,False
