rank_saa,playerID,name,career_PA,qualifying_seasons,SAA_final,SAA_total,SAA_peak,SAA_rate,z_AVG_career,z_ISO_career,z_BB_career,z_SB_career,z_DEF_career,real_WAR,is_negro_leaguer,is_nel_ranked,season_equivalents
1,ruthba01,Babe Ruth,10616.0,17.0,24.80328033952149,30.897985964331152,18.708574714711826,1.8320774363671006,1.209744926849777,4.018680535889794,3.625158107232717,-0.5311997303878413,-0.22923020069629,182.62,False,False,20.654861896518334
2,bondsba01,Barry Bonds,12606.0,21.0,23.032846108132,29.856180080562496,16.2095121357015,1.4269322963467816,0.900556903328406,2.463398390761091,3.1354053702355005,0.7331068653395135,0.1544724228121565,162.78,False,False,27.146362206448124
3,wagneho01,Honus Wagner,11748.0,21.0,20.639965302156828,25.965356782893192,15.314573821420462,1.3163610575945344,1.6481564968799713,1.6411598098654496,0.20272529185798663,1.2177681316878821,0.937584116081607,132.75,False,False,24.358667533613918
4,cobbty01,Ty Cobb,13071.0,23.0,19.910457383737,25.57405645205813,14.246858315415873,1.1878730630722154,2.3549826965725345,1.1759970512338465,0.41526519483418173,1.9214027002347112,-0.5254382538829413,149.84,False,False,26.92938530662103
5,mayswi01,Willie Mays,12541.0,21.0,18.540591353209276,24.129323063774702,12.951859642643848,1.1660538949767256,1.0506192112617927,1.7654777701563236,0.7229023451686647,1.3500153291151922,0.569665165614525,156.18,True,False,25.96321689676774
6,willite01,Ted Williams,9791.0,17.0,18.240266406292506,22.827157061744998,13.653375750840016,1.4075561571598383,2.046023430451624,2.49841106426999,2.9635284735306984,-0.7780447907459703,-0.871612797675592,121.73,False,False,20.30510151685027
7,hornsro01,Rogers Hornsby,9475.0,15.0,17.925208017726295,21.950303992007065,13.900112043445525,1.4651443314277715,2.009755905810888,2.152699950054877,0.860299731779213,-0.4581780260806166,0.8809770204909106,127.39999999999999,False,False,19.213767606626732
8,rodrial01,Alex Rodriguez,12207.0,19.0,15.86497853394727,19.540407571491713,12.189549496402828,0.9783408283662008,0.8831436252812095,1.6022232518854258,0.7335437690144219,0.5878576514511765,0.5029531158482514,117.41,False,False,24.393708040566203
9,gehrilo01,Lou Gehrig,9660.0,14.0,15.065844935582705,18.01646859502091,12.1152212761445,1.1277914613471618,1.1911922023165296,2.4956955197981054,1.9413605165454046,-0.16876414722083125,-0.7776724610984314,113.51,False,False,19.2954025890048
10,aaronha01,Hank Aaron,13940.0,23.0,14.94328783193994,20.28789753778151,9.598678126098372,0.8477563405545676,1.1741710630966713,1.7137247064036816,0.23879334211642342,0.2782209070457046,-0.3515690760587554,143.22,False,False,29.343957260709885
11,musiast01,Stan Musial,12712.0,21.0,14.839152637522842,18.847162156029786,10.831143119015898,0.8829264767577738,1.7097639218411167,1.465293760730729,0.7484892169138954,-0.3758820929704744,-0.5342577020406114,128.54,False,False,26.85839171409919
12,speaktr01,Tris Speaker,11988.0,20.0,14.814330881211228,19.056979345614145,10.571682416808311,0.9628001172232615,1.6238711511087418,1.1292135541376616,1.032625292260505,0.2194813477423775,0.0583202082452613,136.07,False,False,24.733970471149345
13,schmimi01,Mike Schmidt,10062.0,16.0,14.602141373392477,18.0135240696959,11.190758677089052,1.0931344314546119,0.042088505644016505,2.2774471348045835,1.770706273108042,0.027601664739226258,1.087214727676525,106.88000000000001,False,False,20.88534063420361
14,foxxji01,Jimmie Foxx,9670.0,16.0,14.52503499446274,17.076379621807444,11.973690367118033,1.067984565858318,0.9630829026371479,2.447560207047151,1.7022593509795607,-0.2527732830032067,-0.500784869223036,92.72,False,False,18.894184607978605
15,collied01,Eddie Collins,12037.0,20.0,13.795325715510847,17.403800806483517,10.186850624538177,0.8740504297221152,1.5493971748576003,0.1275552144727109,1.3337211197284318,1.6757486152896885,0.3500886971060494,123.71,False,False,24.88462870611113
16,pujolal01,Albert Pujols,13041.0,21.0,13.736187637796137,15.755490363417412,11.716884912174862,0.6697423626739719,1.0621004553436388,1.2550788833111937,0.36615130834467025,-0.19583017975255543,-0.2122177589084462,101.17,False,False,27.557691389462406
17,mantlmi01,Mickey Mantle,9909.0,18.0,13.48524284570216,16.108968219437163,10.861517471967156,0.9750162348878676,0.9106946629175049,1.7798933060933535,2.4255268655552147,0.4283003550720331,-0.5877143893905743,110.25999999999999,False,False,21.146148444976422
18,lajoina01,Nap Lajoie,10461.0,20.0,13.38669187765622,16.386540303087965,10.386843452224475,0.9135292610674289,1.8478327791542644,1.1911805195215934,-0.8321399680862421,-0.03426445721498672,0.4423285699739716,108.7,False,False,21.58463824616624
19,morgajo02,Joe Morgan,11329.0,19.0,13.049833784699516,14.952157572123571,11.14750999727546,0.792364929014756,0.24662798577482603,0.7857303810097097,2.2891382267495772,2.1450143950865415,0.19621078397891742,100.59,False,False,23.410325148825027
20,troutmi01,Mike Trout,7201.0,12.0,12.67150199999767,14.173344468655827,11.16965953133951,1.2443917552276254,1.1738450600853554,1.9996628318343357,2.0697744012839765,0.576894320797299,0.1383625772179501,91.15,False,False,15.22800806058704
21,henderi01,Rickey Henderson,13346.0,24.0,11.41926520271457,13.682081451148175,9.156448954280966,0.5556140869977063,0.2227526425024715,-0.1814155282223206,2.1500102737091082,3.394314333408648,-0.05609753999057363,111.17999999999999,False,False,28.720535918299586
22,broutda01,Dan Brouthers,7691.0,15.0,11.379099431572968,14.056046234924537,8.7021526282214,1.144163307686165,1.7260307496570146,1.7720653737752408,1.06877733740891,-0.21306264220926058,-0.18747194547933108,78.66,False,False,16.86737148739828
23,connoro01,Roger Connor,8847.0,17.0,11.317115483828578,14.017279785847817,8.61695118180934,0.9611848996009932,0.9426021922436485,1.6646310561841826,1.1401461610026495,-0.48925831915462803,0.3679394929984098,84.24,False,False,20.261526789812997
24,robinfr02,Frank Robinson,11743.0,19.0,11.238977831148004,14.026536953290584,8.451418709005424,0.7308660158032435,0.8622612821444346,1.5993266862999147,0.8702638816680327,0.4170071822333199,-0.681687405600982,107.24000000000001,False,False,24.631426142653776
25,brettge01,George Brett,11624.0,20.0,11.042584453625372,12.9179421539271,9.167226753323643,0.63124839948953,1.2711835231442865,0.7683278428020304,0.09067518884633058,-0.007516564415461154,0.05539563631274059,88.61,False,False,24.875645188328324
26,delahed01,Ed Delahanty,8400.0,15.0,10.614305748176083,11.742029284543468,9.486582211808697,0.8133725159599884,1.3698885735872453,1.5814239975479378,0.10771778554869818,0.12771226631921706,-0.4778213028367914,70.43,False,False,17.230345149689697
27,dimagjo01,Joe DiMaggio,7671.0,13.0,10.55209011846009,12.192205577202666,8.911974659717512,0.949208749392648,1.2171794485687144,1.9858662934339093,0.10242106225153794,-0.698653738989725,0.23959147232839836,78.92,False,False,15.409618147462318
28,gehrich01,Charlie Gehringer,10237.0,16.0,10.531923271281482,12.338039389401896,8.725807153161066,0.7118505351350456,0.9365233477129336,0.6120840715956738,0.7856394695281957,0.21190813773262415,0.7375677430819073,84.6,False,False,20.34617672429209
29,jonesch06,Chipper Jones,10614.0,18.0,10.512977194521788,12.618811277467236,8.407143111576342,0.7135991297342453,1.003872937399082,0.9068173592125329,1.4992243151166014,-0.04869525134597895,-0.023304328131507696,85.26,False,False,22.63461727852882
30,boggswa01,Wade Boggs,10740.0,18.0,10.4677085966125,11.575336691118624,9.360080502106374,0.6261539208451959,1.987637527778351,-0.5389379588248273,1.2356978170483726,-0.6229242009911583,0.6513334427670864,91.44000000000001,False,False,22.965740879086553
31,ottme01,Mel Ott,11337.0,18.0,10.26656592104947,13.155104457861196,7.378027384237745,0.7166390661627671,0.4128609788654303,1.7306272837273196,1.8576942714560993,-0.48070042428943005,-0.3205339866586233,110.71000000000001,False,False,22.96540837470884
32,ripkeca01,Cal Ripken,12883.0,20.0,10.199671462401206,11.794320733093306,8.605022191709105,0.5113893829522489,0.31103270979737235,0.700118435146895,0.08889099347425129,-0.760557919612367,1.3760536604139018,95.92999999999999,False,False,27.352864111043015
33,matheed01,Eddie Mathews,10101.0,16.0,10.199303436002022,12.082767478273945,8.315839393730098,0.7155999795175461,0.15324337536694757,1.583881017610481,1.4916026445067059,-0.17492040452075322,0.31397218812861166,96.01,False,False,21.06704611226399
34,bettsmo01,Mookie Betts,6936.0,12.0,10.17371825713579,11.421920596030573,8.925515918241006,0.9880554148815371,1.1013423953591466,0.9378343576526855,0.6485861416561706,0.5485380394041851,1.2829498543597608,77.24,False,False,15.682593125986669
35,griffke02,Ken Griffey,11304.0,21.0,10.02701991573235,11.292564279044612,8.761475552420086,0.5624778258149519,0.36021871163600466,1.4907974943198015,0.681002758463317,-0.3431363639548594,-0.13306837711317795,83.82,False,False,23.892254637409167
36,walkela01,Larry Walker,8030.0,16.0,9.822471630348172,11.27503485979642,8.369908400899922,0.8483848652969466,1.2828084695684854,1.4306058704239695,0.5863843822752003,0.22874980103019582,-0.23576427515664747,72.74,False,False,17.29220064905963
37,robinja02,Jackie Robinson,5948.0,10.0,9.786269433632974,10.144316079031348,9.428222788234597,1.0490502667043795,1.2122928163592444,0.4318698435368105,0.6322288454438668,2.631596199830694,1.1470948210405354,64.08,True,False,12.153181529042769
38,heltoto01,Todd Helton,9450.0,16.0,9.770751037647223,10.479932620340712,9.061569454953736,0.6476398773774953,1.4343917914488777,0.6366051842204125,1.2769598991377284,-0.41881436465424166,-0.29736884385820195,61.769999999999996,False,False,19.911681587004527
39,greenha01,Hank Greenberg,6096.0,10.0,9.728217005118491,10.186873324140038,9.269560686096943,1.0260406235494415,0.7745212586834928,2.661572606835513,1.2315205438170598,-0.145553552203421,-0.5669211763381202,55.37,False,False,12.08257360772451
40,benchjo01,Johnny Bench,8669.0,15.0,9.610314398799552,11.092338215172626,8.12829058242648,0.7740797291220497,0.21453323200100646,1.4680700088672134,0.3514564920492054,-0.21510247112352487,1.2783167738450774,75.14,False,False,17.26251301821206
41,charlos99,Oscar Charleston,5725.0,18.0,9.559340752965111,11.456142716640944,7.66253878928928,1.3774921102173479,1.5044950997050648,1.8830269864547817,0.952386361629948,2.1582120786325176,0.025795885993661748,46.790000000000006,True,True,19.30288421414056
42,ansonca01,Cap Anson,11331.0,26.0,9.522145886996576,11.88216585500177,7.162125918991384,0.6115969577407833,1.283838679260993,0.3627325043240821,0.8090975299552182,-0.38883157478159086,0.140253920624525,94.33,False,False,28.844699419556893
43,snidedu01,Duke Snider,8237.0,14.0,9.439772656803148,10.23038315347916,8.649162160127137,0.7976912066240289,0.7625855680431861,1.6419746750938917,0.5313454819705207,0.35352914430231624,-0.060821644721890396,65.99000000000001,False,False,15.868063059607781
44,bankser01,Ernie Banks,10395.0,17.0,9.236251956756112,9.239621304441824,9.2328826090704,0.4909941178338952,0.3073720782587234,1.3862970246766566,-0.5285562318707356,-0.35059921330732907,0.35404465735543794,67.8,False,False,21.646662773710144
45,yastrca01,Carl Yastrzemski,13991.0,23.0,9.074307871894607,10.201090760509274,7.94752498327994,0.40690483552694745,0.5730337297485824,0.5720245319409132,1.2002737219066149,-0.15032442633171114,-0.2080378626869579,96.41,False,False,30.041849532053586
46,vottojo01,Joey Votto,8746.0,16.0,9.053009897015736,9.839060317182996,8.266959476848475,0.6427562599683452,1.0553397845706116,0.6799552254671927,2.079512142175365,-0.11988076075831276,-0.3689769059235068,63.64,False,False,19.61902817204675
47,gordojo01,Joe Gordon,6536.0,11.0,8.995336830217283,9.630720594712077,8.359953065722488,0.884093077849946,-0.16685474439412315,1.3854092454744786,0.4960841669276239,0.2110033981448529,2.239089855092958,55.5,False,False,13.312532368257058
48,sandbry01,Ryne Sandberg,9282.0,15.0,8.978683069341319,9.480682696791694,8.476683441890941,0.6054108721303245,0.5778521909475808,0.7377387682725212,-0.20771116012180374,0.5143543051297708,0.9003463493174853,67.95,False,False,20.11622030991465
49,arenano01,Nolan Arenado,7512.0,13.0,8.970901734445459,9.393258095272062,8.548545373618857,0.742270146352768,0.8134487752760108,0.9787219110728422,-0.29497303933496577,-0.49717889577575447,1.4618702746202321,60.04,False,False,17.101009187723616
50,larkiba01,Barry Larkin,9057.0,17.0,8.803550753025473,10.363318876461976,7.243782629588969,0.6931978467513135,0.9190254249852486,0.23405374829587702,0.5172055752097606,1.0100468386211316,0.9727442669194326,70.53,False,False,18.953246366534465
51,santoro01,Ron Santo,9396.0,15.0,8.795457685930732,9.309314729885394,8.281600641976068,0.5388106763573599,0.5008806427785025,0.873057387769052,0.8313091822761127,-0.5039053946928723,0.4694444421738479,70.53999999999999,False,False,19.749774633300856
52,davisge01,George Davis,10178.0,18.0,8.768396011443674,10.723367907369115,6.8134241155182345,0.6169975793578708,0.46462294479199884,0.4679710214689021,0.1580685734211113,0.6742905492751217,1.269917386049886,84.35000000000001,False,False,20.88031302105231
53,cronijo01,Joe Cronin,8838.0,15.0,8.763577125299213,9.837850919214732,7.689303331383694,0.6808386105827798,0.5004908347205919,0.750404637837834,0.9198227262483439,-0.23831343347451958,1.1870951976893485,64.64,False,False,17.067834995565534
54,jacksjo01,Shoeless Joe Jackson,5690.0,9.0,8.737798695138174,9.131674272669986,8.34392311760636,0.9989069395810378,2.1373739041419624,1.6160622873106514,0.195883672407962,-0.11908995321276723,-0.674016448871329,61.47,False,False,11.466957802982176
55,wellswi99,Willie Wells,4677.0,10.0,8.713189659457166,8.992794809941117,8.433584508973215,1.6282916287598423,1.508246057856096,1.9045039479021206,0.8106076657744988,1.7086564412682717,1.7439642484670992,54.6,True,True,11.665624404895125
56,cabremi01,Miguel Cabrera,11796.0,20.0,8.70499023686165,9.431626357085259,7.978354116638041,0.37953775464376827,1.3325306903566176,0.6925255604697086,0.48138836979747607,-0.5338307617555862,-1.1136744070415932,67.23,False,False,25.404338979296703
57,carewro01,Rod Carew,10550.0,19.0,8.69004520015443,9.682760431005093,7.697329969303766,0.5241798697423286,1.9803204815306046,-0.4690375686442896,0.22272418099365668,0.7554590262459517,-0.1351166242376332,81.19,False,False,22.908531982533965
58,piazzmi01,Mike Piazza,7745.0,15.0,8.650101488695476,9.706868929562928,7.593334047828026,0.7217064595669749,1.205759928032065,1.2059912714621006,0.25425432409073756,-0.54321747041424,0.13538707175537706,59.56,False,False,16.447169543648677
59,vaughar01,Arky Vaughan,7721.0,12.0,8.57849436748671,9.631973437919767,7.525015297053655,0.7758191500810341,1.1705057995948802,0.3565921036917743,0.7898921621346904,0.2430662009848656,1.0719697139154107,77.71,False,False,15.574125669653935
60,ramirjo01,Jose Ramirez,6757.0,12.0,8.518956230290943,9.101740971262055,7.936171489319832,0.8023540783826854,0.7778746201372437,0.9595425532614069,0.40981488119093323,1.6613651950946609,0.37005459367265353,59.76,False,False,15.30509711078546
61,friscfr01,Frankie Frisch,10100.0,17.0,8.482725058890967,9.785481281825875,7.17996883595606,0.5735442426630213,0.6664186011279971,-0.038478235050471425,-0.316969857417853,1.4521786827319598,1.3582062515417646,71.7,False,False,20.659401088919594
62,beltrad01,Adrian Beltre,12130.0,21.0,8.477754338527516,9.740548924789122,7.21495975226591,0.4598507810218813,0.5699062101851056,0.47302940613389033,-0.5369046093996563,-0.18005863082430484,1.093332100742893,93.72,False,False,25.4958744945596
63,stoveha01,Harry Stovey,6848.0,14.0,8.401143071516307,9.497930021509372,7.304356121523241,0.829486139666002,0.4439055303724096,1.8859799976794283,0.7528915287920037,1.598197548816414,-0.3853316183750443,44.95,False,False,15.698316634397226
64,goldspa01,Paul Goldschmidt,8804.0,14.0,8.340623996207551,8.971728323012778,7.709519669402322,0.6033803260579816,1.0170789878449717,0.7364840124610408,1.046828730080491,0.45777372935125965,-0.3657440998849873,65.0,False,False,19.707107436551553
65,bakerfr01,Home Run Baker,6660.0,12.0,8.21842165229904,9.070194840632082,7.3666484639659995,0.8212036976579521,1.0328132695126642,1.2915715079846273,-0.29239882134285955,0.008022882403184824,0.7616292915136601,62.61,False,False,14.187022033345649
66,dahlebi01,Bill Dahlen,10405.0,19.0,8.215305819760829,9.807705818998766,6.62290582052289,0.5473506137305226,-0.09108360468425324,0.5165832510764969,0.7845881774692137,0.4472508376708474,1.4825840914942163,74.94,False,False,21.574647206753077
67,bagweje01,Jeff Bagwell,9431.0,14.0,8.184687082384201,9.352821164532177,7.016553000236227,0.6028892026986792,0.6695634503103282,1.0698094578233646,1.3202830767156086,0.4087505347986812,-0.4591301544642879,79.88,False,False,20.10845092356561
68,rodriiv01,Ivan Rodriguez,10270.0,20.0,8.14137821758294,9.402096994125237,6.880659441040642,0.5350456053597441,0.947367077324581,0.1689129193882198,-1.097913325719526,0.03956296076417568,1.5299832142071943,68.71000000000001,False,False,21.36520424350477
69,ramirma02,Manny Ramirez,9774.0,17.0,8.14110756748224,10.035688399694957,6.246526735269526,0.6206362646688286,1.2660856841653023,1.624336059698478,1.2594355632401486,-0.9084627306902874,-1.4079377087264575,69.33,False,False,20.293405909379427
70,alomaro01,Roberto Alomar,10400.0,16.0,8.11364381362943,9.121231542307395,7.106056084951467,0.5023656793758245,0.9813048971119549,0.07122702499948386,0.2920492096662304,1.132780242046031,0.22061578785583383,67.01,False,False,21.749300928090662
71,trammal01,Alan Trammell,9375.0,18.0,8.090524317742716,8.914620640530426,7.266427994955005,0.5538030805640891,0.7087615655399018,0.17567910170165235,0.24378597389629278,0.14986966488654055,1.2455265825666977,70.64,False,False,20.075018203138445
72,tulowtr01,Troy Tulowitzki,5415.0,11.0,8.079495557951848,8.354645919396066,7.804345196507628,0.9441755362166016,0.8137373849990416,1.1830558512679268,0.511873015363531,-0.4659355087835199,1.743121067983961,44.78,False,False,11.487653720748183
73,utleych01,Chase Utley,7863.0,14.0,8.07569805617651,8.496525749785699,7.654870362567322,0.6304660197980737,0.2668611279343269,0.7684556559062465,0.35314283495421067,0.13959729275875316,1.352984859373027,64.62,False,False,16.319799972317117
74,allendi01,Dick Allen,7314.0,14.0,8.05490192481763,8.82056950577348,7.289234343861778,0.6974697636905187,0.9249707567711356,1.783465145386827,0.926128226937658,0.3395883157476075,-1.2081633061269828,58.79,False,False,15.359261641370454
75,thomafr04,Frank Thomas,10074.0,17.0,8.042796409231157,8.866604618060906,7.218988200401408,0.5148679244859823,0.9273936038598419,1.3050673578716567,1.8807408978646203,-0.5612116068407961,-1.4341164656792484,73.82,False,False,20.919647830918954
76,garcino01,Nomar Garciaparra,6116.0,10.0,7.967474335339536,7.864448907279739,8.070499763399333,0.7944027186346712,1.4458562940386357,0.8324660720391726,-0.5852395020841195,-0.09794209361228758,0.8961208419048474,44.28,False,False,11.5630114800011
77,mageesh01,Sherry Magee,8546.0,16.0,7.938706069140895,8.728387682127133,7.149024456154656,0.5845794971849456,0.6363305364781985,1.4257964033054422,0.15297026288591595,0.6710994520538963,-0.5823277812206396,59.97,False,False,17.88337542178967
78,kalinal01,Al Kaline,11597.0,21.0,7.876732584120386,9.537559888154421,6.215905280086352,0.4668932978834946,0.89488585095957,0.5563606552917576,0.5520067482518538,-0.01504244718836532,-0.1108854204912627,92.78999999999999,False,False,24.7721559550917
79,mizejo01,Johnny Mize,7371.0,13.0,7.873852198637854,8.846097818513462,6.901606578762246,0.7357225923087086,0.95600358112092,1.9748423291051158,0.4127876061549115,-0.6035153031934668,-0.6222920552762328,70.39,False,False,15.30904576701799
80,applilu01,Luke Appling,10243.0,17.0,7.852518016749652,9.084020048561998,6.621015984937307,0.5255215432144345,0.9796756926407106,-0.52546117541042,0.9425203329564995,0.407779826336046,1.2711358605804637,76.95,False,False,20.074842640945242
81,fiskca01,Carlton Fisk,9853.0,21.0,7.789072683010659,9.674103671128291,5.904041694893026,0.5662292907525659,0.2848746005365032,1.034536958247182,-0.06356855729799127,-0.04822638471491504,0.9079265865937546,68.45,False,False,21.013298339718197
82,guerrvl01,Vladimir Guerrero,9059.0,15.0,7.745571675680814,8.730355467050833,6.760787884310796,0.5588129487054944,1.4858621104048122,1.0087547601984888,-0.37075694972265855,0.12798332551064784,-0.8264737502714745,59.46,False,False,18.7916552638636
83,sosasa01,Sammy Sosa,9896.0,18.0,7.720389026915614,8.054705949440054,7.3860721043911735,0.4239220656972173,-0.0686427998757835,1.468777460847159,-0.020303807963047902,-0.046571405559505556,0.052845943790299735,58.6,False,False,21.174706148369314
84,rolensc01,Scott Rolen,8518.0,16.0,7.710303742529227,8.962124962610805,6.45848252244765,0.6377215194958185,0.34070662433508647,0.6840064027409773,0.44050853699324627,0.010258226193915672,1.4261546752714156,70.12,False,False,17.709075626021214
85,ortizda01,David Ortiz,10091.0,18.0,7.650373904182295,8.73465058777514,6.566097220589449,0.48618779689364233,0.6195901014589346,1.6416417906154808,1.1907259474289391,-0.5738146499040989,-1.2693645024058304,55.04,False,False,20.85438040385387
86,crawfsa01,Sam Crawford,10594.0,17.0,7.5616580112942,9.14962189950105,5.97369412308735,0.5296647976442569,1.0412560616692896,1.5545005445916564,-0.2432369557344429,-0.25683066097321267,-0.9952771128163073,75.92999999999999,False,False,21.811505911852713
87,mcgwima01,Mark McGwire,7660.0,13.0,7.559422264030804,8.111550349646757,7.007294178414851,0.628547107013937,-0.3694864069563277,2.640078089088369,2.0282206202842286,-0.6346989502951556,-0.9599128231229134,62.15,False,False,15.529317650983435
88,steartu99,Turkey Stearnes,4498.0,12.0,7.5534171602725255,8.498827923706246,6.608006396838805,1.437636525013743,1.359465159503952,2.4731802531374947,0.2717648717833441,0.868316540026015,0.7900420066727404,54.82,True,True,13.011702440329039
89,cartega01,Gary Carter,9019.0,17.0,7.534771094043578,8.246133682883611,6.823408505203545,0.5262422206993498,0.055227152020260455,0.7911423231141679,0.16433279719993746,-0.4427547797257251,1.5008678820580008,70.11,False,False,18.950292831679317
90,yountro01,Robin Yount,12249.0,20.0,7.512436964906083,7.719466418398006,7.3054075114141614,0.32919384651263567,0.671864359394113,0.3049896551699433,-0.17761963025355534,-0.11568274688594019,0.32733939928684197,77.36,False,False,26.314198761810268
91,harpebr03,Bryce Harper,7665.0,14.0,7.508702917559906,8.550118579353352,6.467287255766459,0.6668782997798107,0.7234941080024161,1.243628737731246,1.8598984160333558,0.18222427543266223,-0.6373541154344486,56.72,False,False,17.530752003033918
92,boudrlo01,Lou Boudreau,7023.0,13.0,7.496259400344268,8.052392367113368,6.940126433575167,0.6842295987377527,0.6885170396821912,0.11844108878315773,0.45954517394298133,-0.4350712640463427,2.198473846042421,63.01,False,False,14.406674796875906
93,sislege01,George Sisler,9013.0,15.0,7.486155079503531,6.924826908032782,8.047483250974281,0.3488855471177544,1.2464694564086465,0.23332549882170478,-0.892992756797075,1.1895444621554594,-0.6235405499359474,57.65,False,False,18.490348939320082
94,canoro01,Robinson Cano,9550.0,15.0,7.48419878991851,8.113816791061161,6.85458078877586,0.49067435758232375,1.1416372288367367,0.6793094318096942,-0.5009953528793034,-0.6348499599378581,0.28987445335055395,68.72,False,False,19.54828428298891
95,doerrbo01,Bobby Doerr,8028.0,13.0,7.3595470135865515,8.32281798678534,6.396276040387762,0.6354913199377966,0.49654855327969155,1.0295417902988218,0.061384077619775095,-0.46774796343264113,1.091503027227646,51.24,False,False,16.118318132353355
96,beltrca01,Carlos Beltran,11031.0,19.0,7.344805608012479,8.104856519386427,6.58475469663853,0.3945765233401779,0.2806670001634701,0.6592487554854045,0.26958969788253706,0.5823780713537879,0.1370250986094151,70.03,False,False,23.27118391178876
97,boyerke01,Ken Boyer,8268.0,14.0,7.337395554268136,7.747256435139542,6.92753467339673,0.5505492055554546,0.7530076157831729,0.49296347552972164,-0.1107465984993961,0.3746720092335568,0.7518266854408506,62.83,False,False,17.50037359399279
98,reesepe01,Pee Wee Reese,9470.0,15.0,7.300936833180771,8.428030184878427,6.1738434814831145,0.5250995605908667,-0.033329910862572545,-0.30863868878753425,0.7584084848026293,1.6498720076334206,1.9343104562114688,68.44,False,False,19.64897292135403
99,ewingbu01,Buck Ewing,5772.0,15.0,7.255117554170468,8.43419892355443,6.076036184786505,0.8746229090185749,0.7556224520859688,1.32113653926758,-0.13145090934572412,1.1182546312014208,0.7873229209592295,47.92,False,False,13.136319132571286
100,machama01,Manny Machado,8195.0,14.0,7.234420483465166,8.15244215878918,6.316398808141152,0.5961873048266852,0.6887518487595248,0.6909892449444315,-0.13227190060630795,0.041278921559854444,0.9568213731007182,62.7,False,False,18.405594765378396
101,lindofr01,Francisco Lindor,6848.0,11.0,7.228202546974912,7.978351534716577,6.478053559233247,0.6990378097006346,0.5401712275697853,0.7059106335067541,0.19764153108535318,0.7005095494846056,1.1769907166033848,56.63,False,False,15.534216672135019
102,gibsojo99,Josh Gibson,3211.0,9.0,7.189265072345722,7.522896999154564,6.85563314553688,2.0563727560331375,2.4060543954203673,3.612946085308221,1.0569444881511287,0.31712288590638005,0.3156619519442316,40.91,True,True,9.006193195717707
103,simmoal01,Al Simmons,9515.0,16.0,7.107714430767146,7.893636187783288,6.321792673751003,0.48436829858551594,0.9958760800009552,1.0891809778171866,-0.6369046774440855,-0.4839602145274885,-0.14531164781384592,68.24,False,False,18.684589704538464
104,flickel01,Elmer Flick,6414.0,11.0,7.097852498351285,7.43728149019769,6.758423506504879,0.69931263141291,0.9217251222312339,1.3629408274687917,0.5357637686769506,0.6557651152542151,-0.5262002094510716,53.42,False,False,13.01633271256258
105,mccovwi01,Willie McCovey,9686.0,21.0,7.070034204411185,7.770432873486154,6.369635535336215,0.4170041994608889,0.16115038232912898,1.7178419996352463,1.3437493333182156,-0.5490045313004234,-1.130839976651014,64.52,False,False,19.831940037918237
106,freemfr01,Freddie Freeman,9363.0,15.0,7.063094426415418,8.209701575288141,5.916487277542694,0.5237003148822494,1.3566214170725601,0.6545000937803412,0.7703335568043922,-0.0005553068765101712,-0.7830698168320462,67.45,False,False,21.309766728856562
107,martied01,Edgar Martinez,8672.0,14.0,6.973777557902574,7.904915958490778,6.04263915731437,0.5503525235124438,1.3667572970749688,0.6616220783776333,1.4819232984020443,-0.482453260485384,-0.7905414645750141,68.42,False,False,17.443204115061107
108,thomeji01,Jim Thome,10313.0,18.0,6.9526522105664705,8.218178163483435,5.687126257649506,0.49767511069003106,0.13533150935536803,1.710592876782213,2.1230671659062974,-0.6067624374910668,-1.0386633899638311,72.94,False,False,20.437992693767562
109,turnetr01,Trea Turner,5604.0,10.0,6.944795830067655,7.588509320538279,6.3010823395970315,0.818903883511325,1.3276724695730362,0.3049891333011371,-0.4395939771096702,2.2023157505396576,0.7641661265303716,41.75,False,False,12.873535046446019
110,kellyki01,King Kelly,6457.0,15.0,6.859628332382455,7.7897872567389825,5.929469408025927,0.7099901264355973,1.0207849865050915,0.9308316982612672,0.6696703311448574,1.5050710508232383,-0.2458089453520182,45.949999999999996,False,False,16.133227165637205
111,braunry02,Ryan Braun,7329.0,13.0,6.827973166015816,7.3196262991922465,6.336320032839386,0.6108172155097841,1.0458162317920947,1.246095123420303,-0.18991006703400856,0.54142442447175,-0.5595381339885466,47.17,False,False,15.724913413057914
112,jacksre01,Reggie Jackson,11416.0,20.0,6.823500770285122,7.728685295848359,5.918316244721886,0.34714884632162263,-0.17509384377318457,1.6038725146390962,0.8721046260846417,0.05735042829611593,-0.8721513018811338,74.03,False,False,24.402323346967627
113,camparo01,Roy Campanella,5752.0,11.0,6.8038522493591085,6.857236191514645,6.750468307203572,0.7863151915605616,0.40714820033530347,1.403829839497115,0.26578256028014163,-0.1421009524195526,1.153268094123886,41.660000000000004,True,True,11.065962761292116
114,altuvjo01,Jose Altuve,8696.0,15.0,6.7982087932479125,7.268203766386117,6.328213820109707,0.47648748840791505,1.4482818165507552,0.16584811711347713,-0.194090164499036,1.0695707940775796,-0.47080653725361077,53.56,False,False,19.48581461958922
115,smithre06,Reggie Smith,8050.0,15.0,6.782490873572463,8.135112841280144,5.429868905864784,0.611739278702605,0.6366710806693537,1.181837789972767,0.5980569048043579,-0.07632203636976764,0.07006565333254919,64.58,False,False,16.77582175035196
116,wrighda03,David Wright,6870.0,11.0,6.777466227681913,7.164639338947564,6.390293116416261,0.6583129561054423,0.9815649878019511,0.5741375763802762,0.7413640706905167,0.8285150624735886,0.17307136767181747,49.13,False,False,14.123299193315637
117,molitpa01,Paul Molitor,12160.0,20.0,6.72456912931875,7.925094805723437,5.5240434529140625,0.35271608774271124,1.247956733180785,-0.04846728357270801,-0.061458540322026314,0.9145743542022314,-0.462211642638662,75.7,False,False,26.197651972324806
118,clemero01,Roberto Clemente,10212.0,18.0,6.621627028020994,7.55395369677862,5.689300359263367,0.3986050807114472,1.5850764529963375,0.13590696439894706,-0.9083009622967161,-0.3693291694244961,0.05036534332491547,94.96000000000001,False,False,21.604963191835324
119,ramirha01,Hanley Ramirez,7127.0,12.0,6.605437473155405,6.505297871291189,6.705577075019621,0.5112601200116406,0.782414256248723,0.8329502145646769,0.33077161608585304,1.1759525637459487,-0.6201081960777982,38.28,False,False,14.802891560152288
120,dickebi01,Bill Dickey,7060.0,15.0,6.551427398811601,7.3262632653305255,5.7765915322926755,0.6284176391849937,0.7836062507520194,0.8264448911293427,0.18110471004090495,-0.42453560198845364,0.8487269290766993,56.230000000000004,False,False,13.699136807057434
121,berkmla01,Lance Berkman,7813.0,13.0,6.541940406460189,7.014562942111595,6.069317870808784,0.5327023603638175,0.7250709049533096,1.1271618646625305,1.7840082772406938,-0.27225347111511444,-0.8707147556674627,51.96,False,False,16.146251414278407
122,hamilbi01,Billy Hamilton,7608.0,13.0,6.541820562621309,7.151664101207284,5.931977024035334,0.5701246732649331,1.3027945632466704,-0.44653545579911097,1.9668767831357579,2.1982211150567266,-0.5163142439429159,63.93,False,False,15.41979776481012
123,killeha01,Harmon Killebrew,9831.0,17.0,6.5293556387177025,7.425226946377916,5.633484331057489,0.43274780126817164,-0.23313895139058102,1.8391812588169343,2.015307465305655,-0.637401685672393,-0.9342773446153025,60.44,False,False,20.382313076117043
124,whitalo01,Lou Whitaker,9967.0,18.0,6.484673752493348,7.949610152128825,5.019737352857872,0.4656566515179393,0.32540375393707954,0.4956890848073298,0.9378626257917159,-0.40964663447805366,0.8325360038162505,75.1,False,False,21.61246527275845
125,colliji01,Jimmy Collins,7452.0,13.0,6.440119812403314,6.68117869520049,6.199060929606136,0.517375876272974,0.4454621631015576,0.7086275070490111,-0.44816566794281354,-0.5409430465143198,1.3502992333675832,53.25,False,False,15.142382044030379
126,edmonji01,Jim Edmonds,7980.0,16.0,6.409104254741154,6.913083628132604,5.905124881349704,0.4885756397025005,0.2731541859894152,1.1674034681427565,0.9325766883760602,-0.6788049131096269,0.15515582968102803,60.4,False,False,16.906898065494083
127,sheffga01,Gary Sheffield,10947.0,20.0,6.3954520645485715,6.936250938735811,5.854653190361333,0.33621664814455854,0.6234110921910737,0.9604494893712521,1.2115381758660222,0.14858697089809753,-1.3747702050027562,60.54,False,False,22.74185003018195
128,stephve01,Vern Stephens,7240.0,13.0,6.392814412343512,6.88368392751107,5.901944897175953,0.5517763245820689,0.4561378372766896,1.0681270858535457,-0.12560963207878179,-0.7011756213162204,0.8858768649124932,46.29,False,False,14.901531877283468
129,bondsbo01,Bobby Bonds,8090.0,13.0,6.379255481799881,7.037615392898065,5.720895570701697,0.517946928037768,-0.048981582604093736,1.1447377056160701,0.5942989810010949,1.9171559992231515,-0.30962703444124795,57.86,False,False,16.545320986888527
130,simmote01,Ted Simmons,9685.0,17.0,6.328832070620206,7.013763089305848,5.643901051934564,0.3770245357382166,0.8004765799351314,0.3944297431576473,-0.09472426166814449,-0.49819655304644206,0.38922360140920814,50.37,False,False,19.749171031821128
131,abreubo01,Bobby Abreu,10081.0,16.0,6.32417084185,6.694234292408838,5.954107391291162,0.3706937248124078,0.6116413312249037,0.21649710978359812,1.617313196242198,1.1574262122643861,-0.7761087417040059,60.19,False,False,20.81831188551934
132,raineti01,Tim Raines,10359.0,18.0,6.304291158012353,6.898436949684911,5.710145366339794,0.3870504518966579,0.867026272160242,-0.2856032166209897,1.080595556140026,2.1354000108931297,-0.5448801073421671,69.46,False,False,21.814986953234357
133,kellejo01,Joe Kelley,8139.0,16.0,6.210313328892257,6.776182827078472,5.644443830706042,0.45776337725049576,0.6234044401030511,0.9292353156143608,0.926818779714874,0.20395173516097373,-0.6055280047615628,50.57,False,False,16.868309747900526
134,grichbo01,Bobby Grich,8220.0,15.0,6.170940669642547,7.0237875712412485,5.318093768043845,0.5161016613567978,0.030843810018755236,0.8108848847108793,1.3292051831049416,-0.4271706210648066,0.8668979836694697,71.08,False,False,17.535271481844255
135,heilmha01,Harry Heilmann,8960.0,16.0,6.16230359428411,6.793456654865535,5.531150533702684,0.4378346676230104,1.1663977093242366,1.033554270297399,0.4311329811304166,-0.6498335014434805,-1.001404371160869,72.35,False,False,18.23581944836456
136,johnsbo01,Bob Johnson,8047.0,13.0,6.13157245378296,6.946686734866681,5.316458172699238,0.5179584989337652,0.29875454454665656,1.3982706984441262,1.2540479224219914,-0.04060726750211098,-0.5624656972772882,55.47,False,False,15.99422707937906
137,robinbr01,Brooks Robinson,11782.0,19.0,6.117146011011631,6.530356131429638,5.703935890593624,0.2927636128755799,0.22993700628750205,-0.0593995592005688,-0.5364480813392091,-0.5845616581932186,1.7685167635137133,78.32000000000001,False,False,24.62439883410014
138,loftoke01,Kenny Lofton,9234.0,16.0,6.095050289296241,6.718011111205808,5.472089467386673,0.42528619388668654,0.7792217623414192,-0.7204406582422249,0.2620990319948993,2.294043706735818,0.7601879439192825,68.39,False,False,19.449259365859994
139,pedrodu01,Dustin Pedroia,6777.0,11.0,6.08202859016197,6.659590628237121,5.504466552086819,0.6013174382155414,1.1329372924284953,-0.14019429122451757,0.36214115527718277,0.14874279786983255,1.2620307126982322,51.83,False,False,14.074008898914876
140,chancfr01,Frank Chance,5103.0,11.0,6.061731747067309,6.282122586094873,5.8413409080397445,0.8201142142292414,0.9119477884409177,0.4584665369330323,1.2814514503730106,2.384592807013141,0.21192745439220562,46.730000000000004,False,False,9.495917662554008
141,stargwi01,Willie Stargell,9026.0,18.0,6.056442325790562,6.5665062698716055,5.546378381709519,0.4263680807977487,0.48547349496854736,1.9123186232472902,0.37135087783389914,-0.7882158266159625,-1.2564152989439803,57.64,False,False,18.284374519524604
142,murraed02,Eddie Murray,12817.0,20.0,6.044512455656882,6.552533494107941,5.5364914172058235,0.2602769440998903,0.542330406556626,0.7204423381312967,0.29352545077477055,-0.31792909444468964,-0.5805725746974728,68.67,False,False,27.50123912203245
143,clarkfr01,Fred Clarke,9838.0,18.0,6.039768082091107,7.216443064959,4.863093099223214,0.4226084113835743,0.6832015600541465,0.6896365427976372,0.313797608712133,0.3472775374833221,-0.27675267045753105,69.06,False,False,20.40763914420941
144,rolliji01,Jimmy Rollins,10240.0,15.0,5.972128529541826,6.3652814782439195,5.5789755808397326,0.3684027243715424,-0.1172285029175331,0.15587827431344123,0.021806909091012114,1.5021576552793086,1.0220566825786896,47.93,False,False,21.52721205427801
145,jeterde01,Derek Jeter,12602.0,18.0,5.935686305765371,6.465758254715451,5.405614356815292,0.2825761843726448,1.313488123429293,-0.30570971396415064,0.10605231788722323,0.5297297419094842,-0.4166777222328432,71.29,False,False,25.789387810052972
146,hollima01,Matt Holliday,7981.0,14.0,5.931631476603364,6.300970700034303,5.5622922531724255,0.45682942459233594,1.0253525635532956,0.8313615247590384,0.44811600095389936,-0.317085532661639,-0.5664392436529511,44.44,False,False,17.112464413828544
147,hartnga01,Gabby Hartnett,7297.0,16.0,5.928178198382376,6.906428961196605,4.949927435568147,0.596324273523955,0.2044684778039437,1.1629744795335344,0.2981835482356629,-0.6254477883405254,1.0940890516659891,55.28,False,False,14.688075828664058
148,berrayo01,Yogi Berra,8364.0,16.0,5.927053963560176,6.779355964179733,5.074751962940619,0.4929320751486371,0.5127581350376864,0.9042447636490647,-0.41657006642475114,-0.3715054914565631,0.7331938066537164,59.54,False,False,17.266080555530934
149,kentje01,Jeff Kent,9537.0,17.0,5.891954417582436,6.485946013025254,5.2979628221396196,0.386932719359325,0.49316022453390246,0.9634894858914602,-0.10865189660920072,-0.5366330329461224,0.07233149593624323,55.43,False,False,20.432503857093575
150,richaha01,Hardy Richardson,6044.0,14.0,5.852037522623969,6.520154461309583,5.183920583938355,0.6355932506020371,0.8335477585669855,1.1032279180511004,-0.06338251664202604,0.06659617721874471,0.15911697594971877,40.980000000000004,False,False,14.885644944257528
151,tinkejo01,Joe Tinker,7152.0,13.0,5.851642213887098,6.6254455366365965,5.0778388911376,0.5631487918943133,-0.011833321150985699,0.34106514670180527,-0.5954884320369754,0.4992590111000584,2.3700109316137956,52.65,False,False,14.499089999818194
152,riceji01,Jim Rice,9058.0,15.0,5.815458674033961,6.099131189469319,5.531786158598602,0.37096845401193035,0.9549653088162035,1.1255249766983904,-0.45872858303176284,-0.7161559114565246,-0.6784509109680944,47.660000000000004,False,False,19.37776804931263
153,glassja01,Jack Glasscock,7552.0,16.0,5.8062367058954605,6.204942210103804,5.407531201687117,0.4671495909214046,0.6421630801049886,-0.1667637779888259,-0.34586710030726436,0.5973753573014455,1.5271947257609941,61.57,False,False,17.521021850650584
154,cedence01,Cesar Cedeno,8133.0,16.0,5.750708293636459,5.787641624790503,5.713774962482415,0.3871614325584397,0.47670754336934135,0.39205425893351686,-0.24117961338372046,2.197757164024087,-0.3456243159822719,53.03,False,False,16.853798668162973
155,averiea01,Earl Averill,7215.0,11.0,5.733001417163002,5.95431325041631,5.5116895839096935,0.5011331577909994,0.6135585584164422,1.341028687563949,0.6375130803367787,-0.3261781932123471,-0.5818825235778055,51.45,False,False,14.083336994809082
156,willine01,Ed Williamson,5082.0,13.0,5.728370302810543,5.986880379276293,5.469860226344793,0.6462065326258132,-0.16511015426893907,0.9586493722651004,1.6229450637578366,-0.6656713613235781,1.1580436789759332,35.7,False,False,13.394084060501093
157,jonesan01,Andruw Jones,8664.0,16.0,5.71963270300299,5.943680031811972,5.495585374194007,0.36915061773790403,-0.6674898794780023,0.9509459351011879,0.321171524349862,-0.15059888496962645,1.3352826855646243,62.71,False,False,18.009516802692833
158,wallabo01,Bobby Wallace,9612.0,16.0,5.717645132269573,6.074432025005478,5.360858239533668,0.3730528280549318,0.05053227372727712,0.2637682332373256,0.2406615197778055,-0.7765570829413149,1.6617611614095096,76.43,False,False,18.638614245347156
159,gwynnto01,Tony Gwynn,10232.0,18.0,5.713378761091901,6.32488528396515,5.101872238218651,0.3714743461407868,2.187881535000937,-0.5836788267034924,-0.3989513361511027,0.195267789576555,-0.4470905584549582,69.15,False,False,21.865403415115637
160,willibi01,Billy Williams,10519.0,16.0,5.700163771303399,5.981351662535415,5.4189758800713825,0.3177580975638614,0.7758230918366936,1.0392669179146712,0.26388210935995343,-0.38867493541766096,-1.0714481137788858,63.65,False,False,21.83057056343539
161,willike01,Ken Williams,5616.0,11.0,5.697040663434564,5.751713273170243,5.642368053698883,0.5963744424040794,0.4590912799985088,1.4988358869591907,0.6068029864298554,0.3172124262045414,-0.41702624473335,42.58,False,False,10.878861412716502
162,palmera01,Rafael Palmeiro,12046.0,19.0,5.69152864623118,6.159433360148569,5.2236239323137905,0.2728802804921256,0.42964263685563997,0.8835958276295528,0.35569310248154457,-0.3579795670738342,-0.6043130619710163,71.87,False,False,25.35435841674037
163,kinerra01,Ralph Kiner,6256.0,10.0,5.678291569666862,5.673616441380124,5.682966697953599,0.5275229871504087,0.024830059385668686,2.1892971313739116,1.5607394802300254,-0.6239664250394898,-1.1519623779825936,48.11,False,False,13.251737917545286
164,dawsoan01,Andre Dawson,10769.0,19.0,5.674342920108643,6.173044684659094,5.175641155558192,0.31096873286682364,0.3274472325369116,1.0580996093643114,-1.025440473590857,0.11719209735771324,-0.06935241040114432,64.82000000000001,False,False,23.07559289899824
165,poseybu01,Buster Posey,5607.0,10.0,5.6144812609596775,6.016262325849303,5.212700196070052,0.6567534825714626,1.5646745609171677,0.023323252567181863,0.3760291279746564,-0.35143567417825033,0.8894739657325856,45.03,False,False,12.016816879661018
166,donaljo02,Josh Donaldson,5856.0,10.0,5.600537758957939,5.564607245267782,5.636468272648096,0.5882708665265464,0.19105649256969257,1.0655809026630105,1.2745950207989127,-0.2916535266193157,0.564927492693879,46.81,False,False,11.960194902180653
167,torrejo01,Joe Torre,8801.0,16.0,5.597571988310859,5.862490372277544,5.332653604344175,0.38466951129463955,1.2152924026294152,0.31947536998104215,-0.08029974061680437,-0.46937540019749346,-0.10396653203533941,57.65,False,False,18.229330086874295
168,stantmi03,Giancarlo Stanton,7173.0,14.0,5.578729906064069,5.842872760270794,5.3145870518573455,0.46119609030897213,-0.04311899540326746,1.845167308373391,0.7986468819127527,-0.6274020912562535,-0.48271441323857445,47.01,False,False,15.519882109532514
169,brownpe01,Pete Browning,5315.0,12.0,5.57107785987556,5.7695480562951715,5.372607663455949,0.6309822273069325,1.795083899186156,0.6383182780877494,0.39128189013217474,-0.019668441104029665,-0.8489968548749527,40.42,False,False,11.756035349690068
170,aparilu01,Luis Aparicio,11230.0,18.0,5.570377408037505,6.53942089952621,4.6013339165488,0.33260044963042207,0.06884651019951263,-0.7168700430162585,-0.6532662008534786,2.488041437551988,1.717649929027974,55.86,False,False,24.03716128456431
171,thompsa01,Sam Thompson,6526.0,12.0,5.568158008639502,6.0078226946014714,5.1284933226775316,0.5620916289974869,1.173924882091789,1.6188697717439486,-0.5801137792974811,-0.7642203394563265,-0.7426470377637444,44.38,False,False,13.782320152678633
172,doylela01,Larry Doyle,7382.0,14.0,5.528198858650413,6.024862032693183,5.031535684607643,0.4644760534211781,0.647113065477287,0.9707335719068352,0.04885449664659544,0.20126897583350878,-0.2294514252103453,44.65,False,False,15.488039894094195
173,gosligo01,Goose Goslin,9822.0,16.0,5.498101179576057,5.747869710220312,5.248332648931804,0.31713003286852154,0.4191644475360087,0.7817383731908526,0.3346350187995966,0.06716693640858323,-0.4166050443517742,65.78,False,False,19.52564440805147
174,mauerjo01,Joe Mauer,7960.0,14.0,5.417310205971237,5.351797452824262,5.482822959118211,0.3476077960113162,1.4311373379372831,-0.590407165985645,0.9691188608447602,-0.25057620842958167,0.1176723959215343,55.59,False,False,16.497163787642197
175,brocklo01,Lou Brock,11235.0,18.0,5.415386120408702,6.01364634067411,4.817125900143295,0.2829171270334823,0.7986135219375983,-0.41537343896945855,-0.6721976612408691,3.742016331657068,-0.6951838244928977,45.34,False,False,23.19063397898723
176,belleal01,Albert Belle,6673.0,11.0,5.386771546888669,5.2801311680269505,5.493411925750388,0.4426785439904959,0.6443946252613623,1.7032741542825782,0.2111572434572941,-0.5320844483356882,-1.147646846924234,40.06,False,False,14.243727270109304
177,dobyla01,Larry Doby,6920.0,12.0,5.367082196498595,5.789567681551627,4.9445967114455645,0.5419252120017122,0.3655699957943103,1.051533244598834,1.0079936595389363,-0.13945717093814755,0.14970295511845053,56.78,True,True,14.063704498799472
178,lynnfr01,Fred Lynn,7923.0,16.0,5.363370159467623,5.297904215682801,5.428836103252445,0.34263961586197256,0.38421191605726496,1.050868172966027,0.5699466008310528,-0.6981899561543066,-0.37530037656344784,50.17,False,False,16.90008189796168
179,smithoz01,Ozzie Smith,10778.0,18.0,5.329223434670803,5.80179364219882,4.856653227142785,0.29805592919962776,-0.055583627530969265,-0.9599830300078752,0.523486661822925,1.3215485498952153,2.0911120264473357,76.92,False,False,23.193359465000388
180,kleinch01,Chuck Klein,7168.0,13.0,5.324266798823466,5.186451297414521,5.462082300232411,0.3749460081504242,0.6820784996666608,1.4187593334341162,-0.0806013009952612,-0.2053248415753333,-1.1335636376137472,46.31,False,False,14.617508087073428
181,lazzeto01,Tony Lazzeri,7303.0,12.0,5.321246385708129,5.739118389124922,4.903374382291335,0.4878819826402598,0.01473564839034315,0.8577629164613776,0.9060342425929614,0.431035277676993,0.46212730578874084,47.49,False,False,14.20894874919661
182,campabe01,Bert Campaneris,9625.0,17.0,5.313973665282546,5.978670831295246,4.649276499269847,0.3440617514748365,0.030583385058698995,-0.48909159499507227,-0.5835273000300225,2.8172767903650193,1.2911963271112439,53.06,False,False,20.125741301428604
183,correca01,Carlos Correa,5343.0,11.0,5.313684148865514,5.353203300247193,5.274164997483834,0.5789513305479391,0.6000331301203305,0.49517348105698206,0.7808382633881701,-0.7399445634927079,1.231499886025996,47.01,False,False,12.152385028115509
184,reyesjo01,Jose Reyes,8240.0,15.0,5.294137468052368,5.362820930704538,5.2254540054001986,0.3650263328724143,0.5252835147816843,-0.0687055508409318,-0.27215897931156874,2.386281375331371,0.08320352044104112,36.989999999999995,False,False,17.490720932528678
185,jackstr01,Travis Jackson,6679.0,13.0,5.284336406396147,5.36708264172237,5.201590171069922,0.43958120614294305,0.010930184207705708,0.39413554284425983,-0.6657400447114803,-0.39439847279853146,2.1203766988917736,44.04,False,False,13.772164602759716
186,biggicr01,Craig Biggio,12503.0,19.0,5.27871365962994,5.2524371190635994,5.304990200196279,0.19061915889049072,0.3176281816103963,0.07471228686999591,0.11989793539678037,0.5909854956330697,0.009143376216940132,65.49,False,False,26.683436085826976
187,cochrmi01,Mickey Cochrane,6206.0,11.0,5.2451873953011825,5.471615103628351,5.018759686974014,0.55609510890525,0.7799671650827938,0.5687950802384142,1.4110649273467182,-0.10052566663424808,0.10206254618820364,49.75,False,False,12.098445493751907
188,gilesbr02,Brian Giles,7835.0,13.0,5.239719381214139,5.310771703843677,5.168667058584602,0.367408525949185,0.4642662316442528,0.5794823155152643,1.686337593133208,-0.3255701280941008,-0.4089639235129042,51.089999999999996,False,False,16.175361786377756
189,yelicch01,Christian Yelich,7025.0,13.0,5.2123883514305716,5.3037185940606,5.121058108800543,0.439911961500663,0.9162609782996617,0.15383522143503964,1.0251540811143716,0.7758237869711596,-0.3060734261415035,44.97,False,False,16.071568305531443
190,mccutan01,Andrew McCutchen,9705.0,17.0,5.176408261289373,4.952737123228009,5.400079399350735,0.23374006518394916,0.36484860293562427,0.3222357788183549,1.1386903933386177,0.22197055253484782,-0.5422567196479556,48.58,False,False,22.010482788847533
191,longoev01,Evan Longoria,8206.0,16.0,5.159497592053751,5.299087668407996,5.019907515699506,0.36368401902419306,0.06848656878044541,0.7233078901582063,0.1250508910437402,-0.31588167797360533,0.72614380017792,58.93,False,False,18.107131329355337
192,cashno01,Norm Cash,7910.0,14.0,5.157134512305744,5.570817652489187,4.743451372122301,0.43287783871366187,0.32874579046871216,1.1528150914709423,1.2274974271909624,-0.2989812379288579,-0.522210223972225,52.05,False,False,16.119526297994327
193,duffyhu01,Hugh Duffy,7841.0,14.0,5.154540071013478,5.280633391657909,5.028446750369047,0.38601776039737035,0.8322438163220238,0.5107876823366865,-0.16851258177396639,0.5854738124924984,-0.29293906136047887,43.14,False,False,16.161393814521357
194,mcgrifr01,Fred McGriff,10174.0,17.0,5.12686119598234,5.1221981138227255,5.131524278141953,0.24765722135262747,0.33788412916312927,0.9873691789986978,0.8213030961470132,-0.3772632460722702,-0.9716137805169746,52.6,False,False,21.71884179665821
195,minosmi01,Minnie Miñoso,8230.0,12.0,5.117938761231063,5.465051390647845,4.770826131814282,0.38925157928050697,0.8720392157969563,0.12126423296325192,0.2324478411363941,1.7152930101927937,-0.5175677024023715,53.26,True,False,16.117096209463696
196,bresnro01,Roger Bresnahan,5374.0,13.0,5.114653860072595,5.433104896836414,4.796202823308777,0.6324017142498458,0.4932477751498044,0.49795814141571487,2.031963513139552,0.38987712132258995,0.46427937916987955,43.309999999999995,False,False,10.449194747426253
197,davisha01,Harry Davis,7379.0,14.0,5.088399742283201,5.35456195088494,4.822237533681463,0.39560658466368415,0.12556681235541295,1.403039305203741,0.02247985600019709,0.07376390449873753,-0.36299813326977737,38.47,False,False,15.247503089021947
198,lyonsde01,Denny Lyons,5029.0,9.0,5.078585958546333,5.138852974738973,5.018318942353694,0.675128483653029,1.1168630477189299,0.9068120132973729,1.0484218906177878,-0.4923429408160354,0.062090351839815275,35.52,False,False,9.403562793294217
199,tiernmi01,Mike Tiernan,6732.0,12.0,5.04998230385028,5.212708857537068,4.887255750163492,0.4526251922195692,0.5744060598543688,1.2511278651820286,0.5890988725169959,0.0900395692716778,-0.8147441473510868,41.46,False,False,13.902681139755934
200,murphda05,Dale Murphy,9040.0,14.0,5.0170754841732546,4.693730793141827,5.340420175204683,0.24963841740916487,-0.09229325438101849,1.1458332912035758,0.6782475296856159,-0.32690374880379064,-0.5077898586289239,46.51,False,False,19.054496830172557
201,strawda01,Darryl Strawberry,6326.0,11.0,4.974387949868223,5.30146805981143,4.647307839925017,0.5540671270053261,-0.2158187174060656,1.910215668845263,1.1503608382216295,0.43238804347255155,-0.5626342329792567,42.15,False,False,12.389205271595287
202,kinslia01,Ian Kinsler,8299.0,14.0,4.97370257502884,5.38015027572211,4.56725487433557,0.3694474142050455,0.1094951707291892,0.3737702744486868,0.06019927985440747,0.6278341049379363,0.7783222108622415,53.82,False,False,17.601848166253664
203,fostege01,George Foster,7812.0,14.0,4.972539264208173,4.59478824853143,5.3502902798849155,0.27360309852466347,0.13384781812387447,1.2490665711521125,-0.08396744053805932,-0.7547709090997126,-0.28698691647177677,44.2,False,False,16.12294172513098
204,burksel01,Ellis Burks,8176.0,16.0,4.951538844113959,5.2488599841128085,4.65421770411511,0.38100654250776306,0.612276370061944,0.8768773545144525,0.11699654762085092,-0.09992804069101878,-0.3372321277906955,49.81,False,False,16.886376029651498
205,perezto01,Tony Perez,10861.0,21.0,4.9227114079299605,5.203631606944792,4.641791208915129,0.24494615531134672,0.47902595512207097,0.8169238971271606,-0.25933257325037135,-0.4608527761933494,-0.35910132709525355,53.94,False,False,22.44540077714111
206,olivato01,Tony Oliva,6879.0,11.0,4.886170383446392,4.918850138371509,4.853490628521275,0.4012886101880406,1.280460312205072,0.5995717790554437,-0.6796007650053509,-0.10629794203727737,-0.4206557324292564,43.07,False,False,14.358443128910523
207,bellbu01,Buddy Bell,10009.0,17.0,4.869279151483152,5.033854379005971,4.704703923960332,0.2642399857614797,0.43465947648893677,-0.20155658968783843,-0.20278627993817358,-0.4971866898047326,1.3215320834772044,66.34,False,False,21.561205918966095
208,evansdw01,Dwight Evans,10569.0,19.0,4.848674258669735,5.39080887668613,4.30653964065334,0.27712214870977153,0.07427914130867366,1.0507262949001495,1.2717434610901022,-0.7054273326500715,-0.5850554749843923,67.16,False,False,22.681033625679778
209,jennihu01,Hughie Jennings,5648.0,11.0,4.843650111287792,4.653211558678055,5.034088663897528,0.4380325088654552,0.6945665660355725,-0.02306224537709585,-0.45684959323339797,0.6960460353390577,1.0633078422867306,42.4,False,False,11.350252644634649
210,marteke01,Ketel Marte,5092.0,10.0,4.819512194232024,4.769609530542261,4.869414857921786,0.5457046334586528,0.8183407450076485,0.6097608452578399,0.41562373402838826,-0.283910680318737,0.5205142550402061,37.37,False,False,10.765629484772639
211,gorege01,George Gore,6104.0,14.0,4.808181000454289,4.886371769541563,4.729990231367015,0.42049292912864616,0.7897556674514647,0.36821095418159544,1.652113460101895,-0.43302097860725536,-0.5287522259332167,39.94,False,False,14.918118417209826
212,rosepe01,Pete Rose,15861.0,24.0,4.802977952939409,4.921693425872691,4.6842624800061285,0.08365537806535218,1.1474109741942835,-0.5175502729644031,0.27978778188921566,-0.1758132169126585,-0.5785014440063381,79.61,False,False,33.25928176209474
213,hernake01,Keith Hernandez,8553.0,15.0,4.7774611457882274,5.091024599411388,4.463897692165067,0.3323286786191226,0.8768391238589006,-0.08288346453093313,0.9888459437606774,-0.19550764895520648,0.074040756700926,60.35,False,False,17.932323792673795
214,teixema01,Mark Teixeira,8029.0,13.0,4.771897105231284,5.017895028677786,4.525899181784782,0.33435042434119694,0.004225562249154215,1.1223123656014233,0.6133733295366466,-0.43323943725331066,-0.10812171621154909,50.519999999999996,False,False,16.564725723953007
215,wanerpa01,Paul Waner,10762.0,18.0,4.757735710588344,4.922476812816762,4.592994608359925,0.21596755724475902,1.044543258023983,0.06968572704663388,0.36047261509663403,-0.4135428422913883,-0.5649705777847529,74.55,False,False,22.174032466647517
216,cepedor01,Orlando Cepeda,8695.0,14.0,4.738795124738848,5.149257896841248,4.328332352636449,0.3546157186315565,1.0731773310616644,0.8826778218717706,-0.7446982042386001,0.5296339498592085,-1.0531720090526737,50.18,False,False,17.974786007179027
217,chapmbe01,Ben Chapman,7420.0,12.0,4.7334098522356784,4.819068964024348,4.647750740447009,0.3760270871650261,0.2621625715706302,0.024582613387263686,0.6922668377835607,2.1482726827172987,0.029747898137860135,42.459999999999994,False,False,14.47746151779157
218,rizzuph01,Phil Rizzuto,6711.0,11.0,4.718832918714778,4.643205476438282,4.794460360991273,0.3892774083926546,0.08123833633877871,-0.6858837357072899,-0.14253596426983572,1.155979212608945,2.346633516846485,42.04,False,False,13.40942021409419
219,willima04,Matt Williams,7595.0,15.0,4.706900917671133,4.917409603763906,4.496392231578359,0.3799582997170357,-0.01768924802387266,1.106704181500176,-0.8676385030160277,-0.4165461529977496,0.9083614263776131,46.6,False,False,15.799029439721956
220,wynnji01,Jim Wynn,8010.0,15.0,4.691039117115986,4.588795247614514,4.7932829866174576,0.2603107013670866,-0.5084479545134051,0.8697949020429733,1.8283220046113233,0.6345242157560613,-0.471890024642611,55.93,False,False,16.62355328021969
221,willsma01,Maury Wills,8304.0,13.0,4.689629640284384,5.067946864901214,4.311312415667553,0.3660334308216758,0.8142709649856974,-1.2578437706088392,-0.6320133966730421,3.8706105857218467,0.8762277680186886,39.69,False,False,17.172935442084714
222,bregmal01,Alex Bregman,5327.0,9.0,4.649585384866523,4.742832919206937,4.556337850526108,0.5528851275547237,0.6145511318304353,0.6036496983240303,0.9713685357724303,-0.2837546419163219,0.6135170985489161,47.28,False,False,11.297311330595932
223,daviser01,Eric Davis,6147.0,13.0,4.633990466383611,4.506958891718966,4.761022041048255,0.43351987235473094,0.01959328573131685,1.0899603446678465,0.979542150307844,1.2949225269017748,-0.6339634224299001,36.13,False,False,11.950888305897468
224,parrila02,Lance Parrish,7797.0,16.0,4.623662967646962,4.762398513437306,4.484927421856618,0.34843798438719575,-0.2975751214356337,1.0095795337668476,-0.3067626743476224,-0.44621602564664137,1.0506726534362891,39.48,False,False,16.46830990513627
225,venturo01,Robin Ventura,8271.0,14.0,4.621552932315172,4.861576263805675,4.381529600824669,0.33904491633690653,-0.09946236546481266,0.302302846024612,1.0842337226200478,-0.5967659368462453,1.1472299679579325,56.1,False,False,17.253584230839433
226,medwijo01,Joe Medwick,8142.0,13.0,4.61243133883563,4.815880319090068,4.408982358581191,0.34136585095149274,1.0967240922197994,0.8577935875399297,-1.1180199186176545,-0.6359550771747804,-0.34795976698591247,54.22,False,False,16.248260308522752
227,gonzaca01,Carlos Gonzalez,5551.0,11.0,4.609122646905144,4.511068860471834,4.707176433338453,0.462241962478605,0.7571787187185282,1.027083771494969,-0.19572437319481567,0.09971225380870656,-0.31717786323416625,24.5,False,False,11.890676688138795
228,cliftha01,Harlond Clift,6894.0,11.0,4.608490772887286,4.490320891719079,4.726660654055495,0.3579860378990333,-0.2658752920552777,0.8061998273290946,1.8123651732580772,-0.19144983954752776,0.16898571972916726,41.5,False,False,13.551694676912925
229,cuyleki01,Kiki Cuyler,8098.0,15.0,4.60129581072175,4.631392446898701,4.571199174544797,0.2811561678242435,0.5184632729356644,0.22896589934090514,-0.0710429798554763,1.577813781269066,-0.4687483200004316,47.989999999999995,False,False,16.9583073254775
230,parkeda01,Dave Parker,10184.0,18.0,4.596940128038718,4.0815981658532845,5.112282090224152,0.14694373982599943,0.6894255012709485,0.707962653570427,-0.6792679616596232,-0.3404829925715532,-0.8514880560164778,40.12,False,False,21.386958877530372
231,becklja01,Jake Beckley,10517.0,19.0,4.595026200613038,5.58891172662572,3.601140674600355,0.30587259719758936,0.658578946181334,0.7975465762389307,-0.5763749010286404,-0.5768403485443873,-0.07821767285593637,61.36,False,False,21.631350169058333
232,knoblch01,Chuck Knoblauch,7385.0,12.0,4.58848548988421,4.344594004558445,4.832376975209975,0.28867710890145337,0.5015125122022586,-0.4611688787582156,0.477228481654886,1.5809636392202104,0.35377403390365414,44.589999999999996,False,False,15.774014124329849
233,nettlgr01,Graig Nettles,10226.0,19.0,4.584216934904234,4.68961534824722,4.478818521561246,0.24106935745900607,-0.5557787224528791,0.6580402462842728,0.405207505730764,-0.5863303323673318,1.1425159148662236,67.97,False,False,21.87343110270835
234,evansda01,Darrell Evans,10737.0,19.0,4.581698970105856,4.577678535814266,4.585719404397447,0.19421127483925854,-0.6563249670318759,0.7929692555978411,1.678361398293357,-0.31219272517494506,0.08300560478813855,58.72,False,False,22.287686609117237
235,yorkru01,Rudy York,6720.0,11.0,4.550230845294548,4.429948872648525,4.670512817940571,0.36205311385161976,-0.03250696047421649,1.481998678003544,0.5312400875915779,-0.45590265415839887,-0.4016407237524817,31.56,False,False,13.565407024814613
236,leachto01,Tommy Leach,9051.0,16.0,4.54385397275357,4.561645628696704,4.526062316810435,0.27067460046180514,0.02814631202803546,0.42822404352566323,0.38455856150763473,0.09347234231681052,0.4298020170662552,48.13,False,False,18.148008325141845
237,petrori01,Rico Petrocelli,6170.0,12.0,4.519529130891424,4.489387731157323,4.5496705306255265,0.3903177582137449,-0.19441011021163856,0.8125159092558727,0.47417533878780604,-0.7585628468943065,1.1666238465556233,39.120000000000005,False,False,13.30227521372665
238,mcphebi01,Bid McPhee,9429.0,18.0,4.507954507470794,5.198749365008929,3.81715964993266,0.32297530488562864,-0.05242431681048523,0.16089765016144933,0.6521749680674181,0.5471018582623272,0.90066941768308,52.75,False,False,20.28317051915529
239,burkeje01,Jesse Burkett,9620.0,15.0,4.494707488361668,4.728239350905845,4.26117562581749,0.2700899222062313,1.1623991718252433,0.2040669074222179,0.6846043484536278,-0.3023030019322091,-0.8904001811007445,60.82,False,False,19.540827437130854
240,ashburi01,Richie Ashburn,9736.0,15.0,4.494525053490052,4.328763448405129,4.660286658574974,0.20055075900590205,1.0123224662242976,-1.379721707224242,0.657934129076574,1.3897454387589863,0.5300128726116466,64.31,False,False,20.55694381283047
241,koneted01,Ed Konetchy,8664.0,15.0,4.48536792276804,4.499494706198303,4.471241139337777,0.26823088857309624,0.22712606724917767,0.8423668389143903,0.09919670207588671,-0.19386629645816478,-0.21575011918873194,48.58,False,False,18.185172423259896
242,ceyro01,Ron Cey,8344.0,14.0,4.472155921598163,4.798753159366931,4.145558683829395,0.3376348432868018,-0.1908556656388198,0.8838404259324172,0.8646453032491442,-0.6001532322281031,0.516451040483092,53.71,False,False,17.16347402584896
243,hodgegi01,Gil Hodges,8104.0,14.0,4.459863579386805,4.571371870179613,4.3483552885939964,0.29848323444911035,0.009796381309863954,1.1199149754380655,0.4374087192441178,-0.01265349636507253,-0.4145284743158647,43.84,False,False,16.531235136547096
244,zimmehe01,Heinie Zimmerman,5740.0,10.0,4.44570077487625,4.478396682480991,4.413004867271509,0.4923335976286142,0.7655936605006264,1.1120932174141025,-1.2401410118209835,-0.2373086131442828,0.3838624837536105,33.17,False,False,11.544488903756742
245,posadjo01,Jorge Posada,7150.0,14.0,4.443325423738919,4.815444295620714,4.071206551857124,0.3860830170338006,0.160205861258064,0.7321393215703694,1.292267817032772,-0.4860689054946856,0.18879785515730982,42.68,False,False,14.228802673993574
246,ramirar01,Aramis Ramirez,8986.0,17.0,4.418252461738687,4.375010598020091,4.461494325457283,0.21292826167789092,0.5018248978900093,0.7746852563105957,-0.4862635465618985,-0.5628671550776873,-0.3255585720916597,32.339999999999996,False,False,19.152849710176156
247,puckeki01,Kirby Puckett,7831.0,12.0,4.417504168452337,4.4551903230553025,4.379818013849371,0.32439485008548596,1.592894922140065,0.16244088440422944,-0.9800694106239013,-0.4431142817494906,-0.2994376132023163,51.13,False,False,16.955358844630858
248,semiema01,Marcus Semien,7072.0,12.0,4.409605104493329,4.366483937273216,4.452726271713442,0.35473351451995017,-0.09199042113623639,0.39528350040290006,0.30491232440453636,0.14225352981847603,1.0951450265882492,49.72,False,False,15.854020291423426
249,longhe01,Herman Long,8505.0,15.0,4.391435277231214,4.781261707497211,4.001608846965218,0.2921316612339436,-0.13823009932814292,0.24944575335011596,-0.3113828956515001,0.515052090292133,1.192000227816442,36.93,False,False,17.53395865776512
250,willibe02,Bernie Williams,9053.0,16.0,4.386976717700175,4.228999358456929,4.54495407694342,0.1771256520621604,0.6672587939656325,0.1452405918537214,0.6758808931890488,-0.3342838973244308,-0.5039193163505378,49.589999999999996,False,False,19.06068660765596
251,gonzalu01,Luis Gonzalez,10531.0,18.0,4.34899521980008,4.284269281456483,4.413721158143677,0.20689155594171701,0.24123737056550665,0.4302804276637883,0.46699063581341677,-0.5354892787505784,0.06143040383322346,51.67,False,False,22.62817951708191
252,seymocy01,Cy Seymour,6208.0,11.0,4.336442809744616,4.199254201496622,4.4736314179926095,0.38360428013118836,0.9708454294904328,0.6817783579964547,-0.5438547292610851,-0.010870287074246508,-0.28355177240672313,41.45,False,False,11.854664154821174
253,lankfra01,Ray Lankford,6674.0,13.0,4.320873073286185,4.147868190459115,4.493877956113255,0.3331770658281167,-0.1305117173842751,0.6460050912206134,0.8595486830623011,0.6312080798094374,0.14726688695020604,38.19,False,False,14.282379285388792
254,rendoan01,Anthony Rendon,5022.0,10.0,4.31293065733156,4.2136451509239095,4.41221616373921,0.486656335027415,0.7418197141921845,0.33067956972126283,0.6919772682924635,-0.14005802607867832,0.5485731281600115,34.16,False,False,10.771312547005229
255,fernato01,Tony Fernandez,8793.0,15.0,4.303457904257283,4.69508421708397,3.9118315914305968,0.31710950526122206,0.7208074854656139,-0.32084089856230535,-0.2218301840045607,0.3016914639767411,0.9456670059650573,45.3,False,False,18.618697977390404
256,wilsoju99,Jud Wilson,4377.0,11.0,4.301598159934841,4.666707398338571,3.936488921531111,1.0582102944078393,1.8391245756611394,0.9807586947503675,0.43892046287916525,1.204267819185826,-0.016588572648295618,35.06,True,True,10.33932502301422
257,bogaexa01,Xander Bogaerts,7069.0,12.0,4.290857269952289,4.357590783193997,4.224123756710581,0.3520116906201856,0.9741909733322068,0.023168799960790267,0.1528824769247201,-0.05153835968078588,0.21334673453946518,43.370000000000005,False,False,15.720725034633215
258,olsonma02,Matt Olson,5197.0,9.0,4.288409682695841,4.340651657360496,4.236167708031187,0.4994717704384258,0.14682277226081392,1.3304791468077986,0.847199207484893,-0.5533972401641502,0.13450498992883825,43.95,False,False,11.870992368139728
259,terrybi01,Bill Terry,7111.0,12.0,4.287466103740665,4.455712764385624,4.119219443095706,0.37932391968832024,1.2220795565091989,0.343515932534281,-0.41681604832007196,-0.4492046338914862,-0.018763294017839514,56.46,False,False,14.467640173008485
260,bancrda01,Dave Bancroft,8244.0,15.0,4.253663704614997,4.071930070885856,4.4353973383441385,0.2415198756387449,-0.03394537935935361,-0.3911002518670395,0.6566776077120957,-0.3177904988432351,1.6757242705988837,50.43,False,False,17.513486153601825
261,camildo01,Dolph Camilli,6352.0,11.0,4.251959318414472,4.049309455031641,4.454609181797303,0.32832181887897727,-0.3049531185094807,1.3093432975846193,1.500399771984027,-0.16307534544800067,-0.5336383874858345,42.98,False,False,13.234811859427706
262,fregoji01,Jim Fregosi,7402.0,13.0,4.229839665326949,4.18142649891516,4.2782528317387385,0.31511375583511764,0.2964621995782496,0.2766121223713872,0.22667340853529946,-0.2842630021842208,0.7447520930755938,48.71,False,False,14.682341830916386
263,ryanji01,Jimmy Ryan,9124.0,17.0,4.22647584957677,4.138920693591502,4.314031005562037,0.22168375952043962,0.4770155007508586,0.9183937193490408,0.049103449715820306,-0.4541691667634596,-0.7821621740238308,44.48,False,False,19.30352034549736
264,winfida01,Dave Winfield,12358.0,20.0,4.220069395889265,4.379089075601357,4.061049716177174,0.17111920664952113,0.44725901864901285,0.9192362952162382,0.27074653173808866,-0.2754721888843029,-1.1917841089771635,64.2,False,False,25.68285499106285
265,francju01,Julio Franco,9731.0,17.0,4.2189690785720195,4.184783924818374,4.253154232325665,0.24267850882765346,1.0566227033802216,-0.33682752083387096,0.11588180866957264,0.4015316690608584,-0.12500696854647386,43.56,False,False,19.651555843166395
266,grohhe01,Heinie Groh,7035.0,12.0,4.213994376971582,4.410885519058355,4.017103234884811,0.3833519766853535,0.520664867228819,0.11530588350036157,0.6574284860549172,-0.13956616893877924,0.7038725987749275,47.68,False,False,14.646449580656492
267,cruzne02,Nelson Cruz,8387.0,15.0,4.21160576167225,4.340459484376815,4.082752038967685,0.2688490056610926,0.44355411500341807,1.260247268473202,0.04116450010427467,-0.3238593156000684,-1.0701096391615699,42.0,False,False,17.57077273447388
268,soriaal01,Alfonso Soriano,8395.0,14.0,4.20959119738615,4.036892623193405,4.382289771578895,0.23283733741386894,0.031171418865791643,1.2116995445218097,-0.7891819297099675,0.9147444623469898,-0.7629010243305686,28.55,False,False,17.629664544570574
269,clarkwi02,Will Clark,8283.0,15.0,4.202776187349643,4.304147825904606,4.10140454879468,0.29100363227934445,0.9434041102206182,0.5053454064970261,0.3865752995214016,-0.3457481007419606,-0.7385197130694646,56.480000000000004,False,False,18.05038392500755
270,bautijo02,Jose Bautista,7244.0,13.0,4.198059419701186,3.6167933315995477,4.779325507802823,0.15487692701996184,-0.5601469184807549,1.2510282631412224,1.8845855604095751,-0.5117605451935354,-0.9483498894989116,36.78,False,False,15.151790684989406
271,mckeaed01,Ed McKean,7626.0,13.0,4.1972015279601305,4.143494734404979,4.250908321515283,0.2828546498827752,0.5382609703497719,0.40167662159187595,-0.014788078939814493,-0.48472422310515473,0.25412301252388875,38.45,False,False,15.795883561408449
272,fletcar01,Art Fletcher,6039.0,11.0,4.176895812718506,4.571748356128603,3.782043269308409,0.47245074296885325,0.35611824750543564,0.10759636654578068,-1.4463848445768137,-0.3540155700414007,2.5668820010765487,46.2,False,False,12.369081465631773
273,wilsoha01,Hack Wilson,5556.0,11.0,4.173650357447397,4.012674832872742,4.334625882022053,0.381869627747794,0.059640106834483814,1.5885575579700824,1.116102139613572,-0.5671026221736534,-0.8374481171878385,38.690000000000005,False,False,11.66939216206111
274,giambja01,Jason Giambi,8908.0,17.0,4.163203496303977,3.6691904616569246,4.657216530951029,0.15307253174261753,0.10768700735188258,0.9850996596378508,1.5811078557950151,-0.6082380037697656,-1.3602522677841373,50.5,False,False,17.667361631152833
275,pinsova01,Vada Pinson,10403.0,17.0,4.144150357599123,3.7363381495373424,4.551962565660905,0.13128386229776495,0.6172291620380974,0.17253484153795698,-1.068554914076186,1.0126564617827691,-0.5002774677285484,54.09,False,False,21.88881427162711
276,suzukic01,Ichiro Suzuki,10734.0,17.0,4.1091846991974625,3.8749830168275152,4.34338638156741,0.1411947209398036,1.3920696343207573,-1.3011669872623728,-0.8818594552729496,1.5512046288708825,0.2349470473124748,59.97,False,False,22.31030588840215
277,guerrpe01,Pedro Guerrero,6115.0,10.0,4.098042635588717,3.944999034711463,4.251086236465972,0.3720905424742608,1.1374458326802124,0.6933383854418923,0.3584374914918258,-0.20021755747268602,-0.9648335818214225,34.45,False,False,12.275444953551304
278,martijd02,J. D. Martinez,6854.0,14.0,4.0904684906462165,3.8426203362736886,4.338316645018745,0.24585802553194758,0.8038191126467684,1.0540775898676658,-0.013416579540169723,-0.6609755660933042,-1.2203588532951761,30.78,False,False,15.480983544147456
279,bradlbi01,Bill Bradley,6046.0,12.0,4.078067484686425,3.7647750704727523,4.391359898900098,0.2760323333871379,0.08994714324262625,0.45652473279172834,-0.6858887902998644,-0.2940588648229879,1.0504276804455839,36.58,False,False,12.306389317266271
280,tejadmi01,Miguel Tejada,9203.0,14.0,4.056197219743347,3.871666378480896,4.2407280610057985,0.20894122853364228,0.5027589963980605,0.3117882719995442,-0.6852701039401002,-0.495616844316309,0.41332871420000916,47.13,False,False,18.400712641005324
281,zobribe01,Ben Zobrist,6836.0,11.0,4.054217451464568,4.087975570532565,4.020459332396571,0.3609357978610721,0.16345813710653342,0.24760822588359516,1.4203022395709295,-0.059442207099731345,0.5076494285845681,44.71,False,False,13.659168888932108
282,realmjt01,J. T. Realmuto,5536.0,10.0,4.048728975135324,4.308716873379681,3.7887410768909664,0.48676899341513996,0.6857540337016027,0.17354103313815059,-0.6256044605668987,0.5387068810175814,1.1883511565907279,39.23,False,False,11.765673002413415
283,aloumo01,Moises Alou,7913.0,15.0,4.04085141002139,4.347208268522044,3.734494551520737,0.2942575286421696,0.8990118162446121,0.7031168400116339,0.02497692525278352,-0.4766350202552352,-0.706076293672295,39.88,False,False,16.864677197386236
284,lopesda01,Davey Lopes,7340.0,14.0,4.037219064720434,4.274743638138933,3.7996944913019357,0.33004860819035053,-0.13465036085515455,0.11173320780571509,0.7177522008837341,2.2458944422837916,0.20279544894214874,42.35,False,False,15.127801608415977
285,conceda01,Dave Concepcion,9640.0,19.0,4.032150746298038,3.8903450690154497,4.173956423580627,0.16055483430911496,0.1461309537629656,-0.4184773645644747,-0.1829298780928839,0.5615483956292826,1.0219845289796394,40.129999999999995,False,False,20.390735736205922
286,freehbi01,Bill Freehan,6899.0,14.0,4.027641631057814,4.093250259527862,3.9620330025877664,0.3317588306385087,0.1519968050012904,0.42512075091086454,0.07034619803928256,-0.38151863652580825,0.9487040385675738,44.74,False,False,14.792759662065386
287,schanwa01,Wally Schang,6423.0,16.0,3.9723160372102226,4.680623700794241,3.2640083736262038,0.4507595644024755,0.26050797053449737,0.46053612357678664,1.5799224903004394,-0.1058435404091578,0.43519220589981034,48.32,False,False,12.356710922072775
288,madlobi01,Bill Madlock,7372.0,14.0,3.9698118000254974,3.7836867515964836,4.155936848454511,0.24815144799484765,1.219558573966822,5.260969373077171e-05,-0.24912059557914445,0.22127692758463302,-0.5747377015193352,38.22,False,False,15.396537790541855
289,blackch02,Charlie Blackmon,6825.0,12.0,3.9637378854812715,3.8434103016390164,4.0840654693235265,0.307863472656972,1.1311413638572174,0.3206745181033285,-0.5040371804366361,0.24586401167823185,-0.5093198752767559,21.54,False,False,15.210975559848908
290,hermabi01,Billy Herman,8641.0,13.0,3.96106207451527,4.125872845714301,3.7962513033162395,0.2829582816990383,0.7052707615784001,-0.272119803707424,-0.1775323577438536,-0.40475490568460615,1.0562086034029567,57.41,False,False,17.938702039342836
291,prattde01,Del Pratt,7609.0,13.0,3.9601000261959927,4.195154872897504,3.725045179494481,0.3177737007420636,0.4392236191230182,0.4829399497018611,-0.4463742980183049,0.12621868126684832,0.36570095884872766,46.4,False,False,15.73960247510258
292,veachbo01,Bobby Veach,7557.0,12.0,3.9519540458517053,3.7626075924707023,4.141300499232708,0.2523995067602312,0.667976881080997,0.6370485095178884,-0.24271017068507916,-0.20184547545065235,-0.4732627290293061,49.1,False,False,15.002872818744533
293,sheckji01,Jimmy Sheckard,9118.0,16.0,3.9448722498677826,3.839991894960002,4.049752604775563,0.19771414865926668,-0.1579690486859424,0.36688704872533867,1.441172380849625,0.4957797915163863,-0.29328234294576677,49.58,False,False,18.71070116189443
294,heathje01,Jeff Heath,5560.0,10.0,3.942619309634508,4.074323584855465,3.8109150344135507,0.45261570651251354,0.3456471772109374,1.5690851444697431,0.25044103827130104,-0.09732623077324143,-0.6855773537074831,37.63,False,False,10.65153374028949
295,lemonch01,Chet Lemon,7872.0,15.0,3.922433812878406,3.9340563727297693,3.910811253027043,0.24766519499645054,0.0873950733442653,0.4782616842575355,0.20996277695177604,-0.781245547896504,0.6754822240519156,55.63,False,False,16.85843572103407
296,cansejo01,Jose Canseco,8129.0,16.0,3.886535498033479,3.784800111751622,3.9882708843153365,0.23109984366246497,-0.2156928815891247,1.5042289132134306,0.5038504333226215,0.10507223238413287,-1.0817661619775107,42.349999999999994,False,False,17.21861147061703
297,grandcu01,Curtis Granderson,8306.0,14.0,3.8759353239782173,3.7742996889218943,3.9775709590345403,0.2345254198628466,-0.5797251164353016,0.9193791972729238,0.8459599122441395,-0.08577914133572266,0.28305559260359137,47.47,False,False,17.311424554017034
298,springe01,George Springer,6352.0,12.0,3.873741956623399,3.932141202420336,3.815342710826462,0.33953708687605694,0.35869420338915875,0.7024442246465118,0.6207317469477485,0.02479573205770593,-0.216785947175948,42.4,False,False,14.348068518804258
299,delgaca01,Carlos Delgado,8657.0,13.0,3.8643392501182436,3.8499285953858595,3.878749904850628,0.24994506297201222,0.20083800405621685,1.3695432676150174,0.7908613780604109,-0.5847167726215924,-1.2089188953662,44.36,False,False,17.164671498625914
300,cruzjo01,Jose Cruz,8931.0,16.0,3.858021774294188,3.8698472408195483,3.846196307768827,0.2284146149412197,0.48549901602286155,-0.10302353591360383,0.3171950633941423,0.4825999780762482,0.1684623338070166,54.43,False,False,18.4180080107025
301,glaustr01,Troy Glaus,6355.0,11.0,3.856956697116733,3.814095684075183,3.899817710158283,0.3401363297978567,-0.5381520378430033,1.111270978004728,1.299692316091392,-0.21100097843629653,0.29665756991914866,38.06,False,False,12.719368912214566
302,crawfca02,Carl Crawford,7161.0,12.0,3.8550760192188607,3.767252323658654,3.9428997147790668,0.30210475738825704,0.714472205810921,-0.34009848439080076,-1.0842633643559332,2.7637382133249786,0.109225780326582,39.160000000000004,False,False,14.051338956474458
303,smithlo01,Lonnie Smith,5952.0,11.0,3.8477178469686955,3.703763854436036,3.9916718395013544,0.3528949075074073,0.8485215857195076,-0.15582359334864937,0.46653074879059203,1.4804553800695097,-0.2480655154493018,38.510000000000005,False,False,11.494411913884978
304,williji01,Jimmy Williams,6116.0,11.0,3.83425008965892,3.7438504529965133,3.9246497263213262,0.32165868642142376,0.11102533635290428,1.0421505508322373,0.210081589482061,-0.6219692934316807,0.08447345330421695,33.06,False,False,12.79550871237795
305,childcu01,Cupid Childs,6766.0,12.0,3.825636829919987,3.5522824940089834,4.0989911658309905,0.24112096486541598,0.5235088455829162,-0.34985207899417914,1.6384760049163969,-0.39872625161358977,0.32524479779257065,44.15,False,False,14.124795289730262
306,mcauldi01,Dick McAuliffe,7162.0,14.0,3.786767701361703,3.7342232023449813,3.8393122003784255,0.26654760019375445,-0.38068526881626347,0.7000524670761957,1.1881313257820503,-0.34177267074502193,0.43050787606035945,37.54,False,False,15.140134123389199
307,gonzaad01,Adrian Gonzalez,8043.0,12.0,3.7789088631243324,3.751883321964006,3.805934404284659,0.2621461907521468,0.7242405472372864,0.4778780301651992,0.15186230471887913,-0.5626802287771836,-0.28703795031384205,43.64,False,False,16.52002229646986
308,myerbu01,Buddy Myer,8187.0,15.0,3.7676981702998,3.8653023141629803,3.6700940264366193,0.2699847354896429,0.4249311839568387,-0.3027101665223568,0.8995680764415843,0.33549960173419524,0.5490583122086017,48.29,False,False,16.277353266160763
309,careyma01,Max Carey,10770.0,18.0,3.7512254277226003,3.6770799862299923,3.8253708692152077,0.14313622284787825,-0.14615681102890146,-0.21868172245316977,0.39332082303235477,2.2399123684477353,-0.05367768127754703,55.68,False,False,22.835789817259908
310,mattido01,Don Mattingly,7721.0,13.0,3.747618544071374,3.399198386363082,4.096038701779666,0.17625372918161064,1.2058124236013645,0.218724629365403,-0.616684496618535,-0.6081581947420083,-0.6431155878618267,42.37,False,False,16.64521379229535
311,devliar01,Art Devlin,5241.0,10.0,3.744781408892839,3.7009914869977365,3.788571330787941,0.4043753432023441,0.2692488002286328,-0.24909205459925787,1.2357039193153294,0.9543344378903986,0.8966224189647931,36.71,False,False,10.77036463798411
312,rizzoan01,Anthony Rizzo,7336.0,13.0,3.724222179705225,3.547617760666106,3.9008265987443447,0.23831024855628855,0.19978747152930945,0.5674686585601378,0.4443916026891555,-0.041852876276955,-0.16060231555882867,40.47,False,False,16.501606686297638
313,dykstle01,Lenny Dykstra,5282.0,11.0,3.714270627845742,3.7090841273922255,3.7194571282992586,0.417477932373342,0.5428256040663358,-0.28294322385515763,0.863781680339523,1.1629651987154122,0.684192652022475,42.38,False,False,11.331204216242632
314,lopezja01,Javy Lopez,5793.0,13.0,3.7127988220369055,3.6750907579426584,3.7505068861311526,0.32848181236969487,0.539410599638295,0.643074900419557,-0.7529284890742269,-0.5734838349121408,0.5318869737548799,29.66,False,False,12.227150267202108
315,gibsoki01,Kirk Gibson,6656.0,14.0,3.7059886683510337,3.6731426151741546,3.7388347215279127,0.303596569349337,-0.022886555109904023,0.8627665554989186,0.6130610381260821,0.7366953585211854,-0.41671535216047056,38.410000000000004,False,False,13.938739629762116
316,fournja01,Jack Fournier,6033.0,11.0,3.7032418650338883,3.6941023110620006,3.712381419005776,0.3667291905682279,0.5931078899813078,1.085334244779821,0.55843304794298,-0.0030950466651191097,-0.9616862499394836,41.14,False,False,11.94732653132424
317,zimmery01,Ryan Zimmerman,7401.0,14.0,3.7006304940993386,3.782690417051446,3.618570571147232,0.2820753672831375,0.3611958484273981,0.5314467914110717,-0.0247626027006127,-0.39655822047954015,0.28207328824805933,40.11,False,False,15.624261521313624
318,hackst01,Stan Hack,8506.0,14.0,3.6983621827575304,3.7396103115235704,3.6571140539914904,0.25641532239374043,0.6887181200464926,-0.4350157900206149,1.0221432404879967,0.6052332656887086,0.08783486384153294,54.949999999999996,False,False,17.446658883650176
319,harrato01,Toby Harrah,8766.0,16.0,3.6711713065555553,3.5210072212184844,3.821335391892626,0.19204090607296215,-0.0007105066758344415,0.13934402396557274,1.2953398403491454,0.3277597102631119,-0.05929552087592548,51.43,False,False,18.999222664012244
320,hinespa01,Paul Hines,7470.0,18.0,3.66857216556349,3.9107968969386895,3.426347434188291,0.25348496418849226,0.7470749477472306,0.4508997046978479,-0.1578513762614262,-0.38199249761959087,-0.4931491400054656,44.94,False,False,19.813501990654593
321,clarkja01,Jack Clark,8225.0,16.0,3.6452352823521643,3.8524377140365678,3.4380328506677613,0.25833404594354237,-0.08557985029944877,1.1782375019042644,1.8864944227785279,-0.49648194879290647,-1.0423224846823218,53.08,False,False,17.32420702558639
322,darkal01,Al Dark,7829.0,13.0,3.628657386400178,3.3972044610873082,3.8601103117130475,0.20451710358225778,0.5970219927148549,-0.23076455837525356,-1.219634361677386,-0.10355781506614505,1.1347954547736525,43.910000000000004,False,False,16.427392741884063
323,ordonma01,Magglio Ordonez,7742.0,14.0,3.622388122223504,3.3220533168004405,3.9227229276465674,0.18583932789818097,1.1344103698022994,0.3145425935663167,-0.22863618819880152,-0.436709986478575,-0.911559718223331,38.79,False,False,15.780940554068835
324,uptonju01,Justin Upton,7646.0,13.0,3.618583122064738,3.616079466198873,3.6210867779306035,0.25675603243474193,0.029237790526544887,0.8357484140726458,0.5896037412039844,0.03662685502267398,-0.3268144428384052,32.17,False,False,15.885933390363595
325,munsoth01,Thurman Munson,5903.0,10.0,3.6181784730267728,3.7191087221600587,3.5172482238934872,0.3843377942294239,0.985171359496677,-0.1738926643397738,-0.5600750280566349,-0.1889235868089407,1.079270235844553,46.04,False,False,12.419537521734798
326,bandosa01,Sal Bando,8288.0,13.0,3.6178904153583074,3.469798698939945,3.7659821317766697,0.20075190551603186,-0.23454776898787036,0.42989272406119416,0.8717805395924891,-0.3201214126736394,0.4349125315107487,61.51,False,False,17.301108441533138
327,bellja01,Jay Bell,8525.0,14.0,3.6110366863808157,3.3848607927603354,3.8372125800012955,0.1976359822101817,-0.03693732344602694,0.25177412832655166,0.3635400571169047,-0.5014023760974375,0.7348558632203875,37.16,False,False,17.79637866831164
328,elliobo01,Bob Elliott,8190.0,14.0,3.6083513882067866,3.517460947120829,3.6992418292927436,0.2077457643086225,0.3456677063401016,0.4655322947083713,0.4835634709210076,-0.30028993342832155,-0.26970794877594007,50.81,False,False,17.198538086027714
329,justida01,David Justice,6601.0,12.0,3.604031374769632,3.633040240378159,3.575022509161105,0.3095221381655529,0.1643606924137358,0.9442595316400508,1.1831731748203669,-0.7134118846993533,-0.35020029031342165,40.59,False,False,13.758793168325623
330,ellsbja01,Jacoby Ellsbury,5344.0,9.0,3.59146379243348,3.551975459593616,3.630952125273343,0.39834440564582363,0.6047692561126214,-0.47484728337662985,-0.3288783564685728,2.2804603570263784,0.8210480688462279,30.959999999999997,False,False,10.933557467827557
331,otisam01,Amos Otis,8246.0,14.0,3.5701252321891666,3.596844800812582,3.5434056635657516,0.2385277707401166,0.31084234007420336,0.27549257667778293,0.05908379222036472,1.0919082371481343,-0.2623595361116456,42.78,False,False,17.339932752370192
332,molinya01,Yadier Molina,8553.0,17.0,3.5624002028359136,3.6983313880894246,3.4264690175824026,0.2326441850758245,0.6188076544033767,-0.6301456360050611,-0.719787509325536,-0.09166139588505931,1.5859523503869473,41.589999999999996,False,False,18.129134338984706
333,gonzaju03,Juan Gonzalez,7155.0,13.0,3.53989953535956,3.5570132469391265,3.5227858237799934,0.28047841947158575,0.6942067323575118,1.652443923123038,-0.8641639259912617,-0.9584542312626254,-1.2062748072359522,38.68,False,False,14.575101631155988
334,daviswi02,Willie Davis,9822.0,16.0,3.5327600967645005,3.601807384770612,3.4637128087583893,0.18489870778818426,0.36762291854980766,-0.14867910597581743,-1.4119775682940292,1.535827840334565,0.5341526840596679,60.77,False,False,20.17926759495829
335,lombaer01,Ernie Lombardi,6349.0,15.0,3.5321433276368976,3.810815970640089,3.253470684633706,0.35785517606817396,0.8012865385155818,0.636229818029711,-0.6818211026580839,-0.7350661978425432,0.34144499577324344,37.57,False,False,12.724124639919982
336,mccanbr01,Brian McCann,6850.0,15.0,3.5213963607427328,3.4728350809884194,3.5699576404970457,0.2759293139357369,0.07338864516182476,0.5805292395088361,0.26783002928888,-0.3780221686343592,0.45386581234543294,31.59,False,False,14.805800568966564
337,roberbr01,Brian Roberts,6250.0,11.0,3.518720620662797,3.3877901246785695,3.6496511166470236,0.30723186562412946,0.2902540856244042,-0.22169049641974628,0.48011153340969565,1.5954781800945492,0.39551908756153825,29.52,False,False,12.064285086199803
338,randowi01,Willie Randolph,9462.0,17.0,3.515670812690759,3.619763098587705,3.411578526793813,0.20246411234668155,0.3435290258618584,-0.7948317897518562,1.3101270833113687,0.16665530963254727,0.9508835110964462,65.94,False,False,20.248291697239818
339,martest01,Starling Marte,6307.0,13.0,3.514892065714703,3.4681467562597175,3.561637375169689,0.28991915233906623,0.912786186268747,-0.26581012210592253,-1.0495498133388494,2.2760997297968446,-0.134143292777903,38.6,False,False,14.141330616972631
340,whitede01,Deacon White,6973.0,17.0,3.509186920540187,3.4424780867963345,3.575895754284039,0.2544156101511422,0.9829871712245125,-0.0624456878459575,-0.03433310237568249,-0.9066692857775152,0.051126112194971554,45.53,False,False,18.578670842662312
341,wheatza01,Zack Wheat,9996.0,18.0,3.500687857664346,3.677829488422758,3.323546226905934,0.19302251915434648,0.773672289133731,0.5499429948090959,-0.6065054841541222,-0.5802240864036711,-0.4269455448636112,60.22,False,False,20.946095232871997
342,colavro01,Rocky Colavito,7559.0,13.0,3.5004362644524716,3.3944494754553625,3.6064230534495807,0.23156646012259202,-0.10971401265715369,1.1375606727245422,1.1039534145350662,-0.7822428129147615,-0.5447929902982747,44.84,False,False,16.020439252613638
343,cartyri01,Rico Carty,6318.0,13.0,3.494807327236682,3.323173854314372,3.666440800158992,0.23239747912187791,1.0002084601315644,0.43013588055215257,0.3573192972235541,-0.6826016397472628,-0.8208879441543316,32.58,False,False,13.085966274236371
344,sandere02,Reggie Sanders,7043.0,15.0,3.4916495257936475,3.723344512817781,3.259954538769514,0.30002427910621327,-0.30992911591928435,0.8391806478436161,0.053063075125406804,1.1182357459667667,0.12059468709848133,39.82,False,False,14.946418701448904
345,seweljo01,Joe Sewell,8329.0,13.0,3.4692623829253417,3.5215355224769436,3.4169892433737403,0.23011139246472007,0.5371547571726255,-0.23554526983705865,0.6281640973316673,-0.556688179653914,0.6624047724813734,54.86,False,False,16.62036213095661
346,olerujo01,John Olerud,9063.0,15.0,3.4445289313677603,3.3196751375630114,3.569382725172509,0.1759148223206653,0.6106662621472615,-0.055209365323935916,1.1587332817886238,-0.6370125354603144,-0.21447160679581673,58.14,False,False,18.841474035013867
347,martivi01,Victor Martinez,8166.0,14.0,3.435862026860702,3.0872670232888164,3.7844570304325873,0.12964191467718875,1.016665822685549,0.02009413295256394,0.0883895592191644,-0.5775450437094791,-0.6623526178260677,31.759999999999998,False,False,16.682522110810464
348,chaveer01,Eric Chavez,6227.0,11.0,3.4348962239299157,3.4560317464862025,3.4137607013736284,0.3516845940996681,-0.05824652482302947,0.7558955773565144,0.44896994658290884,-0.26236208492184865,0.6186454608675832,38.25,False,False,11.619738633391588
349,eversjo01,Johnny Evers,7210.0,14.0,3.4296471369955697,3.4782327665828014,3.3810615074083374,0.2649321228729314,0.2526234102954523,-0.48504807154217205,0.9155976978499937,0.5010723987139778,0.9649625579527504,47.95,False,False,14.356732126347193
350,burgesm01,Smoky Burgess,5013.0,13.0,3.425238765655446,3.7332597033741113,3.117217827936781,0.47217880875362084,1.087359140896423,0.18391139246108118,-0.06471654816248779,-0.4150244236675793,0.6938587296468817,33.26,False,False,9.454607085671697
351,torricr99,Cristóbal Torriente,3570.0,10.0,3.417952448195769,3.396953621991577,3.4389512743999617,0.6764886955393035,0.9641106318819724,0.8587855647793244,1.2037105066160156,0.7647727811444897,-0.33614246117568075,23.73,True,True,10.09419241347418
352,hermaba01,Babe Herman,6226.0,11.0,3.4179248129471285,3.442493217037541,3.393356408856716,0.32073409892421173,0.6448522222091383,1.1355658566157538,-0.04656095755745353,-0.037370852624977836,-1.0249907185250637,39.5,False,False,12.826798610926078
353,porteda02,Darrell Porter,6570.0,13.0,3.4129669578065442,3.4826428755896117,3.343291040023477,0.3057880603356902,-0.4473934997707237,0.5275752807362539,1.403591519909272,-0.3295690349745987,0.8716563877628192,40.85,False,False,13.109908623570757
354,allisbo01,Bob Allison,5921.0,11.0,3.4106024853061507,3.3896219708063158,3.431582999805986,0.3383414486800979,-0.38297222238338946,1.1856728076359113,1.4191391746129318,0.07311362332045712,-0.2584700334449874,34.1,False,False,12.289710854497086
355,turneju01,Justin Turner,6502.0,12.0,3.358802645299038,3.2303787988126142,3.4872264917854614,0.26549259393648894,0.9005689574150411,0.053662137401917755,0.1434022867492733,-0.32805555112208273,-0.011557040356588744,38.62,False,False,13.209234734909876
356,bergewa01,Wally Berger,5663.0,10.0,3.3481762408949525,3.3655836901613614,3.330768791628543,0.3435332885427756,0.10869537689742052,1.4206572152901062,-0.2750550150192957,-0.5815702899846562,-0.148049793065436,42.34,False,False,11.720010438402543
357,foxne01,Nellie Fox,10349.0,16.0,3.347653223897237,2.942001260363196,3.7533051874312777,0.09621226693733015,0.6521157196390858,-0.9428617315528063,-0.683360810279563,-0.1955540127905535,1.3566377640922895,49.339999999999996,False,False,21.84038661281319
358,crossla01,Lave Cross,9741.0,19.0,3.3191603474736704,3.213354494163025,3.424966200784316,0.14658729536228543,0.41551872646454335,-0.03277246990720236,-0.9014792981870934,-0.4850908713686761,0.8521021767533005,45.87,False,False,19.358464720979484
359,bellco99,Cool Papa Bell,5585.0,14.0,3.312918859424733,3.401662353536328,3.224175365313138,0.41161603933681595,0.7716357813865825,-0.10948116173663756,0.3540261148674387,2.667219071811213,-0.574259436302065,36.07,True,True,17.06718157892307
360,powelbo01,Boog Powell,7810.0,15.0,3.3115022072610154,3.0075302915562228,3.6154741229658085,0.16236682937307675,0.09795368138022777,0.8827914152968613,1.029536425221834,-0.5757410349161842,-0.8861811933030745,39.1,False,False,16.54851804777292
361,gardnla01,Larry Gardner,7685.0,13.0,3.3034779270586876,3.5608486658519944,3.046107188265381,0.27523934213961326,0.43033527147097855,0.11714351694867361,0.14651539995590182,-0.5227889184194272,0.7431152873003505,47.160000000000004,False,False,15.607771188600365
362,schoere01,Red Schoendienst,9222.0,15.0,3.299339819895094,3.086174078058694,3.5125055617314938,0.1593671098906807,0.5501388067990929,-0.507721281014437,-0.9291555272552483,-0.06544898838461054,1.2305115185963489,44.78,False,False,18.950656458191492
363,leede02,Derrek Lee,7963.0,14.0,3.2958242207382367,2.990689040009649,3.6009594014668243,0.14508959191298035,0.2805977893951186,0.5686793277875579,0.29722533706889726,0.1330385445078588,-0.7635996569974911,34.58,False,False,16.69048710372147
364,hrbekke01,Kent Hrbek,7137.0,13.0,3.2947713350618164,3.3609134087816397,3.2286292613419927,0.26546138094800165,0.388477076682182,0.8854421818514812,0.6699528337427009,-0.43742042629061406,-0.6998381867865296,38.629999999999995,False,False,15.1240434848246
365,decindo01,Doug DeCinces,6534.0,12.0,3.2910122498465,3.2713581858143206,3.31066631387868,0.27178879510643766,-0.2678452454329311,0.8501917714325776,0.17192152595886165,-0.3693462214101937,0.5841365342583847,41.74,False,False,13.644958299269087
366,cirilje01,Jeff Cirillo,6136.0,12.0,3.2907137546944503,3.060049393116228,3.5213781162726723,0.23316284051962788,0.7996830970547382,-0.5618101483628132,-0.015345135323632792,-0.17840100570528844,0.9058778500747126,34.53,False,False,12.404071142674868
367,peskyjo01,Johnny Pesky,5516.0,9.0,3.2635745819195767,3.175859984614024,3.35128917922513,0.3170522469751878,1.1029600344454218,-0.7539427114601464,0.4915636950062816,-0.09918735981833944,0.8655470828040547,34.05,False,False,11.086189728785676
368,werbebi01,Billy Werber,5845.0,10.0,3.246344045380582,3.1336129958294165,3.3590750949317476,0.28779202270170756,-0.38857288213311664,-0.05570814650294068,0.8127273122828355,2.0955517353063686,0.6512421326680217,25.75,False,False,11.76489060272781
369,whitebi03,Bill White,6680.0,11.0,3.2231021980511647,3.1971714621249916,3.249032933977338,0.27111450613479554,0.70917961443537,0.27504918281864593,-0.06597418451224206,0.4994006338328807,-0.3374838898673653,38.61,False,False,13.841282096507056
370,slaugen01,Enos Slaughter,9084.0,16.0,3.2223407838546594,3.2425398652613824,3.202141702447937,0.18099656479385026,0.7286405205195376,0.22584811451839243,0.24166412823417144,-0.2630271911924591,-0.5160685971084998,57.35,False,False,18.537214865502094
371,barfije01,Jesse Barfield,5394.0,10.0,3.208417662850243,3.2009914149353627,3.2158439107651233,0.35790870347455994,-0.3143050176823426,1.2443023619922902,0.44294150775347974,-0.6406671304865071,0.49341031227439197,39.44,False,False,10.974543528346445
372,jenseja01,Jackie Jensen,6079.0,9.0,3.203135309257787,3.128023854719358,3.2782467637962163,0.2996066909792607,0.16341238364284372,0.404300466129578,0.7783994083395431,1.382149224281688,-0.4338101360729447,27.82,False,False,12.507332941546823
373,thompha02,Hank Thompson,4218.0,10.0,3.187530477356189,3.1442941651234078,3.2307667895889707,0.45549008739739055,-0.03800029252993145,0.8281715710768462,0.8045435663740783,0.4141615161246744,0.41782100700949504,30.76,True,True,9.275472558636903
374,caminke01,Ken Caminiti,7125.0,14.0,3.1847823534252266,2.948814637888768,3.420750068961685,0.1637233457836347,0.10469527813795448,0.33135720942012453,0.3011091059104347,-0.16331035314478734,0.09563862119823147,33.47,False,False,15.379463839542336
375,howarel01,Elston Howard,5927.0,14.0,3.1842901541864936,2.831718100823513,3.5368622075494747,0.18216689447899062,0.3726765115849078,0.13008169602804728,-0.7832487988091507,-0.5776829594902599,0.8371630401252261,27.07,True,False,12.421350008394619
376,murphda02,Danny Murphy,5978.0,10.0,3.181256183831292,3.2882914155739673,3.074220952088616,0.3573191917539895,0.6705818381797334,1.0746845475154492,-0.7379471297794753,-0.2351320931996748,-0.3447640082832508,36.49,False,False,11.487408622434494
377,damonjo01,Johnny Damon,10917.0,18.0,3.1785166608597484,2.9869135373176183,3.370119784401878,0.09976527097852467,0.3517002367274977,-0.36019181557135393,-0.022052693885182675,0.9781630174012158,0.035434543457265474,56.33,False,False,22.516217584200064
378,keltnke01,Ken Keltner,6312.0,11.0,3.178103669244913,3.1125610238119896,3.2436463146778367,0.2772317472174582,-0.00955433950493749,0.7990733537316708,-0.4993311841806292,-0.47627581485216847,0.6896837142635901,33.019999999999996,False,False,12.810112057426284
379,martiru01,Russell Martin,6648.0,14.0,3.173250364911855,3.0503529858528835,3.2961477439708267,0.23755246449047399,-0.37169649186333376,-0.14072066507342582,1.0907400563779246,0.22809928875321878,1.2969683852919367,38.660000000000004,False,False,14.244178514025348
380,renteed01,Edgar Renteria,9066.0,16.0,3.1731934425646546,2.8838849146628824,3.4625019704664273,0.13123471348988092,0.4498746225966422,-0.6143906301866363,-0.10753123335035626,0.7444235215834496,0.5845014347178489,32.44,False,False,19.055139601020276
381,lemahdj01,DJ LeMahieu,6822.0,13.0,3.1624249573035064,3.0466882055775946,3.2781617090294186,0.22069766161289225,0.9655404385103741,-0.706029659719871,0.07789556599283662,-0.10163950327246446,0.726094108518521,30.57,False,False,15.131128592320813
382,whitede03,Devon White,8080.0,14.0,3.1622579751133086,2.9842533672722227,3.3402625829543946,0.17649955618391008,-0.3086614461700658,-0.0022250609724099694,-0.7349407526821399,0.753123196531095,1.3397363197087861,47.25,False,False,16.924058032566432
383,coopece01,Cecil Cooper,7939.0,14.0,3.147037564303635,2.8586167167825582,3.4354584118247113,0.13715678187381347,0.9465254282187375,0.47667374224552933,-1.0910426022496686,-0.1908190473622585,-0.808084021521369,36.0,False,False,16.763116382518483
384,coopewa01,Walker Cooper,5078.0,11.0,3.137279807208208,3.048756639016023,3.225802975400394,0.3783217672550249,0.5560927897277712,1.0219789304043632,-1.170633907827328,-0.45850265411017105,0.3390695370456727,27.21,False,False,9.441818056227131
385,bufordo01,Don Buford,5347.0,9.0,3.1174106225525677,3.006422275678612,3.2283989694265234,0.2934029751211557,0.05114507325608873,-0.3240061431349752,1.1004373043226672,1.4776718061473841,0.5872519251890825,36.169999999999995,False,False,11.382319402019249
386,castivi02,Vinny Castilla,7384.0,13.0,3.085385624747256,2.711408265200056,3.4593629842944567,0.12337784691659011,0.054986717077788995,0.532462327003847,-0.9641876908796175,-0.540138436659058,0.4878787322298349,19.35,False,False,15.278165607000908
387,freylo01,Lonny Frey,6402.0,11.0,3.0810724236792524,2.978614418902177,3.1835304284563275,0.26182810259278166,-0.29109885875802644,-0.16926217876898444,0.7137199073670946,0.380730067965762,1.4524570815879958,44.41,False,False,12.945301984176208
388,roushed01,Edd Roush,8156.0,14.0,3.060575995894335,2.956039066166488,3.1651129256221826,0.16619984672886723,0.823412980616403,0.18581485683605298,-0.7904740595660085,0.4252150315028065,-0.5002130085027467,45.88,False,False,16.32434106643255
389,bartedi01,Dick Bartell,8743.0,16.0,3.0423133586617164,2.874597048312969,3.2100296690104635,0.139525107677222,-0.04358449639865825,-0.25054005187928874,-0.1293583641328102,-0.024230920792884594,1.215607003265878,41.39,False,False,18.02382597881763
390,mcdougi01,Gil McDougald,5395.0,10.0,3.03684485635282,3.02021901021158,3.05347070249406,0.32795115667350183,0.18202999911961557,-0.07990325781783175,0.18864008687307526,-0.07048069705210533,1.4274859765043488,40.85,False,False,11.596887177585847
391,steinha01,Harry Steinfeldt,6691.0,13.0,3.018391314067962,2.7701948643334466,3.2665877638024776,0.1835896237277855,0.023578726587433898,0.3445341972986488,0.013157378999742595,-0.30837797195979455,0.5133890292898293,29.94,False,False,13.730104884605796
392,troskha01,Hal Trosky,5747.0,10.0,3.010478396444289,2.8098879813709288,3.2110688115176496,0.2300509600263781,0.37888954043848533,1.2697693569026451,-0.0322971935349401,-0.503620848002849,-1.0547745251109106,29.680000000000003,False,False,11.340557104614847
393,kluszte01,Ted Kluszewski,6470.0,13.0,3.0040680922621705,2.7031399718568947,3.304996212667446,0.17075772468932024,0.7996215898561032,0.8542390850169447,-0.6935405249662057,-0.504329867367547,-1.0280671926960936,31.43,False,False,13.201204965452318
394,gantro01,Ron Gant,7320.0,14.0,3.000588453044717,2.8856791198633465,3.115497786226087,0.19737841183818428,-0.5070545436825444,0.9737699067950774,0.3820085054860514,0.3562002737813578,-0.08228537511158239,34.1,False,False,15.464593888162506
395,traynpi01,Pie Traynor,8293.0,14.0,2.999249751329687,2.977320614739758,3.021178887919617,0.17877727388695708,0.7622022100166075,-0.05262942282594237,-0.7702509203156531,0.16243006616284916,0.13343761572518986,38.67,False,False,17.32285575711595
396,kendaja01,Jason Kendall,8701.0,15.0,2.9956153086176593,2.5289884891951244,3.462242128040194,0.07413339548536103,0.6276946967873843,-1.1131713110934809,-0.11977956997519743,0.5655931639071491,0.8759751019199741,41.66,False,False,18.085794396717795
397,vanslan01,Andy Van Slyke,6478.0,13.0,2.9932633533910047,2.849881633213833,3.1366450735681766,0.20658044191904104,0.15140083203673516,0.40904045112294835,0.39966837064108673,0.3969204828602831,-0.20605414189500476,41.34,False,False,14.352355804468967
398,hafeych01,Chick Hafey,5113.0,11.0,2.990697713849132,2.8320510429616785,3.149344384736586,0.2853146807802273,0.45433374430805284,1.1276918285363224,-0.35541191078643586,-0.1933988850666592,-0.6720595574388787,31.21,False,False,10.349292591616347
399,bonilbo01,Bobby Bonilla,8255.0,14.0,2.989144161151211,2.7806464429911872,3.197641879311235,0.12696324469721776,0.37016393700992745,0.738415742655739,0.5337880859468962,-0.72344724657968,-0.9332237156960188,30.240000000000002,False,False,17.24555010658049
400,nashbi01,Billy Nash,6742.0,12.0,2.979525013137863,2.8945763642575395,3.064473662018187,0.23829013772341062,0.03315736055170029,0.15456823202785544,0.9750051976296609,-0.43850567823054776,0.641612540048163,33.75,False,False,13.604267368419189
401,encared01,Edwin Encarnacion,8114.0,15.0,2.961410049451482,2.805881505641464,3.1169385932614997,0.1686336421204289,-0.05648653132743999,1.1797358459689598,0.7327768888747204,-0.26145140456628907,-1.077368503514351,35.26,False,False,16.95274418511578
402,farredu01,Duke Farrell,6263.0,16.0,2.9583557911283886,2.874440069018316,3.0422715132384615,0.21047165514301258,-0.03960931062672838,0.3018037577118204,-0.12083736432578815,-0.6758984230681582,1.057434498784398,30.86,False,False,12.858012843495924
403,henrito01,Tommy Henrich,5409.0,10.0,2.9548667470333148,3.0798949881454485,2.829838505921181,0.35208790051401,0.008463612985723137,1.2709654742770444,0.8402620882478509,-0.40827646726762745,-0.3746969388142127,39.39,False,False,10.696118337650164
404,gilliji01,Jim Gilliam,8886.0,16.0,2.951433246954033,2.695617490491161,3.2072490034169046,0.12366978281124788,-0.11499773642434453,-0.8147919392183718,0.956642972071165,1.3980726019001537,0.8356756405346543,44.800000000000004,True,True,19.617175662564964
405,greensh01,Shawn Green,7962.0,13.0,2.948383469773039,2.6474214665691727,3.2493454729769047,0.12474055951055403,0.23933887024790312,0.5857494415825123,-0.021668806060657415,0.016167104791062568,-0.6111788195580555,34.730000000000004,False,False,16.66189869737972
406,johnsho01,Howard Johnson,5715.0,12.0,2.938476449070146,2.6494522864734544,3.2275006116668377,0.1912169582550597,-0.6621738197612073,1.058348992998584,0.9936220321923013,0.9431440112044829,-0.6065609902791586,22.17,False,False,12.030158378151368
407,willicy01,Cy Williams,7720.0,14.0,2.935845146710839,2.875085487179775,2.996604806241903,0.19922010816673202,0.03983530858996076,1.2750327838502742,0.16909117893614264,-0.6626336225311912,-0.7294303760291677,36.86,False,False,15.557925491882077
408,pfefffr01,Fred Pfeffer,7128.0,14.0,2.933050342295787,2.6985651704146068,3.1675355141769677,0.1664128979059341,-0.3015427899812177,0.47522804508962846,-0.2274679497792455,0.40080219544049195,0.503000619192127,26.610000000000003,False,False,15.670298699179536
409,sanguma01,Manny Sanguillen,5380.0,10.0,2.927139177043941,2.8360037157991886,3.018274638288694,0.27587918259862354,1.1816873206041096,-0.45861952694965497,-1.4425329710104482,-0.2677451174486423,1.1499332667409812,27.61,False,False,10.629305067808954
410,galaran01,Andres Galarraga,8916.0,17.0,2.9021894850694596,2.393152230594536,3.411226739544383,0.05778577385297169,0.4522500825297655,0.6849956631472163,-0.9921599713624027,-0.04399906386563216,-0.8988602316365963,31.7,False,False,19.197962163467082
411,rogelbi01,Billy Rogell,5919.0,11.0,2.9019650334729166,2.868490370215897,2.9354396967299357,0.2775848511904149,-0.3248881575567836,-0.21944484214761537,0.7241149716513815,0.1826816673271711,1.794215439235901,25.53,False,False,10.837401781343335
412,grantge01,George Grantham,5897.0,11.0,2.885365497721967,2.894664724836182,2.8760662706077516,0.2784393162871188,0.15393242098125645,0.4836149283054848,1.0638643577284659,0.2939610355357672,-0.24303713912663388,33.78,False,False,12.383705970762401
413,wilsowi02,Willie Wilson,8317.0,16.0,2.8799992383872217,2.5167800785967405,3.2432183981777034,0.09823672163874167,0.523337366865074,-0.9817141679418994,-1.1356719898997947,2.136742115857572,0.6782137468300576,46.12,False,False,17.854697924635154
414,bayja01,Jason Bay,5258.0,10.0,2.876383480525625,2.6633086622990256,3.089458298752225,0.20234727421691273,-0.10887087437965905,0.8304832000540099,0.9844574645577309,-0.10740249387055692,-0.5092096027705495,24.74,False,False,11.003668834753277
415,lathaar01,Arlie Latham,7524.0,13.0,2.861881478954631,2.659216744771709,3.0645462131375525,0.15278289401853487,-0.0015693760183594072,-0.6084898651301489,0.008753147662883516,2.057458335218856,0.8451266221871303,30.51,False,False,15.72103956969842
416,suttoez01,Ezra Sutton,5537.0,15.0,2.8363329493442704,2.7916207749496413,2.8810451237388994,0.2748617765863106,0.6495642339692749,0.20938185370974938,-0.343313190673653,-0.11723093444534666,0.18201963435053323,32.4,False,False,15.407888919412331
417,hunteto01,Torii Hunter,9692.0,17.0,2.8284579200774393,2.7815673195429795,2.8753485206118996,0.11069954042731955,0.18501405712590718,0.3093877242128793,-0.6341760787333918,0.026087779419467032,0.11593917978538039,50.64,False,False,20.149268274706664
418,allenne02,Newt Allen,4476.0,9.0,2.811905942585231,2.8129302040763084,2.8108816810941537,0.5514051438650065,0.0846278383789619,-0.3822704940883963,-0.2395007547962595,1.9342776746773256,2.3561012429486508,24.13,True,True,9.960575331188378
419,kempma01,Matt Kemp,6982.0,12.0,2.8087897915745286,2.5354102133138916,3.082169369835165,0.1554157183810312,0.6891731706788219,0.719098642962372,-0.37761303244510513,0.31015763243140415,-1.3016014285497843,21.64,False,False,14.495401652741357
420,maddoga01,Garry Maddox,6775.0,14.0,2.80295343250726,2.6261918531072617,2.9797150119072575,0.18090385139292137,0.4297486226660748,-0.1712748164929548,-1.2437984234691126,0.5855753365027819,0.8459200911880917,36.800000000000004,False,False,14.152031601368025
421,perezsa02,Salvador Perez,6897.0,12.0,2.800789752760862,2.9901889838623763,2.611390521659348,0.24882254946261478,0.3416897905230966,0.5742897232628278,-1.4684500956697422,-0.5357165753378983,0.8722268121380078,35.44,False,False,14.35112821474397
422,vizquom01,Omar Vizquel,12013.0,21.0,2.7992284725179166,2.4954842199901677,3.102972725045666,0.05518542801373849,0.08009013498026048,-1.0270131851795197,0.08473720627111653,0.8079489371217422,1.2499686436711517,45.589999999999996,False,False,24.265184501437698
423,oliveal01,Al Oliver,9778.0,17.0,2.7969405362930972,2.608220544945581,2.985660527640613,0.09062590350919958,1.0880605612995735,0.1577998665374148,-1.0464096532439733,-0.5095681312392999,-0.6376722319678481,43.64,False,False,20.721516132095807
424,fieldpr01,Prince Fielder,6853.0,10.0,2.7952889559253746,2.5686919533984405,3.021885958452309,0.147210120335038,0.47710964741047657,0.9303413026919208,0.9819530300763594,-0.4524533516772706,-1.639875662677951,23.57,False,False,14.16828767839996
425,loberha01,Hans Lobert,5227.0,10.0,2.788119077465187,2.6680526202769146,2.9081855346534593,0.27627931947870277,0.42936639156126755,0.3318954724826877,-0.05772273347938704,1.1047023841129573,-0.2839860239892043,22.53,False,False,10.40044431567009
426,camermi01,Mike Cameron,7884.0,14.0,2.787851042415314,2.802379746322897,2.7733223385077306,0.18900414119821993,-0.8594560125415376,0.40066914578084867,0.5168227726570013,1.0582139199434748,0.8456826598318946,46.68,False,False,15.954696505699463
427,younger01,Eric Young,6996.0,12.0,2.7717346520404487,2.774120283506482,2.7693490205744156,0.23299900285269637,0.3317791095363152,-0.6594807742924185,0.14046578200189316,2.4376777910785505,0.3674757248574146,18.8,False,False,13.933513934802132
428,phillbr01,Brandon Phillips,7991.0,13.0,2.768043735458601,2.526307390113834,3.0097800808033677,0.1349384775104547,0.2604204117381576,-0.06294789793910713,-0.9539150773196083,0.4914919686107245,0.6096951712081395,28.9,False,False,17.178970725561754
429,galanau01,Augie Galan,7003.0,13.0,2.7648247263622094,2.608546626872527,2.9211028258518916,0.1926222651225939,0.15056946724857267,0.10857466545681518,1.2503718302560947,0.5232569399696544,-0.312419258557987,45.44,False,False,14.098165545525575
430,templga01,Garry Templeton,8208.0,16.0,2.757298041006189,2.400002923217257,3.1145931587951208,0.09387938979472257,0.25236543735149763,-0.3973434578144593,-1.0764931057717742,0.28142356793149814,1.0843987485881932,27.85,False,False,17.5629297153411
431,burnsge01,George Burns,8251.0,13.0,2.7385896185040712,2.3625023402416265,3.114676896766516,0.09054211319507753,0.049738467987999926,-0.1638338771601593,0.7411989464309487,0.9016853585028338,-0.1975884727332647,39.339999999999996,False,False,17.443499508048138
432,baezja01,Javier Baez,5115.0,11.0,2.736838797780055,2.506984752563377,2.9666928429967325,0.172312962098709,-0.19603617090637246,0.3331803952071367,-1.217136770036783,0.28532233679040114,1.1217556906655894,26.95,False,False,11.682188934704776
433,whitero01,Roy White,7735.0,14.0,2.7339141014382866,2.476306355417549,2.991521847459024,0.120157313491775,0.0842002030222172,-0.06505621197263971,0.8694233869777576,0.6158690113497023,-0.1705756182792212,46.78,False,False,16.524891414240088
434,parenfr01,Freddy Parent,5571.0,10.0,2.7261963213684766,2.485932826344725,2.9664598163922284,0.16691519206739694,-0.07082637789596692,-0.15404504109354403,-0.35091510388870306,-0.2455987920630882,1.4701400367971467,35.75,False,False,11.625288402245651
435,peckiro01,Roger Peckinpaugh,8383.0,15.0,2.721508522720711,2.699999805754759,2.743017239686663,0.16920284849702555,-0.39145105564520427,-0.3270499920835164,0.5672352023188623,-0.14031607086945602,1.7103062483535054,45.54,False,False,16.76151329108898
436,maranra01,Rabbit Maranville,11256.0,19.0,2.7214294659394795,2.324544044914251,3.1183148869647086,0.03555328943261022,-0.587043987140912,-0.3649293420777935,-0.20960880778053087,0.1662962648996471,1.6273827124315507,44.19,False,False,23.1701834476111
437,keelewi01,Willie Keeler,9610.0,16.0,2.7005559852072487,2.1163755750851045,3.2847363953293933,0.01134665309530053,1.33722017552405,-0.6778713326391494,-0.7846604749707338,0.1958515123038388,-0.6378855175174007,55.28,False,False,19.70000073889001
438,mcganda01,Dan McGann,6051.0,11.0,2.6809257765756938,2.4927581920724347,2.8690933610789533,0.19733127462691352,0.217539291219193,0.27130381122971525,0.10856576641819862,0.5629656459175632,-0.08237398670667564,34.699999999999996,False,False,12.131333444351258
439,valenjo03,Jose Valentin,6317.0,12.0,2.6804427347591817,2.6606737697690015,2.7002116997493615,0.256379169699102,-0.87914366843835,0.8706021736234626,0.35486386068109704,0.1893650331108572,1.0225936438218641,31.62,False,False,12.410003884445954
440,vaughmo01,Mo Vaughn,6410.0,11.0,2.679109895518405,2.4436329617380848,2.9145868292987256,0.14025507393757183,0.49424784215587064,0.850495058436212,0.2913137160562949,-0.4999931046653297,-1.2114992868957473,27.09,False,False,13.48694749233491
441,werthja01,Jayson Werth,6366.0,13.0,2.672175463049081,2.2995427624943163,3.044808163603846,0.11322050407186406,0.00933419214600291,0.4747614828083721,1.1244573196351444,0.0152938082984008,-0.7299165560390146,29.18,False,False,13.656036358972921
442,larkihe01,Henry Larkin,5303.0,10.0,2.662796053175892,2.70095311070667,2.6246389956451135,0.2966225255422813,0.7909415282112113,0.9124604706312712,0.24297451312568688,-0.8450539731250073,-0.896356154563955,28.7,False,False,11.099955844002476
443,finlest01,Steve Finley,10460.0,18.0,2.643321866681384,2.1830042363871445,3.1036394969756236,0.02103494013988032,-0.09598012322066576,0.07916411320726822,-0.36640523238409156,0.34808917459726124,0.13955674461291295,44.24,False,False,22.30662342155612
444,heywaja01,Jason Heyward,6982.0,13.0,2.6419918165951306,2.4049938322046223,2.878989800985639,0.14966152122139387,-0.10475761367039367,-0.20457863591892395,0.4980180066925748,-0.0639025717121174,0.9952542630007168,41.48,False,False,14.547065847884694
445,kellge01,George Kell,7528.0,14.0,2.638575482913465,2.386348680707362,2.8908022851195687,0.11598204283899753,1.0687490712489816,-0.44858104748480376,-0.5938533234898926,-0.27385090614102187,0.08351029336417828,37.57,False,False,15.858917503507683
446,frymatr01,Travis Fryman,7217.0,13.0,2.633306132332084,2.431721687478214,2.8348905771859547,0.12629919266100736,0.09214544052357108,0.24873002312839895,-0.23912659377462311,-0.3089650602231823,0.3942285948259842,34.37,False,False,15.468642028996417
447,stahlch01,Chick Stahl,5709.0,10.0,2.5896336656031047,2.491639410122878,2.6876279210833314,0.21797008307664692,0.48176254027920934,0.5561866107072503,0.18668038958956565,-0.3989417327031129,-0.360942639539681,31.5,False,False,11.843392179864987
448,manushe01,Heinie Manush,8416.0,15.0,2.5803721032037794,2.1881222459549283,2.972621960452631,0.07283048542067022,0.8166796654463157,0.20272421557413703,-0.7588939725906362,-0.24289593980947954,-0.6640584382272701,48.089999999999996,False,False,16.979881999061245
449,dimagdo01,Dom DiMaggio,6478.0,10.0,2.5782231370114044,2.569315760698873,2.587130513323936,0.22573691851772612,0.628844800380452,-0.31517258669064613,0.31526699055430013,0.5163883203478291,0.2423486166028569,33.49,False,False,13.30364990089913
450,burnsoy01,Thomas Burns,5160.0,10.0,2.5764981063358947,2.4460158342582847,2.7069803784135043,0.24396215297397472,0.5382490313294421,0.9440382241462925,0.03647700083464347,-0.31774606484861,-0.8652180921587791,25.79,False,False,10.27924652676006
451,cardele01,Leo Cardenas,7402.0,13.0,2.5684279492422677,2.2773274821028036,2.8595284163817323,0.11974636082596256,0.05916454294384055,-0.0801430586901216,-0.44429972057982786,-0.654841721582959,1.1797702988306276,27.259999999999998,False,False,14.898925291208542
452,polanpl01,Placido Polanco,7886.0,15.0,2.550868713186287,2.3165025266726573,2.7852348996999163,0.10583843070531843,0.8855780076750841,-0.9510740605564622,-0.9275977693855331,-0.30780882646472923,1.2451395307737905,41.87,False,False,16.473755673804032
453,nichobi01,Bill Nicholson,6418.0,11.0,2.5497606148622163,2.408341242957913,2.6911799867665196,0.18686293136221507,-0.29164974933518834,1.301289678532596,0.7173966324071175,-0.6688840386056251,-0.6044015338857827,41.94,False,False,12.819842077491451
454,zimmech01,Charles Zimmer,5078.0,13.0,2.535310184689215,2.660291631410411,2.4103287379680194,0.31988313047247424,-0.17655289253151266,0.1288076398290549,-0.07486442019132471,-0.4819959778469049,1.949463730435172,29.48,False,False,9.618233435502585
455,herzobu01,Buck Herzog,6047.0,12.0,2.5258054245934103,2.3168932965456768,2.7347175526411442,0.1495864026474548,-0.061054566290118566,-0.15743871441992796,-0.3498514778500808,0.9054730874496116,0.7978611295025777,26.59,False,False,12.517317485893651
456,gaettga01,Gary Gaetti,9817.0,18.0,2.523592126548136,2.268834344098618,2.7783499089976536,0.07465041773859857,-0.4577713786648524,0.5350505878500699,-0.7550835235513798,-0.31665525053290766,0.7932026619573104,42.07,False,False,20.972838958935903
457,travice01,Cecil Travis,5414.0,10.0,2.5188266200203473,2.367705403032268,2.6699478370084266,0.2070527820181216,0.9832314057191789,-0.3174328361995118,-0.5628934199998648,-0.7115142735304342,0.6737699025762569,30.35,False,False,10.580512451600553
458,deshide01,Delino DeShields,6652.0,12.0,2.515818166569926,2.2299151516142626,2.8017211815255902,0.12709534795436306,-0.07743260685612147,-0.493521194439963,0.6218547508662496,2.189438882171783,0.08626062519692546,24.39,False,False,14.00673481854261
459,singlke01,Ken Singleton,8558.0,15.0,2.507026438342248,2.143533392787432,2.870519483897064,0.07189703884690095,0.39901373135427065,0.269226810704253,1.6424788811551279,-0.8275217838680997,-1.0503541674967953,41.8,False,False,18.33353830574012
460,blairpa01,Paul Blair,6673.0,12.0,2.5045675883059673,2.107706030292128,2.9014291463198063,0.08888270291558174,-0.3868177827342759,-0.07341906393920607,-0.6438829667065441,0.47481617733234105,1.2193021792752332,37.74,False,False,13.350211196887479
461,joosted01,Eddie Joost,6783.0,11.0,2.491025445804798,2.326956358915152,2.6550945326944437,0.15257094782744712,-0.962050989885937,0.20650822755867665,1.5714297794211831,-0.11585186676858238,1.1683799263018255,31.650000000000002,False,False,12.946036178782068
462,greenmi01,Mike Greenwell,5166.0,10.0,2.486092352867509,2.3369910208296227,2.6351936849053956,0.22266539961303577,1.0508380986942676,0.1624680817423509,-0.025902829791292818,-0.518331911481876,-0.4042401794390041,25.79,False,False,11.110423734299196
463,segurje01,Jean Segura,5936.0,11.0,2.4850029204663455,2.281554769114654,2.6884510718180374,0.17378270173929772,0.7041008862999061,-0.657290827032392,-0.8486809866740319,1.0393938105926606,0.7033420078359033,26.310000000000002,False,False,13.227269311746083
464,howarfr01,Frank Howard,7353.0,14.0,2.473559952335356,2.3669020291127607,2.5802178755579517,0.14798715718970293,0.25138771836234836,1.3741622469151316,0.44428075566664355,-0.8909680915648127,-1.4750454940186202,37.57,False,False,15.673181137360935
465,bishoma01,Max Bishop,5776.0,11.0,2.4541566614319343,2.3190940937362954,2.5892192291275737,0.2045500239383019,-0.5335881909709362,-0.44217310983197916,3.448864334780011,-0.6354726738473405,1.079696240429547,38.02,False,False,11.548677134795577
466,stanked01,Eddie Stanky,5435.0,9.0,2.4476325961069536,2.382280192309488,2.5129849999044196,0.22043014855129822,-0.09110810356609289,-0.6537000401809303,2.320486802695275,-0.18517773800846868,1.1517084260336226,41.550000000000004,False,False,11.37868036793305
467,napolmi01,Mike Napoli,5329.0,12.0,2.4368704075095398,2.2536850902025662,2.620055724816513,0.1775219095958521,-0.5555862372779375,1.0906451863204738,1.029718181661299,-0.21782661232144468,-0.32092466025447064,26.39,False,False,11.278621004829981
468,tettlmi01,Mickey Tettleton,5745.0,12.0,2.4213673048555533,2.2550490531148113,2.587685556596295,0.1852195590422047,-0.7838920547835182,1.1340013861813731,2.1763649582917584,-0.526257193536402,-0.4241200842634375,29.36,False,False,12.201976734348182
469,floydcl01,Cliff Floyd,6063.0,13.0,2.415361184016055,2.186829068437844,2.643893299594266,0.15602626589674798,0.1733887371864238,0.5124732378552067,0.13604158088532045,0.27692047688199695,-0.4551426619623642,25.94,False,False,12.348902330759435
470,smithel01,Elmer Smith,5422.0,9.0,2.404399472987418,2.329448602582996,2.47935034339184,0.21071266813537964,0.4263060288069758,0.5510397447547803,0.8796907537085168,-0.28297446835056583,-0.7108134623447114,42.56,False,False,10.143667338572252
471,luzingr01,Greg Luzinski,7514.0,13.0,2.402048522709327,2.166871169932344,2.6372258754863105,0.11328345934950448,0.18200451933852838,1.1756945869715714,0.6291378855009818,-0.6977958747949177,-1.4358023680706595,26.3,False,False,15.58670600095035
472,gordosi01,Sid Gordon,5811.0,11.0,2.398176756923016,2.3034302470707737,2.492923266775259,0.2072421839442264,0.27191109218531795,0.807984519964066,0.5848184681730584,-0.6757874490868387,-0.5381480080460534,38.15,False,False,12.19656381354469
473,taylobe99,Ben Taylor,3835.0,11.0,2.3922673949497764,2.353148137627258,2.4313866522722947,0.42016788767613417,1.0276101946511589,0.280077907734666,0.4184643248320593,0.193585117195468,-0.1667174362118304,17.060000000000002,True,True,11.889272341144947
474,tenacge01,Gene Tenace,5525.0,10.0,2.391059773979899,2.4642233092590446,2.317896238700754,0.28668769631391805,-0.81453924212398,0.9854298513207875,2.3860997518836293,-0.3045853968625812,0.13634539026385498,46.81,False,False,10.367411131480686
475,selbaki01,Kip Selbach,7102.0,13.0,2.388072873350552,2.149842292675128,2.6263034540259764,0.11009770939577654,-0.05316149492916731,0.5251576710369131,0.9499845509841245,-0.019200320106001298,-0.6228978326217975,36.91,False,False,14.790431993819572
476,durhara01,Ray Durham,8423.0,14.0,2.3828169175196408,2.1374758016562145,2.628158033383067,0.08195298791632315,0.08426789955387608,0.10621481447407863,0.2768505500369104,0.643953514147528,-0.33636116355253565,33.84,False,False,17.61028695767143
477,salmoti01,Tim Salmon,7039.0,13.0,2.3819796701301144,2.1176472482476196,2.6463120920126086,0.10665235185185408,0.21616445240321713,0.7012847709579888,1.1744912818774957,-0.7662143343045175,-1.0470505495690274,40.589999999999996,False,False,14.681597573937827
478,marisro01,Roger Maris,5846.0,11.0,2.373376994089286,2.1457577145248594,2.6009962736537124,0.1550777253531711,-0.29747627488439804,1.0361237079389467,0.5930528869060097,-0.6403590592159584,-0.3089294366609934,38.23,False,False,11.983603127927303
479,butlebr01,Brett Butler,9545.0,15.0,2.363123933609565,2.022038715789544,2.7042091514295863,0.04563700421970343,0.7156496893076062,-1.081633457243825,0.8630988870197746,1.298929366685304,-0.3038534538496941,49.73,False,False,20.062600958079216
480,lindsfr01,Freddie Lindstrom,6104.0,11.0,2.351035648521628,2.131060554548555,2.5710107424947006,0.130963650468868,0.4298599503389306,0.16873388740571033,-0.8525778662479566,-0.1825512627120577,0.274492060207386,28.45,False,False,12.350364406889865
481,howarry01,Ryan Howard,6530.0,12.0,2.327259345499715,1.9225178292661105,2.732000861733319,0.05255966087623883,-0.31167566660648577,1.4384116005624525,0.43285903665569964,-0.5035611813423642,-1.3919545242094236,14.48,False,False,14.079225522128716
482,dennyje01,Jerry Denny,5140.0,12.0,2.317601759074288,2.0782396046495824,2.556963913498994,0.16466745052971726,-0.1254221515181452,0.7086868482050207,-1.042199356962336,-0.6018625634493289,0.6285372254365986,20.689999999999998,False,False,11.801234326800062
483,gracema01,Mark Grace,9290.0,15.0,2.3166288574830927,2.2141889612243664,2.419068753741819,0.10547954112791412,0.9602218309395565,-0.4804855653692334,0.43770742399667667,-0.36075786307762797,-0.23068147317543888,46.43,False,False,19.836184609765095
484,carpema01,Matt Carpenter,5770.0,10.0,2.302829459103856,2.107529199792563,2.4981297184151487,0.1511500934050033,-0.026567302057430388,0.3046354240200468,1.5861228624916426,-0.3756433258116855,-0.2665914842588868,28.749999999999996,False,False,11.702797930297278
485,scottge02,George Scott,8269.0,14.0,2.2944388753194964,2.082768366972068,2.5061093836669253,0.07904748990664394,0.08486720933175394,0.43116574651930323,-0.2800118077263609,-0.22877038705642036,-0.12442088685197554,36.53,False,False,17.754204627285574
486,baineha01,Harold Baines,11092.0,21.0,2.293801186084351,2.2722310855630576,2.3153712866056444,0.06730409889531772,0.6699763820870098,0.4371751056062042,0.042398386271700644,-0.7390690368172992,-0.9758714117904335,38.77,False,False,23.662301109028512
487,ozunama01,Marcell Ozuna,6712.0,13.0,2.2600038618001284,1.9237755760110595,2.5962321475891974,0.07517207181847904,0.3770866927274109,0.5039699355507646,0.04137316614129709,-0.6726103804566786,-0.6231364740209543,28.66,False,False,15.392053083173826
488,crawfbr01,Brandon Crawford,6318.0,12.0,2.2596732632040375,1.9289850744406585,2.5903614519674165,0.06218733824088957,-0.31244786375319483,-0.18103311408424516,0.2802725431565994,-0.5627226348938597,1.192383203829238,29.44,False,False,13.478794767836048
489,hudsoor01,Orlando Hudson,5413.0,11.0,2.2534782395867423,2.1605668273380285,2.346389651835456,0.20757972833476698,0.05342612354205443,-0.22104094420381193,0.16930608888300236,-0.11766628453239086,1.2635009704911653,30.900000000000002,False,False,11.37428523487434
490,swansda01,Dansby Swanson,5263.0,9.0,2.2398735294152794,2.1002102975812793,2.3795367612492795,0.19709502955208444,-0.2180972622036884,-0.010525281705559665,0.1872405465927548,0.03137916338183532,1.219099108636999,31.71,False,False,11.909270946117404
491,mcraeha01,Hal McRae,8058.0,15.0,2.2304439255859894,1.9793084056266248,2.481579445545354,0.09389169625788055,0.8207989712521976,0.42892474144067577,-0.32678140357796537,-0.11881053849056586,-1.1823311167156414,27.88,False,False,16.613817376612335
492,suareeu01,Eugenio Suarez,6627.0,12.0,2.2099079694710877,1.991051528082159,2.4287644108600164,0.11985773993565621,-0.2894140378602914,0.8201359983760208,0.30307255442733444,-0.49075563869735034,-0.10295269896030451,26.259999999999998,False,False,15.121517673429581
493,jordabr01,Brian Jordan,5646.0,12.0,2.2084110847893923,1.9970923666101554,2.419729802968629,0.15652186345664337,0.23883621026849314,0.09356765322916877,-0.9356866325342911,-0.12604661484704874,0.8148701457273938,32.94,False,False,11.053235767796792
494,mcmanma01,Marty McManus,7563.0,14.0,2.208149534160542,2.2600747561016936,2.1562243122193903,0.14161631695535803,-0.14384512893112944,0.3241512475328376,0.19593927007370707,-0.02745645779842324,0.35338100073658585,34.12,False,False,15.32472785525178
495,alfoned01,Edgardo Alfonzo,6108.0,11.0,2.2066609121240095,2.023354355612294,2.3899674686357244,0.09004605969788107,0.4590733795722157,-0.3194680070272213,0.16884374944887923,-0.45211307519776656,0.38245690254635684,28.76,False,False,12.732880122968472
496,johnsju99,Judy Johnson,4022.0,12.0,2.2038923946843623,2.0653098009255073,2.3424749884432177,0.26096482562553297,0.18007448383902186,-0.07925496116991627,-0.5332755955959749,0.5773500456839779,1.131557619080005,15.700000000000001,True,True,13.229911058436175
497,vanhage01,George Van Haltren,9017.0,15.0,2.167424789068292,2.0402622933138406,2.2945872848227435,0.08515465445248589,0.6780113712450363,0.0023214815665842325,0.22869125036321555,0.4215354793384719,-0.919839371805845,40.06,False,False,18.216582218927716
498,walkedi02,Dixie Walker,7666.0,14.0,2.1671136393344494,2.040515706740501,2.293711571928398,0.12724160309917062,0.7535659535870218,0.054745638302826104,0.28773100082388664,-0.39603551669211184,-0.5221071144048062,44.86,False,False,15.831476520632139
499,dalyto01,Tom Daly,6503.0,15.0,2.164532194166102,1.9664966118473237,2.3625677764848807,0.11508133827604447,-0.1251804585303508,0.28088870181051173,0.6769987588701492,0.49740005158234046,-0.245355078766264,26.35,False,False,13.473729661486262
500,bakerdu01,Dusty Baker,8021.0,15.0,2.1633346885602043,1.9128815599902491,2.413787817130159,0.07652698216194566,0.261114221859036,0.2894135952825952,0.17754548892465308,-0.24339904853818417,-0.410230035095953,37.0,False,False,16.566389830481302
501,mccarti01,Tim McCarver,6206.0,11.0,2.1619577591824295,2.103275160252359,2.2206403581125,0.21748207523110463,0.5996136467175679,-0.16392189832824514,-0.24562217949937362,0.03675848614866424,0.5383046002468937,28.34,False,False,10.671730756477118
502,aloufe01,Felipe Alou,7908.0,16.0,2.1585094875414943,1.6546167494970663,2.662402225585922,0.010849224695543235,0.6605880260891933,-0.02169661007269537,-1.1333225649257639,0.037994567225264175,-0.35642700169678093,42.32,False,False,16.74733588088675
503,davisch01,Chili Davis,9996.0,17.0,2.157365905824662,1.9218179519927372,2.392913859656587,0.043991923853073954,0.11314955198305865,0.4056843717207187,0.7520607173063292,-0.3487218133151706,-0.7599607182858754,38.36000000000001,False,False,21.310013268308868
504,leeca01,Carlos Lee,8786.0,14.0,2.1566644958634402,1.812897567216366,2.5004314245105146,0.04883383799955653,0.38338039472395286,0.4504417249392366,-0.5016259857824884,-0.2672673570715552,-0.6221173180699796,28.3,False,False,18.565317851767702
505,kendrho01,Howie Kendrick,6421.0,13.0,2.153154333755909,2.126732067604985,2.1795765999068326,0.17879836408383587,0.9076494878262956,-0.29867640437049414,-0.9251254019565581,0.17487875822617246,0.35565551710067,35.019999999999996,False,False,13.196805043808034
506,gamblos01,Oscar Gamble,5197.0,13.0,2.149145521718114,2.005049909119206,2.293241134317022,0.17847892252126799,0.12471795634318784,1.041071470271702,0.6458354833181815,-0.3670964713136045,-0.995659033318283,22.92,False,False,9.94110670180734
507,doranbi02,Bill Doran,5922.0,10.0,2.141385400306205,2.0203622189737334,2.262408581638677,0.17284470797597606,0.05457331252763569,-0.24551553668107765,0.9902429876624345,0.46207649547342455,0.4244771345421135,32.79,False,False,12.553726715204803
508,burnsto01,Tom Burns,5198.0,12.0,2.1381313491425993,2.0717186427940573,2.2045440554911413,0.20337168765117838,0.07479119355596536,0.218114137042017,-0.37421967907457054,-0.14595412341729083,0.7068603542744438,22.15,False,False,12.671669588146324
509,groatdi01,Dick Groat,8179.0,13.0,2.129919747793696,1.8210474018080283,2.4387920937793637,0.05592356286236939,0.8119381861018213,-0.8608005116437125,-0.8579919921211615,-0.8362562937052579,1.2000354455378932,36.81,False,False,17.109076416906014
510,gardnbr01,Brett Gardner,6614.0,11.0,2.1179012787395624,2.0425233710801716,2.193279186398953,0.15875100399766173,-0.1425355298730579,-0.4227007299571225,0.6234164870460248,1.1485777102679102,0.7556123110766116,44.28,False,False,13.491736277297276
511,wallati01,Tim Wallach,8908.0,16.0,2.1027516865897353,1.6171274831744542,2.5883758900050164,-3.502038375721457e-05,-0.3301978623881955,0.2604837270008467,-0.4951238529776761,-0.49186670765822044,0.5978913814801855,38.52,False,False,19.589979340434354
512,johnsda02,Davey Johnson,5465.0,9.0,2.09760114768571,2.0418663235455896,2.1533359718258307,0.2219848254736801,0.010489640505325668,0.4724961228145246,0.4369913438691279,-0.5322411723947654,0.4330703966514435,27.52,False,False,10.780845735566883
513,avilabo01,Bobby Avila,5343.0,10.0,2.097419865382446,1.9676814341994828,2.2271582965654093,0.1425447573910063,0.30509579463403785,-0.42133940015721644,0.22842965737633283,0.5732450309164796,0.48625185109339325,28.5,False,False,11.400950528309577
514,schulfr01,Frank Schulte,7413.0,14.0,2.095995561251663,1.7563728591985042,2.4356182633048227,0.06040169967559596,-0.008357564658574982,0.9708857970716296,-0.3004958500838206,-0.37005261394969763,-0.8065096182248429,23.09,False,False,15.281579416025307
515,gomezca01,Carlos Gomez,5227.0,11.0,2.0948525750004157,1.882663176406344,2.307041973594487,0.12083824876165626,-0.36204106730173125,0.04824285068576098,-0.8099863705185714,1.5957635164951427,0.6819999957439514,24.32,False,False,10.86277071515968
516,riosal01,Alex Rios,6927.0,12.0,2.093005887264619,1.714277495697798,2.47173427883144,0.03123127756448079,0.2605535246575431,-0.09766860601530718,-0.9421182869172403,0.8586670508361396,-0.04644537210039948,27.36,False,False,14.507305328697772
517,oglivbe01,Ben Oglivie,6598.0,14.0,2.0916378110908456,1.8345113812708111,2.3487642409108798,0.09756992677772526,0.12495142804343111,0.7005452378603619,-0.08406904167518466,-0.4364718585566991,-0.4901249148511216,26.37,False,False,13.942686805697338
518,brantmi02,Michael Brantley,6148.0,11.0,2.0837789870834387,1.923607236014435,2.243950738152442,0.14683691797436885,1.1713618534137074,-0.41337302997040143,-0.20563596540911372,0.06131561815764261,-0.3306384716673791,34.1,False,False,12.411284518003493
519,peraljh01,Jhonny Peralta,7319.0,13.0,2.0832816986890808,1.710080492490479,2.4564829048876824,0.04705427519432347,0.015406938665858962,0.18637282170584418,0.08929525475264491,-0.8377229122668326,0.30681556417115646,30.29,False,False,15.247045917580541
520,hartsto01,Topsy Hartsel,5793.0,10.0,2.0819650439829878,1.9720577710901155,2.1918723168758603,0.1794902680231145,0.07034368201464408,0.2961112842385558,2.331669017200394,0.2865273045713779,-0.9613292701501134,31.41,False,False,11.450459700902734
521,whitefr01,Frank White,8467.0,17.0,2.0745961109959383,1.8212279401977027,2.3279642817941744,0.07010695612615657,-0.3392834610213495,0.17538383584835682,-1.1846866973813535,-0.11482013764648635,1.2461376359041916,34.79,False,False,17.9055882489983
522,smallro02,Roy Smalley,6594.0,13.0,2.068830270500286,1.8484552447235145,2.289205296277057,0.10529662024812957,-0.21188108822707336,0.2597647402186954,0.9733292409304215,-0.683969355481152,0.3099776805285802,27.91,False,False,14.091960049936466
523,crandde01,Del Crandall,5581.0,13.0,2.0617369252228923,1.8799290116908636,2.243544838754921,0.13590712604348765,-0.3228184696214122,0.1314165004328825,-0.5764826955521348,-0.23779449340504333,1.3737771784788222,28.03,False,False,11.108614157844064
524,anderbr01,Brady Anderson,7737.0,14.0,2.057285935747954,1.4847404242584696,2.6298314472374384,-0.018299851509427714,-0.5793942369777227,0.11605662783910516,0.8409252779592207,0.729728533596507,-0.181819749617076,34.98,False,False,16.35046963058448
525,guillca01,Carlos Guillen,5277.0,11.0,2.0542800619491466,1.9501842472557893,2.158375876642504,0.17432062819798344,0.49325487700512444,0.07116927007753761,0.415741122473537,-0.22328917693227504,-0.07125905240470687,27.740000000000002,False,False,10.480160988296403
526,lansfca01,Carney Lansford,7905.0,14.0,2.0442463080187725,1.7985175885379059,2.2899750274996395,0.06801868376472996,0.7716928867749674,-0.34174370111108543,-0.5622231450019085,0.4302732295901273,-0.2388554019662827,40.43,False,False,17.08826208992067
527,higgipi01,Pinky Higgins,7554.0,13.0,2.0404208207038472,1.9233245018920202,2.157517139515674,0.12493436962796865,0.3567049974409717,0.30375923856720555,0.4199794207532654,-0.33789852394779357,-0.4070649542751585,25.77,False,False,14.985138052312307
528,wisesa01,Sam Wise,5140.0,11.0,2.039507571399596,1.895266932888014,2.1837482099111782,0.17085806277491453,0.1370054324003247,0.6978228559035533,-0.043275320248404386,-0.04628998409300041,-0.37189628769019706,20.26,False,False,11.860987585606814
529,beaumgi01,Ginger Beaumont,6281.0,12.0,2.0323175358038847,1.784745449890387,2.2798896217173827,0.09223147889345026,0.928265818390561,-0.11240340130119293,-0.25972079418178,0.058121576668783204,-0.6618366224103024,30.96,False,False,13.108512052076897
530,johnsla03,Lance Johnson,5800.0,10.0,2.024006149988356,1.915334951043055,2.132677348933657,0.17412548098199776,0.6432501026839371,-0.9951638431627546,-0.9209785961282948,1.3324903351176256,1.19274214613355,30.19,False,False,11.766514524458945
531,phillto02,Tony Phillips,9110.0,16.0,2.0237890294796843,1.741304059004027,2.306273999955342,0.05256932880175329,-0.14822978302304965,-0.38254534164240517,1.5968672527984684,-0.19039833925393276,0.35577487423468074,50.91,False,False,19.01583798560248
532,bottoji01,Jim Bottomley,8355.0,14.0,2.0222279492090434,1.4748350430784425,2.5696208553396445,-0.012446535910253666,0.24005011158024522,0.8354460394462041,-0.26380181558282056,-0.57564128560405,-1.255755355497507,35.85,False,False,16.866039616369918
533,griffmi01,Mike Griffin,6848.0,12.0,2.019753750365482,1.972658983028427,2.066848517702537,0.15385011883630456,0.17774740799363395,0.1492902008766793,0.8026995318815898,0.1768290589373898,-0.21107011453343685,40.87,False,False,14.040169544095578
534,hebneri01,Richie Hebner,7016.0,14.0,2.0167104279900023,1.9726977646454058,2.0607230913345993,0.1242550650512461,0.3526580284479992,0.5222784853312674,0.13653167720959217,-0.5168895960036209,-0.5009504860156546,32.98,False,False,13.819385982411301
535,meusebo01,Bob Meusel,6028.0,11.0,2.014973917600537,1.8485609821018059,2.181386853099268,0.13004574416936743,0.08854806285170705,0.9062273183526985,-0.6766625093544896,0.1498132201378619,-0.5785097063514574,28.43,False,False,12.119087155471522
536,garvest01,Steve Garvey,9466.0,16.0,2.0138888457708406,1.6395726438216496,2.388205047720032,0.026439289093295446,0.8267620851833027,0.21644069413598852,-1.247171916991841,-0.2756090587362069,-0.6712172356484354,38.1,False,False,19.645525211838955
537,holmeto01,Tommy Holmes,5565.0,9.0,1.985308389502129,1.956137689296129,2.014479089708129,0.18044326502793878,0.802824858398509,0.1256523506285134,-0.38757579564997396,-0.40972632415673726,-0.09184842849748404,35.410000000000004,False,False,11.895752774767313
538,rolfere01,Red Rolfe,5405.0,9.0,1.9844307360165454,1.9297243083211004,2.0391371637119904,0.15718946956307567,0.14226641467989845,-0.0349069500207313,0.12809225415571032,-0.39947853919412285,0.7606012933458339,28.900000000000002,False,False,10.576514310777902
539,lowelmi01,Mike Lowell,6498.0,12.0,1.9799594761637862,1.7741000545708,2.1858188977567723,0.09357379986525625,0.19605654634700057,0.2398662978064242,-0.18925985128311998,-0.4911847642494294,0.15420704086241885,24.85,False,False,13.547286714157247
540,pencehu01,Hunter Pence,7006.0,13.0,1.9780957266745038,1.7357952422424796,2.2203962111065283,0.07713926120257308,0.4807823560208884,0.32862437601225697,-0.3893585010974111,-0.13761281205233253,-0.5649281354619811,30.919999999999998,False,False,15.220185448426346
541,ziskri01,Richie Zisk,5737.0,11.0,1.971699075080235,1.7828739317773898,2.16052421838308,0.12862867485395,0.5570305487492797,0.7458712194042669,0.014789956929687766,-0.8538887492930892,-0.8916598817788692,25.09,False,False,12.155877217360242
542,victosh01,Shane Victorino,5164.0,9.0,1.9618067663043954,1.8882556955931094,2.0353578370156815,0.19142164663283556,0.2869161110851558,-0.1804541257328402,-0.4023954040762266,1.2354316813674053,0.38089711649011476,31.419999999999998,False,False,10.647367712112317
543,youngro01,Ross Youngs,5333.0,9.0,1.952207207661945,1.7995930248665784,2.1048213904573116,0.15178172810865145,0.613695773803171,-0.06274821970897825,0.7051930468102137,0.2570069256498567,-0.5486126768280671,32.42,False,False,11.468943458517815
544,crispco01,Coco Crisp,6627.0,13.0,1.9498901289713182,1.7185865149604935,2.181193742982143,0.0904631471332903,-0.041032658610174765,-0.41565381286748887,-0.03136751775147873,1.4626594617214632,0.44298163091625353,28.93,False,False,13.236858704080921
545,loganjo01,Johnny Logan,5893.0,10.0,1.9286142931649581,1.7582726201491659,2.0989559661807506,0.1352274233214805,0.05807446087854762,-0.3995154054725347,-0.49270891246206894,-0.5632797777383208,1.7162928785985785,33.29,False,False,11.56989111710792
546,pafkoan01,Andy Pafko,7026.0,13.0,1.9240246523542603,1.67006030226826,2.1779890024402606,0.07451035346435898,0.3054426774641078,0.4881621509040725,-0.6343554020544442,-0.45121081562557674,-0.27507236639046484,36.56,False,False,13.703702917734843
547,marioma01,Marty Marion,6141.0,12.0,1.9149556304533633,1.777317199774507,2.0525940611322193,0.12655566966267945,-0.2568082272341684,-0.5412202263977293,-0.5695197066458585,-0.5432172937385618,2.386189528953454,31.76,False,False,13.240605485918502
548,murcebo01,Bobby Murcer,7718.0,12.0,1.9132665551688333,1.7221341894318904,2.104398920905776,0.07793960506246674,0.2772733086488365,0.5288990924593324,0.618245456657215,-0.17536195757504647,-1.0410023258910037,32.08,False,False,15.382387143870822
549,penato01,Tony Peña,7073.0,14.0,1.9095714870917608,1.49510194343275,2.324041030750772,0.022767373356464678,0.04433239264451744,-0.5475124192733054,-0.7038326456378776,-0.0970038385718568,1.2690251488303725,24.73,False,False,14.44666374204553
550,santibe01,Benito Santiago,7515.0,16.0,1.9078996269833512,1.9483260100432285,1.867473243923474,0.11435870509848371,-0.08452409425687829,0.06134817225097756,-0.8437316872853906,-0.07597258800173892,1.0664095461448346,27.38,False,False,15.636557535557703
551,morneju01,Justin Morneau,6392.0,12.0,1.9076235308886704,1.5803810332094796,2.234866028567861,0.05562395339650612,0.3746803986085546,0.45608667530377184,-0.14039624548338978,-0.5468985350066372,-0.6243834536409456,27.02,False,False,12.737307422662882
552,moneydo01,Don Money,6998.0,14.0,1.9064653010247983,1.6998763919147586,2.113054210134838,0.08472929755898137,-0.027681122399909632,0.2636845583489583,-0.22842990037484032,-0.1845391696893834,0.27612586890344576,36.47,False,False,14.706528086693863
553,moonwa01,Wally Moon,5566.0,10.0,1.9058207491994286,1.6914933311306297,2.120148167268227,0.1180312656950356,0.6068097222324501,0.006570329516875402,0.6126133880157851,0.586347443858299,-0.9293941650858522,24.97,False,False,11.244313143447412
554,griffke01,Ken Griffey,8048.0,16.0,1.8964096120477612,1.6767690833392128,2.1160501407563093,0.07490849377241511,0.7910105832840674,-0.133485054605528,-0.015634708277833854,0.006637794667342574,-0.6072473673504878,34.54,False,False,16.310772227853853
555,pendlte01,Terry Pendleton,7637.0,14.0,1.8955940697308387,1.3936406281059082,2.397547511355769,-0.011146667393135615,0.060195947509916366,-0.4423860905516949,-0.8111357399063899,-0.032358532454103715,0.9392990137772366,28.38,False,False,16.578723874585666
556,hillaa01,Aaron Hill,6214.0,12.0,1.8451321107546452,1.6405305116851814,2.049733709824109,0.05954615767895353,-0.035435474761746175,0.04937633208007459,-0.38184098951148376,-0.27499406613124966,0.6052370302386414,24.37,False,False,13.048057372356324
557,hardyjj01,J. J. Hardy,6309.0,12.0,1.844957202148691,1.5949259526758222,2.09498845162156,0.08215548177541793,-0.30107734384358875,0.14626742758680564,-0.4470524169069395,-0.9405750543802107,1.3368060189058395,28.15,False,False,13.141976339978498
558,hayesvo01,Von Hayes,6052.0,11.0,1.8440539367713513,1.6331564773141392,2.0549513962285633,0.10114996849595277,-0.05945706774240155,0.06726484171508537,0.8188962958894414,0.711718526972442,-0.2712692299102036,29.889999999999997,False,False,12.852221083285224
559,mosebll01,Lloyd Moseby,6574.0,12.0,1.8431569671757462,1.6017864899851697,2.084527444366323,0.036490574488736056,-0.4089394920403974,0.2284386118295983,0.1671549729355021,0.6184295222873009,0.06041194514847752,27.49,False,False,14.22902313190231
560,samueju01,Juan Samuel,6664.0,12.0,1.8350930635450462,1.6053699157833208,2.0648162113067716,0.06418813969009918,-0.2591210556573641,0.49762008285913967,-0.7526276070023284,1.4486736642775162,-0.38483087098976126,16.98,False,False,13.716123534699411
561,daubeja01,Jake Daubert,8742.0,15.0,1.8323066794615905,1.498351749139567,2.166261609783614,0.015873368682662686,0.5705276681220847,-0.11655103350666998,-0.2389419909262467,-0.07278510082399514,-0.4457345626346876,39.77,False,False,18.41575246798537
562,elberki01,Kid Elberfeld,5272.0,10.0,1.826338681587317,1.7155370933580076,1.9371402698166265,0.1473415000199578,0.1965552905162925,-0.37179207861884933,0.2461141346786067,0.20467042513370712,0.774170402347467,32.93,False,False,10.302652820600022
563,murphda08,Daniel Murphy,5752.0,10.0,1.8113518565003854,1.7215484897626616,1.9011552232381093,0.1592418321899682,1.0778060533889062,0.03797856916126633,-0.7276701221889643,-0.18894627059217975,-0.41915957648484553,20.75,False,False,12.092617632647872
564,adcocjo01,Joe Adcock,7304.0,17.0,1.8101848739119886,1.6306450326326971,1.9897247151912798,0.06353986043722912,0.1790939813460363,0.8622153072660067,-0.4182872773338744,-0.5307227748310077,-0.7697596046494777,33.51,False,False,15.251845662527398
565,garneph01,Phil Garner,6860.0,13.0,1.8055888863037897,1.532352416853391,2.078825355754188,0.0604484342385324,-0.21833434803370672,0.029715336342744328,-0.17583191191879688,0.4241029708304497,0.461035159273279,29.71,False,False,14.501145604349048
566,wellsve01,Vernon Wells,7212.0,12.0,1.8013821842129492,1.4045161188514712,2.198248249574427,-0.00047533274962859154,-0.03180774959876629,0.40227631044516177,-0.7166606811915459,-0.28053038543748887,-0.0594839717032188,28.55,False,False,14.503556122777143
567,hendrge01,George Hendrick,7825.0,14.0,1.8007438487156948,1.5351761016729992,2.0663115957583904,0.05519130973595747,0.3444913233099357,0.6342883291446061,-0.4458671343958315,-0.6631984402020181,-0.6376801427031,29.11,False,False,15.494379304570561
568,steinte01,Terry Steinbach,5896.0,13.0,1.7997805737159154,1.6288040000972046,1.9707571473346264,0.11386472237153802,0.16128418981816123,0.014703553148586904,-0.48617976017034414,-0.45986785437115785,0.7783658046783191,27.99,False,False,12.680078689151692
569,andruel01,Elvis Andrus,8602.0,14.0,1.7959161561074768,1.4227093184064425,2.169122993808511,0.019926630247195168,0.2940212633154387,-0.9121273835771585,-0.24136405328392946,1.2151925330751896,0.5398780917329257,34.53,False,False,18.261199452838884
570,thornan01,Andre Thornton,6293.0,12.0,1.7933665919971102,1.531750311141004,2.0549828728532162,0.07282107265902037,-0.36403756264974213,1.0150358562864994,1.381523884762869,-0.3197411791424999,-1.1432834299702186,24.18,False,False,13.077060656395759
571,combsea01,Earle Combs,6507.0,11.0,1.7871173259419755,1.7032051521429539,1.871029499740997,0.12946735107186133,0.5658124322718711,-0.034571246440164544,0.5510811949331628,-0.15910765059172824,-0.3455117955589702,44.94,False,False,13.319923395503007
572,vidrojo01,Jose Vidro,5708.0,11.0,1.7851310791538655,1.4402523766316722,2.130009781676059,0.02370866917057495,0.8180741736527054,-0.18612387870729993,-0.14257941092930618,-0.7879030437863886,-0.364140869207386,17.36,False,False,11.601816381692483
573,morrijo01,John Morrill,5274.0,13.0,1.7794964862825515,1.629768311410539,1.9292246611545643,0.13125227367004008,-0.1688476100212761,0.4427009896730268,0.5612838963532958,-0.9247564426353001,0.03990653875040703,23.02,False,False,14.21008420246161
574,burleri01,Rick Burleson,5717.0,10.0,1.7726735520313472,1.6928464242614496,1.8525006798012449,0.15783149765991933,0.31907107969125525,-0.41050988659525195,-0.283863391846676,-0.41110145687577637,1.2737981230168178,22.78,False,False,12.12749557278045
575,patekfr01,Freddie Patek,6246.0,13.0,1.7617826864254824,1.5429247387508973,1.9806406341000677,0.08580357170640286,-0.5389853218635976,-0.47914473779140465,-0.03573340701254817,2.10237108989319,0.9228941065741969,24.05,False,False,13.285816992883722
576,mcnaihu01,Hurley McNair,3404.0,10.0,1.746622292681154,1.6875087784224083,1.8057358069398999,0.2725935443404641,0.5270084722720032,0.22420844138129362,0.4622375966014576,0.9577376306425561,-0.4738452623996315,21.909999999999997,True,True,11.556066557537923
577,torgeea01,Earl Torgeson,6037.0,12.0,1.7336388788467587,1.6168621304128976,1.8504156272806198,0.10935343217169483,-0.27337887752443846,0.032737932771306266,1.6593544079103644,1.4349522708986826,-0.6394247614163509,33.08,False,False,12.163288598685362
578,woodge01,George Wood,5821.0,13.0,1.7320054425233338,1.5870197236462955,1.876991161400372,0.09761509508419026,0.12254205561971461,0.7808000706034575,0.10906108764438609,-0.9970627014206196,-0.6850803263794637,19.240000000000002,False,False,14.056152558945914
579,thomsbo01,Bobby Thomson,6957.0,12.0,1.72938393432416,1.5233362209814554,1.9354316476668645,0.04253825310541367,-0.18279457249101844,0.7589911269818119,-0.6042043219956578,-0.3561153566962789,-0.1714437268631535,33.78,False,False,14.122420247154656
580,hoopeha01,Harry Hooper,10244.0,17.0,1.7254046232911713,1.33636349026481,2.1144457563175325,0.00245280782701499,-0.10735188342389966,-0.03435705075742435,0.8594224502728587,0.2170833823094727,-0.31342547588410474,53.160000000000004,False,False,21.361839487544312
581,uribeju01,Juan Uribe,6715.0,15.0,1.7237960502875922,1.2759703874245774,2.171621713150607,-0.006197056410446765,-0.4405893684020456,0.1709421279011543,-0.755017276450043,-0.4789418880106888,0.990465160929469,22.56,False,False,13.8073135272766
582,downibr01,Brian Downing,9309.0,18.0,1.7223058913332192,1.7218539838236118,1.7227577988428269,0.08828793355777294,0.09972011339102407,0.36514680189913096,1.1075533712558698,-0.5699106683629724,-0.5246820565928163,51.519999999999996,False,False,19.60746684512633
583,choosh01,Shin-Soo Choo,7157.0,12.0,1.7216598058556452,1.4500126222742287,1.9933069894370616,0.048204876046323564,0.3941672420344072,0.11238664289169241,1.1868644635646153,0.11194185512386415,-1.2021692786846032,34.68,False,False,14.626981848587596
584,kammwi01,Willie Kamm,6935.0,12.0,1.7137984747628008,1.6217963493373082,1.8058006001882936,0.11673760067030477,-0.2908344156421148,-0.2566247496755266,1.111561432038815,0.14737789838649976,0.7754070861153286,35.54,False,False,14.12916208640999
585,varitja01,Jason Varitek,5839.0,12.0,1.7054373529896258,1.5512121534455583,1.8596625525336934,0.11287289384738602,-0.44523974996379717,0.3026497894332115,0.5682709369712025,-0.35489306643226876,0.6715604747633417,24.24,False,False,11.318583422419453
586,boonebr01,Bret Boone,7432.0,13.0,1.699363851935883,1.1495669060703078,2.249160797801458,-0.0692432659963187,-0.2717912580703,0.41948887041868566,-0.3770930772216874,-0.4196494323455413,-0.16939149372055756,22.82,False,False,15.519619792236007
587,furilca01,Carl Furillo,7022.0,13.0,1.6987172831869586,1.5335680132017189,1.8638665531721983,0.08980556150703385,0.7093723741385382,0.14478276810158475,-0.816887054176182,-0.2917037577187184,-0.27790949987756497,34.64,False,False,14.590112684166309
588,lollash01,Sherm Lollar,6218.0,14.0,1.6965698445910986,1.626587581494209,1.7665521076879882,0.13554739059587023,-0.05917640991392033,-0.1081326944171796,0.32242103793786325,-0.3714610594366534,0.953220620225396,30.06,False,False,12.746326589763594
589,schwaky01,Kyle Schwarber,5384.0,10.0,1.6944802086647341,1.499756649494285,1.8892037678351832,0.1021289427755648,-0.7576563412741587,1.6758650632584957,1.7333980332746917,-0.6059797220189527,-1.4303775247265509,22.38,False,False,12.376698699052774
590,judgejo01,Joe Judge,9171.0,17.0,1.6866756733218011,1.3795447023846077,1.9938066442589948,0.028563954353970616,0.04145372884074998,0.036165540098879366,0.759952593321651,0.20250814003433287,-0.4548394983175829,48.38,False,False,18.543682334208224
591,grissma02,Marquis Grissom,8959.0,15.0,1.6863039261870019,1.0806532872314798,2.291954565142524,-0.050633716651123394,-0.06566754151140919,-0.3422536587331893,-0.9270553293767374,1.1195194389853569,0.2624811623069709,29.59,False,False,18.929473884831783
592,rayjo01,Johnny Ray,5657.0,9.0,1.6862429009952153,1.686180291907112,1.6863055100833184,0.12846349253487702,0.8213096872850874,-0.39269506936881243,-0.7760230371353971,-0.3855274779531445,0.5801707933442435,24.18,False,False,11.93393499564431
593,stephri01,Riggs Stephenson,5134.0,12.0,1.6683356883492868,1.6500357423843606,1.6866356343142128,0.17729724828407603,0.9988413257656993,0.08318461849209416,0.3994900999417853,-0.5055253028856181,-0.6835350734943936,32.68,False,False,10.235370621998415
594,bicheda01,Dante Bichette,6855.0,12.0,1.6665575809991262,1.4123507520111604,1.9207644099870922,0.046156461073907556,0.8015185245887365,0.5829080487562234,-1.1994072397407682,-0.10231526826874929,-1.1949963006431432,5.65,False,False,14.47153750374822
595,bushdo01,Donie Bush,8734.0,13.0,1.6643295118608843,1.1479829199398035,2.1806761037819653,-0.02841352148943958,-0.44068467969422187,-0.8826567789918297,1.6892651751400054,0.6968686945389059,0.6498776457424238,40.23,False,False,17.98780530095521
596,floodcu01,Curt Flood,6958.0,12.0,1.662234944646502,1.5117878684350674,1.8126820208579364,0.08752868662384652,0.8494228849344873,-0.8985589189086518,-0.8000995325434662,-0.0829226042803186,0.9528585524923722,41.89,False,False,14.629770000497931
597,piersji01,Jim Piersall,6591.0,12.0,1.6604963475439773,1.368712860106415,1.95227983498154,0.029056158900031548,-0.017653885383535774,-0.7072866315342999,-0.5615530818833613,0.6253028556878261,1.200816682974679,29.34,False,False,13.011218481294287
598,thomacl03,Clint Thomas,3561.0,10.0,1.6571807209600657,1.6149152847242905,1.699446157195841,0.30535957100211314,0.04554643788267526,0.5826612576166149,-0.2810337630839696,1.695606336937135,-0.1227999751649524,15.459999999999999,True,True,11.04550661883734
599,doyleja01,Jack Doyle,6589.0,15.0,1.6569833138388472,1.3039752950964805,2.009991332581214,0.02245885441956412,0.32038595808461456,-0.3306628831292876,-0.3029242989078406,1.2636426956449431,-0.3526495387037209,24.85,False,False,13.681474218822082
600,seageky01,Kyle Seager,6204.0,11.0,1.655416304013909,1.485829674162897,1.8250029338649212,0.08973539033380214,-0.3143271846778334,0.3928983687354791,0.032685461538480474,-0.21068474811347726,0.41981981887004055,36.99,False,False,13.926725171682628
601,saxst01,Steve Sax,7632.0,11.0,1.6508706493326422,1.4628716075859165,1.838869691079368,0.044758637289069564,0.5474239626853113,-0.8209359435455988,-0.44572022028233277,1.404930215528273,0.15445616011280902,25.7,False,False,15.83098387755777
602,skowrbi01,Bill Skowron,6046.0,13.0,1.6504795986547387,1.3471181895470206,1.9538410077624568,0.04439146391303877,0.4790872080082769,0.3510576378993821,-0.8818275563285503,-0.448479899398996,-0.35810622143252174,26.94,False,False,12.52925167554729
603,wardjo01,John Ward,8114.0,16.0,1.6494064586999067,1.2837475250666688,2.0150653923331445,0.006535757850522285,0.23791113622759075,-0.7335048538312584,-0.6246360198727609,1.4457986125079934,0.6640179187312837,62.31,False,False,18.905278599120862
604,engliwo01,Woody English,5469.0,10.0,1.6479494511814028,1.5592094840479302,1.7366894183148753,0.13198674440663674,-0.07963107963014703,-0.49456939990657134,0.5328777981158438,-0.2901076148533279,1.3998493497070033,27.12,False,False,10.97875623450947
605,bailebo01,Bob Bailey,7043.0,13.0,1.6363016792335814,1.389319831339461,1.8832835271277015,0.04869671782163411,-0.09730798477127456,0.15084659640701842,0.8480351991604446,0.007568283853534383,-0.2646260698524347,28.83,False,False,13.78403443546923
606,sundbji01,Jim Sundberg,6898.0,13.0,1.636010626968846,1.356085714403463,1.915935539534229,0.04716794855722502,-0.388095465909855,-0.6053489302399323,0.3013231992128165,-0.4566072589397379,1.8036483668742667,40.47,False,False,13.86916683207565
607,pradoma01,Martin Prado,5861.0,11.0,1.635409361965578,1.3984495434760271,1.8723691804551292,0.07362877972593694,0.7733370500468291,-0.617172108637163,-0.5884597804983454,-0.4526616016846275,0.6544571776066715,27.48,False,False,12.355826228759112
608,thompro01,Robby Thompson,5235.0,10.0,1.63473565780212,1.528104020494585,1.7413672951096546,0.11443779917193143,-0.25350504273277,0.3857512248186637,-0.1872626939346683,-0.18149901879554547,0.5582005790959237,33.85,False,False,11.16016298999483
609,cashda01,Dave Cash,6057.0,11.0,1.6268108289074368,1.3786228051039389,1.8749988527109345,0.06358603379844015,0.5540647029738014,-0.6668295014936572,-0.5217551374148585,-0.07379832137603463,0.7848540961674308,25.56,False,False,12.261682253713623
610,mondari01,Rick Monday,7162.0,15.0,1.6244608989030132,1.6696029829759422,1.579318814830084,0.11499606965131323,-0.13202582171925928,0.7889687030258012,1.0982069783389616,-0.23554680164481318,-0.8417640620503211,33.14,False,False,14.336569761437044
611,turnete01,Terry Turner,6658.0,15.0,1.6202231671057359,1.390295176003962,1.8501511582075099,0.05678123869302035,-0.2467359018679485,-0.44863027015384593,-0.4267234864971623,0.05685824529102478,1.5118880721008618,38.15,False,False,13.750896010055273
612,hendeda01,Dave Henderson,5677.0,12.0,1.6187093378730848,1.3170905648809756,1.920328110865194,0.04524246342469159,-0.21597525001745577,0.6300520370501697,-0.21498169070374765,-0.7629109236267333,0.0940434437396279,27.62,False,False,11.711802895025473
613,bruceja01,Jay Bruce,6641.0,12.0,1.6175806562772892,1.3672526299024659,1.8679086826521125,0.051846072956150464,-0.5812256469760183,1.0576003373309473,0.1643077173063091,-0.5433548695938414,-0.26580809460787536,19.68,False,False,14.336312823737174
614,vernomi01,Mickey Vernon,9834.0,17.0,1.6059514202751384,1.0508379565535373,2.1610648839967395,-0.04275101002157498,0.36880660922831005,0.046286684008586945,-0.12210516935704954,0.39666003580005893,-0.9736724231847248,35.23,False,False,20.362628116292832
615,blausje01,Jeff Blauser,5271.0,11.0,1.6010901785102736,1.4158209948446068,1.7863593621759404,0.09098888445578385,-0.12498930580382833,0.2052343316649477,0.660134486012875,-0.4265142889769697,0.21776678496928747,20.94,False,False,11.02079658956756
616,gagnegr01,Greg Gagne,6207.0,13.0,1.5922887190818695,1.4097337045882068,1.774843733575532,0.08373663536738404,-0.3814845967762344,0.03170861534315887,-0.7461728272358128,-0.18708149142679847,1.4099743083178395,26.259999999999998,False,False,13.375951327752786
617,sandopa01,Pablo Sandoval,5052.0,10.0,1.5823821516453733,1.3943248460351405,1.7704394572556061,0.07641061735618504,0.47571799080253063,0.12966213177450978,-0.4351927048608119,-0.5677552044414615,-0.024543142433498373,19.07,False,False,10.31363930110433
618,desmoia01,Ian Desmond,5944.0,10.0,1.5552386965054839,1.5096234280551826,1.6008539649557851,0.08976685170751313,0.06527343183163507,0.19628532572428983,-0.5155781609293848,0.684940801969881,-0.028185198316569817,15.86,False,False,12.929619988186266
619,whitero02,Rondell White,5852.0,12.0,1.5537882325642889,1.3147196298823451,1.7928568352462326,0.05630905465409815,0.3198684142610208,0.0732046867337379,-0.9760936463223845,-0.2888944827799039,0.3244296863294971,28.209999999999997,False,False,11.668506074857964
620,matthga01,Gary Matthews,8189.0,14.0,1.5459983720312134,1.3183894809420484,1.773607263120378,0.04804556943489141,0.34617134962435386,0.3507678536267144,0.768244210084211,-0.05149893559724161,-1.16355359494563,30.41,False,False,16.74338778531311
621,creacde01,Dewey Creacy,3990.0,11.0,1.5436205088305508,1.2999116529753745,1.7873293646857271,0.09388341029936458,0.04850069327396153,0.5621861487407447,-0.09330428915496072,-0.09941777806975596,-0.35025217791287805,15.68,True,True,12.327916366733152
622,kleskry01,Ryan Klesko,6516.0,13.0,1.542932234514659,1.37769910154533,1.708165367483988,0.07937496511370684,0.05797169828916064,0.666652818080688,0.7818958464941962,-0.14760729424354227,-1.0072062251115657,26.95,False,False,13.847151645598743
623,titusjo01,John Titus,5818.0,11.0,1.5423402854032107,1.4628408949942011,1.6218396758122204,0.12626428914752547,0.4138443166227419,0.526226708224166,0.8984818235317245,-0.7368392608130537,-0.8596063728920696,30.22,False,False,11.966956407007267
624,jacobba01,Baby Doll Jacobson,6072.0,11.0,1.5292226767270614,1.2653076051142147,1.7931377483399082,0.017758730532607837,0.32744619592969354,0.34635543384618434,-0.7619478617950735,-0.5784107139415141,-0.25172950413248374,29.24,False,False,12.158108883198208
625,moseswa01,Wally Moses,8253.0,16.0,1.5283410633802084,1.2655879142361057,1.791094212524311,0.034602902112121726,0.25951871110901853,-0.10906061139276753,0.07452159318029368,0.6844872551093591,-0.4321770631585942,36.45,False,False,16.236399982266505
626,merklfr01,Fred Merkle,6426.0,12.0,1.5252510293139812,1.3302524095078603,1.720249649120102,0.0349091137087574,-0.008877264914946656,0.5042930249722436,-0.22082945355931485,0.4214498216062629,-0.6688882555656323,19.49,False,False,13.37819034486214
627,baergca01,Carlos Baerga,5895.0,10.0,1.5189194414184914,1.256738662724907,1.7811002201120758,0.02900704831086714,0.7798289847683225,-0.027935445960147944,-1.1390050733898436,-0.6067736264158002,-0.1099157167551042,19.57,False,False,11.510963386510888
628,pippwa01,Wally Pipp,7820.0,14.0,1.504941318383873,1.1671945697127863,1.8426880670549595,0.008967079038015625,-0.22956553341696626,0.44205216336258374,-0.09404872541019378,-0.41571440170309776,-0.01901298617170229,31.44,False,False,15.979716639120548
629,youngmi02,Michael Young,8612.0,13.0,1.500134683737171,1.1394309576796033,1.8608384097947384,0.0026712148559469018,1.0135389308472396,-0.22985777937647484,-0.5034837313607277,-0.33109200982936193,-0.7448777823313678,24.669999999999998,False,False,17.895567926144274
630,lewisbu01,Buddy Lewis,5937.0,10.0,1.496150497737233,1.2961199411969138,1.6961810542775524,0.07067472718659222,0.4329716109191558,-0.12575876730026828,-0.020368985552557922,0.16419754268708683,-0.1793599080626347,29.23,False,False,11.870336160904813
631,morame01,Melvin Mora,6158.0,11.0,1.4945033875826277,1.2769949051042433,1.712011870061012,0.05904584707807646,0.22632949717164189,-0.20847266326261407,-0.16435024172396145,0.008690579505650428,0.3462738156359963,28.25,False,False,12.34596540915297
632,weavebu01,Buck Weaver,5292.0,9.0,1.4934158102824302,1.344655297349502,1.6421763232153581,0.07448296145129116,0.1638425669821097,-0.04766808397238573,-1.3990493787446034,0.08698320244095059,0.8541861708936963,21.6,False,False,11.20768676207809
633,kingmda01,Dave Kingman,7429.0,15.0,1.4930873127349111,1.0090355273052314,1.9771390981645909,-0.051305600052696375,-1.0706827102278724,1.8404320797720637,-0.2995323806355896,-0.2832341974811321,-1.1197687655214084,17.28,False,False,15.29404097561962
634,ricesa01,Sam Rice,10246.0,17.0,1.4877508975766518,1.2978997441862214,1.677602050967082,0.022955394289830122,0.5892589269715706,-0.43847138294597404,-0.43736278814087054,0.7625693475446439,-0.27400762429113074,54.699999999999996,False,False,20.599945812901414
635,laryly01,Lyn Lary,5424.0,9.0,1.4852183316748704,1.4291135998608417,1.5413230634888988,0.13716811332119383,-0.3897562458266306,-0.31076233389927865,1.0815933970135168,1.5177655593115995,0.4369389580322749,19.98,False,False,9.985237563895158
636,staubru01,Rusty Staub,11229.0,19.0,1.4812394960120854,0.8501727487886913,2.1123062432354796,-0.058242592063941084,0.36917471013157566,0.20872166926512026,0.6364699429399914,-0.657213250989237,-1.1476858753901267,45.75,False,False,22.455318559211545
637,speiech01,Chris Speier,8155.0,17.0,1.4803623065254823,1.1669531251631318,1.793771487887833,0.012594635459423593,-0.5215192196751592,-0.16728699129207464,0.6138900757639342,-0.7187666149634091,1.1486207633477064,30.64,False,False,16.64532815459302
638,anderjo01,John Anderson,6773.0,13.0,1.4765315850376761,1.2900539178025896,1.6630092522727629,0.06537019827891405,0.17946362236834615,0.6343540075871327,-0.8982065933732942,0.3741761083417773,-0.6318602110228891,28.259999999999998,False,False,13.923717109375502
639,stonejo01,John Stone,5006.0,9.0,1.4698425658230083,1.4154119518303832,1.5242731798156337,0.13939186288265332,0.3862052297346753,0.32979405368233766,0.265081399135285,-0.336213356726348,-0.3414736319167213,26.93,False,False,9.308669869078054
640,runnepe01,Pete Runnels,7328.0,13.0,1.4691234947351988,0.9666264516785896,1.971620537791808,-0.07178633512242882,0.736267509840167,-0.8999507142182076,0.6040249671423165,-0.39968552343050484,-0.21557659090098907,29.89,False,False,15.481807182914292
641,pierrju01,Juan Pierre,8278.0,14.0,1.4687411306437783,1.0345456811096179,1.9029365801779388,-0.019427929511442135,0.7524650081468075,-1.7329602217562372,-1.0230226089349008,3.0524937293015624,0.3588676126736032,17.26,False,False,17.559643362108048
642,boonebo01,Bob Boone,8148.0,17.0,1.4651859630275876,1.0302326009915337,1.9001393250636416,-0.030150770057787213,-0.23898780941956593,-0.709650058325026,-0.25957655282953707,-0.3966898625191215,1.600336159002281,27.41,False,False,16.648925429124258
643,tartada01,Danny Tartabull,5842.0,11.0,1.4627903314037456,1.2003693820065948,1.7252112808008964,0.03547206888600852,0.046150368019277195,1.2293363254386418,1.1765780420032905,-0.8231568066082492,-1.912580313454356,23.3,False,False,12.440677206540261
644,jenkige01,Geoff Jenkins,5254.0,11.0,1.458248541867795,1.3063759582401437,1.6101211254954464,0.04179112627345614,-0.03368710776758607,0.6246723252230323,-0.3781707116225153,-0.7598608886666385,-0.1085063946713114,21.94,False,False,11.09351288456377
645,boonera01,Ray Boone,5297.0,11.0,1.4575575215003893,1.226106167057467,1.6890088759433117,0.053228282280295754,0.11706093475393418,0.17791932826563414,0.32816797062157893,-0.47847523172783957,-0.10117535257474351,25.8,False,False,11.059671609368362
646,mcreyke01,Kevin McReynolds,6039.0,11.0,1.4562047258783948,1.3102242399351665,1.6021852118216229,0.0674970651688985,-0.078671559144198,0.6695770107094918,-0.08923608837260091,-0.5031866447394611,-0.2526614849474172,30.1,False,False,12.89384602682693
647,versazo01,Zoilo Versalles,5578.0,10.0,1.4501680595816984,1.2420030657661199,1.658333053397277,0.022145319335319016,-0.3850245440312998,0.0659840845287881,-0.8612437230210713,0.21549295345049202,0.9121626707156522,12.58,False,False,11.464539671169076
648,spande01,Denard Span,5956.0,11.0,1.4492055224064901,1.219163506706636,1.6792475381063443,0.05329457282811359,0.549347107112962,-0.8188003213132226,0.0004126603108093701,0.5826008358862402,0.37914593734243396,28.04,False,False,12.8624267531316
649,castilu01,Luis Castillo,7471.0,13.0,1.4419070787628496,1.1383174364335589,1.7454967210921402,0.019191608893366945,0.6105929687333777,-1.5021348644489174,0.6186362890613694,1.7302719214706321,0.25881678277414344,29.07,False,False,14.911080287775908
650,lacyle01,Lee Lacy,5004.0,13.0,1.439982241021004,1.2287049127650487,1.6512595692769592,0.07598719492697842,0.6855668485988808,-0.17516931037006878,-0.394141429754343,0.4735892623714831,-0.42538424901689603,20.19,False,False,9.746550269086706
651,callijo01,Johnny Callison,7437.0,13.0,1.439877603046797,1.2338286492961192,1.645926556797475,0.025332216253412223,0.018722232317989213,0.5588446934376449,-0.05393931719448039,-0.28340098186468715,-0.5710191578368061,38.43,False,False,14.954396398751749
652,maybejo01,John Mayberry,6446.0,11.0,1.439183528723387,1.1390053010909122,1.7393617563558617,-0.021930595766149252,-0.4319276171564227,0.8690801850399291,1.2765120800533332,-0.5204491674165573,-1.1434132869743934,24.970000000000002,False,False,13.323508868892926
653,abreujo02,Jose Abreu,6220.0,10.0,1.4371636786600535,1.2849581394092708,1.5893692179108363,0.0675034647755229,0.8914846769460393,0.4875083635392468,-0.7129846103425402,-0.523901498397851,-1.1125291824801191,29.48,False,False,13.832826789576007
654,schalra01,Ray Schalk,6217.0,13.0,1.4328395062194332,1.2061817601602307,1.6594972522786358,0.045981883899432065,-0.486875508901168,-0.6846590399991408,0.7230819374205447,0.392803061744467,1.4292687432651172,33.4,False,False,12.24319030223203
655,beltbr01,Brandon Belt,5483.0,12.0,1.4312192184439017,1.2830388460021802,1.5793995908856229,0.09150357824784669,-0.009390005773226835,0.338243504760385,0.9813533869654889,-0.14202735373857645,-0.45542537385495996,29.92,False,False,11.82846907103775
656,ferreri01,Rick Ferrell,7072.0,16.0,1.4224136411585222,1.050118660403565,1.7947086219134794,-0.005912008429277495,-0.058462792968475584,-0.717289954329917,1.2118544421317143,-0.4961691948335928,0.7762264551521406,30.51,False,False,13.492563161281053
657,clenddo01,Donn Clendenon,5112.0,10.0,1.413544525264774,1.2569046795573768,1.5701843709721712,0.09601282746260904,0.5311772833670153,0.3813961409044641,-0.5254701877598573,0.5418302715798822,-0.8969760410041863,20.029999999999998,False,False,10.254134499915116
658,davisal01,Alvin Davis,5010.0,8.0,1.4074532041255927,1.3372950101288017,1.4776113981223835,0.09044862238634796,0.44801093434266315,0.4095083184485297,1.274144672737499,-0.593082513039273,-1.1745668471041626,20.0,False,False,10.359420318168842
659,thompja01,Jason Thompson,5686.0,10.0,1.39616469867117,1.2938501437720926,1.4984792535702471,0.04411093514488757,-0.36382128034480793,0.6565314410207185,1.539512208593078,-0.5986708266183419,-0.6889312562767957,24.94,False,False,12.093122118297224
660,chaseha01,Hal Chase,7939.0,15.0,1.39023879901689,1.039345420963522,1.7411321770702584,-0.0010077878722697345,0.6383794717904272,0.3404291786139844,-1.3239643960281395,0.5344775239867638,-1.078508478947278,24.380000000000003,False,False,17.00729347082654
661,casege01,George Case,5515.0,9.0,1.3865647232857647,1.2894156280718017,1.4837138184997278,0.08083658626176779,0.1367271135502854,-0.9305926088632877,-0.5123893558614082,4.43298681295856,-0.36531755427023344,17.76,False,False,10.93824920609246
662,tennefr02,Fred Tenney,8809.0,16.0,1.3824737673458651,1.0298417312223545,1.7351058034693756,-0.007033429101022378,0.3832191833511998,-0.7194214833890229,0.9214493059846124,-0.341458837542546,0.19935509799397366,44.05,False,False,18.155679556015095
663,erstada01,Darin Erstad,6615.0,12.0,1.379121724233902,1.1520638627034283,1.6061795857643757,-0.01712199665446688,0.26731035509655926,-0.8744146006635433,-0.7238006282911862,0.6158765438292184,0.8790084273091253,32.29,False,False,13.0020109458267
664,hortowi01,Willie Horton,8052.0,16.0,1.3761089397804653,0.9281243072907467,1.8240935722701839,-0.03151417886914806,0.23510674414877114,0.7961779498497016,-0.36929203357144746,-0.7677403807089352,-1.1359817282032578,26.46,False,False,17.003638455020813
665,sweenmi01,Mike Sweeney,5848.0,12.0,1.3732741701987012,1.2134705797012546,1.533077760696148,0.06692550970150443,0.8319268610581236,0.1884988340669891,-0.28690857135162223,-0.15123009640956014,-0.9769416602995556,24.78,False,False,10.915383429139794
666,crosefr01,Frankie Crosetti,7273.0,13.0,1.3650999651869333,1.1109204306701232,1.6192794997037436,0.011903890868434328,-1.0605580976183713,-0.13157813975225952,0.4929944670433646,0.34258222884903083,1.4299354624519196,24.240000000000002,False,False,13.89660711451284
667,figgich01,Chone Figgins,5360.0,9.0,1.364440961849366,1.255705045526125,1.473176878172607,0.05057877123456051,0.31109222660830027,-1.316575408624303,0.3581353698306538,2.71632162390422,0.22389013232936944,22.04,False,False,10.449092291383396
668,sciosmi01,Mike Scioscia,5056.0,11.0,1.3632061275405558,1.1902740436893797,1.5361382113917321,0.07484715095545831,-0.03140834599945166,-0.6558110044559214,0.7904790692402632,-0.35359365985768115,1.1866220757690602,26.09,False,False,10.770828192016195
669,youngch04,Chris Young,5316.0,11.0,1.3350723507526145,1.1430182233309811,1.527126478174248,0.06248167185275364,-0.9572302955790388,0.5648229135180804,0.39882091702648886,0.3182489626606152,0.5424844925116541,16.64,False,False,11.020041807911355
670,wertzvi01,Vic Wertz,7021.0,14.0,1.3346413152727337,1.079214374242841,1.590068256302626,0.02237406563506369,0.06002343674284405,0.6733972078961872,0.47998446485774454,-0.7663624921992944,-0.8450716251124534,26.88,False,False,14.318075832294081
671,burnije01,Jeromy Burnitz,6579.0,12.0,1.330455198160159,0.9333613574330607,1.727549038887257,-0.029034941151166192,-0.7606327177945251,0.9003317552472334,0.4911172164217769,-0.5226476437660315,-0.33895804826276615,19.87,False,False,13.45737840422136
672,belanma01,Mark Belanger,6602.0,14.0,1.325947197856995,0.9558823151874463,1.6960120805265435,-0.014548617173588928,-0.9481469495505298,-0.9958881430019795,0.061224645279499786,0.3172373916577514,2.654078534492193,40.93,False,False,13.69817504466583
673,ennisde01,Del Ennis,7940.0,13.0,1.3239452346618488,0.8382696476504402,1.8096208216732574,-0.050460860304518414,0.25807505302549727,0.6733908385367179,-0.7557992243093937,-0.42418378128770007,-1.0595116360673675,29.830000000000002,False,False,16.581727071117285
674,bellge02,George Bell,6586.0,10.0,1.3169767425833196,1.0799963376836221,1.5539571474830174,0.007460601218727095,0.37493978481587786,0.8637188259272902,-1.1480239408840858,-0.6650526662477523,-0.9141466064551976,20.009999999999998,False,False,13.395262215385578
675,kuennha01,Harvey Kuenn,7618.0,13.0,1.310416187436425,0.8868413332374534,1.733991041635397,-0.05113582373640303,0.9986687588481206,-0.6951445559671228,-0.40636500656766206,-0.0549195439929875,-0.48032314772318724,25.79,False,False,15.789584555352166
676,walkege02,Gee Walker,7211.0,15.0,1.310278508126772,0.9615691699654473,1.658987846288097,-0.0075959417834024195,0.16848105958303194,0.04265212204519839,-1.3297800147589778,1.577624198667142,-0.4786015733134392,16.21,False,False,14.372743805954965
677,menkede01,Denis Menke,5934.0,11.0,1.2997516099836322,1.0765384924818389,1.5229647274854252,0.03802221871990843,-0.14263667234805288,-0.014846847819385093,0.9146822723516848,-0.4912769333810244,0.2146337043653688,28.07,False,False,11.999398365470968
678,santaca01,Carlos Santana,9254.0,15.0,1.2817519577043162,0.7795708526053444,1.7839330628032881,-0.04813324626075294,-0.5353896758337381,0.20308146212131,1.7264408682092511,-0.24663278333836364,-0.48210795317056654,38.84,False,False,20.27235372669428
679,watsobo01,Bob Watson,6962.0,11.0,1.280951766323615,1.1315985155423922,1.4303050171048377,0.06408337219033092,1.0014721541635077,0.2297049751414266,-0.008953084692161356,-0.6360861581212875,-1.2038292115990221,28.3,False,False,12.647522314647814
680,valoel01,Elmer Valo,6091.0,12.0,1.279066009192392,1.0681553533995385,1.4899766649852455,0.04790548408931423,0.2746462313157049,-0.5350317580553313,1.406431521085917,1.0564440862677154,-0.6013320931208058,28.599999999999998,False,False,11.245939537432502
681,ugglada01,Dan Uggla,5509.0,8.0,1.2713257048065194,1.2306110412625588,1.31204036835048,0.09086487111009864,-0.7571183571770187,1.126962233018769,1.0390831122943958,-0.6584857807889882,-0.2907401239648359,18.39,False,False,11.299921373674103
682,walketi01,Tillie Walker,5668.0,10.0,1.2703894247067478,1.0663833958839275,1.4743954535295682,0.04795914346926626,-0.08219750042071097,0.936536785056373,-0.2902653472243372,-0.5809633568525889,-0.6060988575686984,25.86,False,False,10.988497881393695
683,kellyro01,Roberto Kelly,5226.0,11.0,1.2694584153693955,1.057942038202774,1.4809747925360168,0.03329297749469291,0.6283903967528713,-0.2099212243090732,-0.8922810020913491,0.7409412812116127,-0.3855690107523646,20.5,False,False,11.054185592615685
684,russebi01,Bill Russell,8020.0,17.0,1.264256111386694,0.8806468796724655,1.6478653431009223,-0.021618203993271197,0.019806153965401672,-0.7243928374855156,-0.7061964194874649,0.005182205786242208,1.299296112164426,31.259999999999998,False,False,16.333202660764687
685,westsa01,Sam West,6972.0,12.0,1.264171308866357,0.9369384576300666,1.5914041601026476,-0.004104548012728564,0.1510264042386895,-0.15148862571359314,0.26774392090674837,-0.5057066997666791,0.09915198157867797,32.5,False,False,13.095339426893082
686,mcgeewi01,Willie McGee,8188.0,17.0,1.2549567661168135,0.8341328969511526,1.6757806352824742,-0.06200575931487326,0.8368237551859552,-0.8625869339583611,-1.0775269302290744,0.6425514978183551,-0.053896312210397826,34.3,False,False,17.292737990007026
687,harpeto01,Tommy Harper,7164.0,13.0,1.250862556117967,0.9912267935888415,1.5104983186470922,-0.011875072817643557,-0.24411564297638882,-0.28037484367878995,0.4448298039177809,2.45216487405649,-0.7211369730925855,25.72,False,False,15.03499789378267
688,woodlge01,Gene Woodling,6613.0,14.0,1.2456805800832926,0.9901555250635936,1.5012056351029914,0.018411480111180347,0.3556777459582691,-0.11143298482128469,1.207923323384583,-0.539555952871335,-0.6084934264061989,33.25,False,False,13.469065120215959
689,burroje01,Jeff Burroughs,6449.0,13.0,1.2298345348765976,0.7555307979649551,1.7041382717882398,-0.06469657785325594,-0.22671884995103692,0.8027164143863589,1.0911225462235727,-0.8418257129468982,-1.3121276525575998,17.79,False,False,13.403188566258596
690,kennete02,Terry Kennedy,5421.0,11.0,1.226985488559501,1.0793755019041504,1.3745954752148517,0.062261802294358896,0.1485133508608377,-0.2144989397038433,-0.5887739441069973,-0.5329136712891963,0.9711312024343998,21.560000000000002,False,False,11.124980118612807
691,fletcsc01,Scott Fletcher,5976.0,13.0,1.2261142553131468,0.8510796521216302,1.6011488585046634,-0.027866863469788453,-0.08717500841111789,-0.8145216215025364,0.031986243482018784,-0.24245240548639935,1.3184437085237295,31.92,False,False,12.64031341159958
692,cuccito01,Tony Cuccinello,6877.0,12.0,1.2253948802550143,0.9445304668664859,1.5062592936435426,0.009432809380095709,-0.14280296960901606,-0.08699605269747838,-0.1536340718009094,-0.5638277850696294,0.7505935087954898,33.87,False,False,13.575677865772027
693,mcmulke01,Ken McMullen,5730.0,10.0,1.2134259040289557,1.1154650076787638,1.3113868003791478,0.0735948111454763,-0.28374414327704583,-0.00606146340832149,-0.026956045450511133,-0.5327651884896486,1.0825430827255125,34.03,False,False,11.394686861004047
694,cabreor01,Orlando Cabrera,8255.0,14.0,1.2084925939429274,0.8008202395863273,1.6161649482995277,-0.0373127633558177,0.008850203984517914,-0.5442583647804519,-0.6090618406462426,0.4427302892078873,0.6997142001339902,21.330000000000002,False,False,17.16107342831202
695,konerpa01,Paul Konerko,9505.0,17.0,1.1971635307530009,0.5941867836510001,1.8001402778550015,-0.08008883516247574,0.2155186459680779,0.48308290664926085,-0.0036073702799890328,-0.5825525976306063,-1.155266520783089,28.04,False,False,19.648794544742092
696,burnsge02,George Burns,7233.0,14.0,1.192592877029829,0.9259937348875535,1.4591920191721046,0.010755367198357416,0.5090943604781277,0.2181930974470719,-1.0001001051241516,-0.14982506346235375,-0.4621917666027597,34.8,False,False,14.6050455162397
697,ethiean01,Andre Ethier,5423.0,10.0,1.1812935231742454,1.1711775350595015,1.191409511288989,0.11176578283919661,0.5897320707360528,0.294556427011629,0.3148311186100701,-0.801142284796804,-0.5244482493321726,21.53,False,False,11.67260039178482
698,baylodo01,Don Baylor,9401.0,17.0,1.172915055695653,0.4884250835517304,1.8574050278395755,-0.1001521864044392,-0.22671691421564386,0.6007776407443415,-0.19546050378290847,0.5420013674924281,-1.235122453670002,28.48,False,False,20.209685778905573
699,mondera01,Raul Mondesi,6369.0,10.0,1.1711989268585279,0.9664913475525095,1.3759065061645461,0.018215893829777577,-0.08847378615157098,0.6337591253868926,-0.5902558784051081,0.8185135058747607,-0.8409773534389207,29.51,False,False,12.79428728654253
700,thomago01,Gorman Thomas,5486.0,10.0,1.1542444612650484,1.0050052130215188,1.303483709508578,0.011241909116232407,-1.4186034805595948,1.6321024225613499,1.1186608141526118,-0.6327455727033606,-0.5069964881460961,19.790000000000003,False,False,11.173888529218726
701,sauerha01,Hank Sauer,5414.0,10.0,1.1513772973247862,1.0807906007256252,1.221963993923947,0.07092223347214865,-0.40328125217236116,1.487252028115697,0.04544226973914965,-0.8425444119348143,-0.8727939254564275,25.21,False,False,10.584455701282051
702,evereca01,Carl Everett,5395.0,12.0,1.1467130046313234,0.9393787061485337,1.3540473031141134,-0.07765079986518027,-0.14368243006700748,0.21713259034541113,-0.38292486853405755,-0.030390031733773443,-0.29177178960959144,20.44,False,False,11.032558874506549
703,rosebjo01,John Roseboro,5527.0,12.0,1.1345003428553269,0.953579086840751,1.3154215988699027,0.046124474415833526,-0.31238834548940514,-0.246491585860555,0.2699836027334945,0.32177711200243586,0.7730619117361427,22.48,False,False,11.434049706887603
704,kellyge01,George Kelly,6565.0,12.0,1.1263377923876248,0.8830521979805728,1.369623386794677,0.003549087015299242,-0.026460982626757577,0.48661288632785193,-0.7522657792847662,-0.48772876847996766,-0.0524851465927786,25.91,False,False,13.187246050361574
705,boyercl02,Clete Boyer,6365.0,11.0,1.1250227859097515,1.0215055433752656,1.2285400284442376,0.06643266268303352,-0.6364366191994556,-0.09189348292254891,-0.47002473912768544,-0.2995872670244165,1.8094644696742253,27.79,False,False,12.310672779531348
706,mcguide01,Deacon McGuire,6937.0,16.0,1.1160001904684882,0.7144338233874983,1.517566557549478,-0.05639092716919264,0.0547144125875887,-0.009534268874165688,-0.038178308833985014,-0.8291987987096163,0.08396370235570304,24.259999999999998,False,False,12.365441603162907
707,bournmi01,Michael Bourn,5323.0,9.0,1.1086058462819408,1.0975243871721805,1.1196873053917011,0.017598425999034342,0.010649310935773895,-1.2319196261703216,-0.0716736370426394,2.1285199858495742,0.8914744284435259,22.77,False,False,11.27658804727347
708,aurilri01,Rich Aurilia,6278.0,12.0,1.1075430116651641,0.8236556576359416,1.3914303656943865,-0.017717081002829545,0.09900558868555383,-0.03700852900161291,-0.41134674268179716,-0.7631570433472762,0.40567089847447757,18.18,False,False,12.646178556366367
709,mccarto01,Tommy McCarthy,5739.0,10.0,1.104210842243738,0.8521757355048258,1.3562459489826502,-0.06596356570674838,0.29992431616864196,-0.49226126904517614,0.11147638377717248,0.711672056236703,-0.41386523166321115,14.640000000000002,False,False,11.44823055390324
710,hernara02,Ramon Hernandez,5701.0,12.0,1.0939485867765437,0.8822596213407029,1.3056375522123844,0.028026386058183788,-0.07336830316826862,-0.057936528806186965,-0.32171754812827885,-0.545612049587465,0.7707539771104742,22.06,False,False,11.04463088759664
711,dyeje01,Jermaine Dye,7214.0,14.0,1.0936157234703237,0.625318152724437,1.5619132942162104,-0.10671814942314584,-0.05631396279664951,0.6649597561081614,-0.30769112169456325,-0.7555801661823989,-0.914923793144516,20.32,False,False,14.799791251697577
712,smithge01,Germany Smith,7008.0,14.0,1.0894457019586037,0.6137046078868156,1.565186796030392,-0.07349449822874114,-0.780761496337,-0.23526321621350882,-0.7502185179148095,-0.5622478358283711,1.7513547512760526,21.39,False,False,14.428231876600522
713,walkene01,Neil Walker,5152.0,10.0,1.0811882792324603,0.9301607210874512,1.2322158373774694,0.05322158528467613,0.18395019130849338,0.17522981429371162,0.24748936207719524,-0.5493408447212403,-0.12173634065790442,19.99,False,False,11.237936170230556
714,castrst01,Starlin Castro,6578.0,11.0,1.0704647818890813,0.8846676723619598,1.2562618914162031,0.007437138790843787,0.6095498209580179,-0.3413396698418813,-0.9140386153602997,-0.2584422710171331,0.22111091046873058,18.21,False,False,14.398289018145217
715,mccorfr01,Frank McCormick,6207.0,10.0,1.0694500491044219,0.9842592284608843,1.1546408697479595,0.028928964210630893,0.610696277739228,0.0735618068469478,-0.9943365322939792,-0.5914171967951878,-0.08886544128152557,31.69,False,False,12.609796493351844
716,sievero01,Roy Sievers,7349.0,14.0,1.0623610651489044,0.6361428285615173,1.4885793017362914,-0.06756538356903433,-0.18331446854598757,0.8623285144969525,0.4856148953375864,-0.6925049816934185,-1.2529029435937031,25.49,False,False,15.295620612898691
717,escobyu01,Yunel Escobar,5957.0,11.0,1.0616097343925581,0.8012246348021361,1.3219948339829803,-0.01541662986079135,0.5640113488380015,-0.8102947062825775,0.16793544768605687,-0.6396859538195757,0.5282171399296665,26.88,False,False,12.75894412931059
718,priddje01,Jerry Priddy,5428.0,10.0,1.0590927047577816,0.8515021950010354,1.266683214514528,-0.010696671988967205,-0.12122644586560681,-0.19990523844760197,0.3722478663072872,-0.3269248981525584,0.4055526824476128,18.53,False,False,10.895192941974404
719,fowlede01,Dexter Fowler,5902.0,11.0,1.058882035246651,0.8608571001928278,1.256906970300474,0.023561814711103805,-0.10356922299538933,-0.10539845195596159,1.3593732499021787,0.3044535173170225,-0.4006527976270553,19.24,False,False,12.699183169437298
720,sierrru01,Ruben Sierra,8782.0,15.0,1.0414568260640502,0.31802418348665806,1.7648894686414422,-0.14055994689579093,-0.014721106431234,0.4988032875112399,-0.6376925686650649,-0.3316121067978205,-0.9442706683675209,16.759999999999998,False,False,17.777257077684652
721,gordoal01,Alex Gordon,7247.0,12.0,1.0324096094684843,0.6338895167911429,1.4309297021458256,-0.08665520337492887,-0.17728275912231,-0.18885422438188343,0.2618352743485572,-0.17229126975807624,0.07115745608640525,34.8,False,False,14.689505424417964
722,mazerbi01,Bill Mazeroski,8379.0,16.0,1.0309384194957827,0.775951220658932,1.2859256183326335,-0.010256053740412044,-0.04998108417934886,-0.25746184953417983,-0.9482010338490922,-0.6323550987745231,1.2001621981800403,36.53,False,False,17.60625055000181
723,cabreas01,Asdrubal Cabrera,7401.0,14.0,1.0131568025836446,0.8071713317924122,1.219142273374877,-0.004138923059082928,0.11052369776104422,0.10383765840230125,-0.05401548711169372,-0.27902980428460833,-0.17571400384228184,30.09,False,False,16.089452247064756
724,rivermi01,Mickey Rivers,6027.0,11.0,1.0123308371443291,0.9097025224576195,1.1149591518310387,0.03840082543169089,0.8109692018304938,-0.6326354389646813,-1.3667667700305248,1.0305525456685711,0.09261059504071273,32.67,False,False,12.303858002884414
725,northji01,Jim Northrup,5215.0,11.0,1.0077993164998122,0.791065708126254,1.2245329248733705,-0.007882398963943603,0.048381814364352835,0.41809719935671913,-0.11836188050649121,-0.5541889246269248,-0.40285511283461783,22.04,False,False,11.250457922011972
726,cardejo02,Jose Cardenal,7696.0,14.0,1.0072955838993283,0.7551685193559732,1.2594226484426834,-9.749491685052791e-05,0.28863944960474724,-0.27617177880428284,-0.3835936320635322,1.4421077629455488,-0.5484460462259574,20.74,False,False,15.640867559301842
727,ramiral03,Alexei Ramirez,5505.0,9.0,1.0026143724817844,0.8104320261930155,1.1947967187705535,0.025491551752229794,0.20453112039950783,-0.3568752720293481,-1.013629557237153,0.3689196077409499,0.6783289609540111,21.84,False,False,11.75988994377829
728,paskedo01,Dode Paskert,6997.0,13.0,0.9983988440432152,0.7237450500850461,1.2730526380013845,-0.0321337834865848,-0.13586809429194882,-0.013326788617455995,0.6138879325878737,0.2525982639523201,-0.3701196913389136,26.07,False,False,14.407093245581176
729,headlch01,Chase Headley,5761.0,10.0,0.9918432850429092,0.8657337305172634,1.117952839568555,0.00685790476823356,-0.013713469018105719,-0.4264135302411354,0.5228078834466958,0.09523864358526576,0.3854567592140486,26.8,False,False,12.341974738922453
730,cartejo01,Joe Carter,9154.0,15.0,0.9849628554012829,0.14609846773746554,1.8238272430651004,-0.1575127904495591,-0.3809854594370691,0.9230147796595508,-0.9934640292198167,-0.07755635625172995,-1.0650977398457446,19.53,False,False,19.525477823147593
731,winnra01,Randy Winn,6878.0,12.0,0.9815612838259796,0.7291264220506883,1.233996145601271,-0.01767811594379694,0.38146049390392134,-0.6077303288068286,-0.4916139658561638,0.6826715768278134,0.15548536714955125,27.51,False,False,13.83774301133967
732,ellisma01,Mark Ellis,5728.0,12.0,0.9707018993091518,0.8494028889751264,1.0920009096431773,0.04225011817048287,-0.22375863118059025,-0.4714886257126545,-0.21367666686466158,-0.19384875457335962,1.457884186911292,33.5,False,False,12.021871060495583
733,murphdw01,Dwayne Murphy,5242.0,9.0,0.9655439039945983,0.9023502671478415,1.028737540841355,0.041082643595374606,-0.825265357704327,0.23695418421737802,1.6385506771855798,-0.2500186726018563,0.39361397591543457,33.24,False,False,10.561546756763779
734,strunam01,Amos Strunk,5803.0,12.0,0.9601198390782769,0.7012907770030021,1.2189489011535517,-0.03914319609948656,0.1552415377711336,-0.13166483092236128,0.4930353528223436,-0.12522689172432303,-0.4149852713196014,27.650000000000002,False,False,11.619707146013958
735,russebr01,Branch Russell,3393.0,9.0,0.9561521510117872,0.9034539551970866,1.0088503468264878,0.10782550183985479,0.03815275031348389,0.4420782900141056,0.6721958061409066,0.16732071625591438,-0.6589893557367091,21.21,True,True,10.635304630640922
736,burdoja01,Jack Burdock,5065.0,15.0,0.9546742935797927,0.47299125022030686,1.4363573369392786,-0.1254709510330211,-0.3105766103277927,-0.29444625854853457,-0.3470158646702756,-0.20311804933853073,0.45743560569920677,14.969999999999999,False,False,14.357235049365505
737,lowebo01,Bobby Lowe,7766.0,15.0,0.952956332893927,0.3226650544061409,1.583247611381713,-0.1262478557137167,-0.3129868358907574,-0.241470502930808,-0.6357510008932824,-0.24590542010406413,0.641274940162438,20.07,False,False,15.449854705375596
738,hernajo01,Jose Hernandez,5089.0,10.0,0.9521829501130039,0.7251959456215914,1.1791699546044165,-0.04328731197979035,-0.6049586188739675,0.17703405361171248,-0.287861901240703,-0.4647384048400441,0.8017504410348043,13.329999999999998,False,False,9.406570604830769
739,vaughgr01,Greg Vaughn,7070.0,13.0,0.9520967400372558,0.5504602697756623,1.353733210298849,-0.07690090923818385,-1.084164014152727,1.018489303730799,0.7819732962922856,-0.28056662943333666,-0.5366958139875017,30.83,False,False,14.761369822226708
740,wynegbu01,Butch Wynegar,5067.0,10.0,0.9490795953925034,0.852978319313584,1.0451808714714228,0.07096899436190761,-0.24460139982824458,-0.6636610362906273,1.0655353308801812,-0.5070666416142403,1.4380042813548752,26.47,False,False,10.001829347225133
741,templjo01,Johnny Temple,6035.0,10.0,0.9381918278008099,0.8396395983765633,1.0367440572250564,0.029837852603390114,0.599909603705503,-1.0597721670338733,0.5445166991337338,1.3474808070981579,-0.10701564510643946,17.13,False,False,12.168542151768873
742,goodmbi01,Billy Goodman,6446.0,12.0,0.9176752732728317,0.7706570207932151,1.0646935257524484,0.019646265077309846,0.971494084016372,-0.9862356511732628,0.10155451149705608,-0.32891439025653474,0.2340236155016248,27.0,False,False,12.956380406296423
743,hendeke01,Ken Henderson,5227.0,10.0,0.9047678231091622,0.8108476807016491,0.9986879655166752,-0.026733600117459646,-0.19814516106898844,0.12939988988026527,0.4878465466917154,-0.013872721823301059,-0.2675370062384207,14.79,False,False,9.958403584352896
744,dunstsh01,Shawon Dunston,6276.0,14.0,0.9022006979908741,0.7250721251923425,1.0793292707894055,0.019885668048947425,0.09368699991601868,0.2239672865883904,-1.5186695857546308,0.6055726742444064,0.07949536624323573,11.56,False,False,12.886348287754332
745,ritchcl01,Claude Ritchey,6826.0,12.0,0.8959517162174491,0.6629705460263354,1.1289328864085628,-0.004351377200137935,0.049507309383957046,-0.4163319326186697,0.5776174258001291,-0.7093439885105715,0.5943433302066006,35.41,False,False,13.979994243228948
746,joynewa01,Wally Joyner,8115.0,15.0,0.8899792518500855,0.6203361984513424,1.1596223052488288,-0.022365344238453128,0.5194247991041333,-0.1866947195721145,0.08861808827205447,-0.38210484705766457,-0.46417846109748856,35.81,False,False,17.176151643221694
747,dykesji01,Jimmy Dykes,9347.0,18.0,0.833937502535044,0.4646436118704293,1.2032313931996585,-0.042924958446673066,-0.3114043569683767,0.006474062232905187,0.5964577275675303,-0.6172982313039308,0.2531909017380421,34.71,False,False,18.21801659425884
748,bowala01,Larry Bowa,9103.0,16.0,0.8297903329289652,0.2991168113313327,1.3604638545265977,-0.09532780698082764,-0.04272747914730397,-0.9167600869487526,-0.892230472069134,0.6857427429603921,1.0658361787943182,22.82,False,False,19.046698592911415
749,jeffegr01,Gregg Jefferies,6072.0,11.0,0.8290243721615899,0.6266040286459336,1.0314447156772462,-0.01088846793147155,0.4860678698293094,-0.31446286288332476,-0.4985541900060094,0.6215225283009043,-0.373334019223782,19.57,False,False,12.632628279179123
750,hamnegr01,Granny Hamner,6291.0,10.0,0.8206347349200195,0.670261109328206,0.9710083605118329,-0.0700952490533945,-0.2943892497749303,-0.12293098693993024,-1.237519235691813,-0.37388607485722103,1.0812067650798354,19.18,False,False,12.211763998280674
751,cavarph01,Phil Cavarretta,7701.0,16.0,0.8170127448960676,0.3231479767727877,1.3108775130193475,-0.10465258793048739,0.3762136956378606,-0.09043491899143379,0.18952424066819107,-0.25986593792192125,-0.9167602559952122,37.03,False,False,15.61364116903394
752,davisch02,Chris Davis,5630.0,11.0,0.8095921945656032,0.3448732712768415,1.274311117854365,-0.21413901629304838,-0.877609497559892,1.0355263167403164,0.21523172393017576,-0.5008541263337268,-1.1647591090341023,11.659999999999998,False,False,11.640803407603423
753,seitzke01,Kevin Seitzer,6062.0,11.0,0.8048201564036399,0.6826570626974604,0.9269832501098194,0.01015484863834829,0.8071073641355314,-0.7057926679796569,0.5198567867383808,-0.16480149741717973,-0.27872544570267066,28.87,False,False,12.854292600318011
754,huggimi01,Miller Huggins,6800.0,11.0,0.7910548207250527,0.7117834634744306,0.8703261779756748,0.04316005995348892,0.03471881070526907,-0.9477426962099044,2.139736644930066,0.47475927765793596,0.27808816673039677,36.02,False,False,13.565510022901963
755,jonesru01,Ruppert Jones,5038.0,11.0,0.7825883667430309,0.6297079955791878,0.9354687379068741,-0.014727136270131443,-0.7401777023031303,0.37808604637687077,0.5310613610152861,0.12107348587397847,0.1434343790940999,22.64,False,False,10.755717369123936
756,puhlte01,Terry Puhl,5479.0,11.0,0.7799224760782185,0.6799009772500375,0.8799439749063995,0.04457755816488067,0.4090809434493078,-0.5559906495592375,0.141062652154432,0.6228878128465584,0.06127711748880247,28.32,False,False,10.85771528696635
757,pinknge01,George Pinkney,5189.0,9.0,0.7737891002595585,0.5768274280245044,0.9707507724946127,-0.04659131686395368,-0.09493628145371967,-0.46952751565178624,0.59580880305902,0.13586026485723576,0.25154495343653677,21.099999999999998,False,False,10.402277328538418
758,bumbral01,Al Bumbry,5619.0,11.0,0.7714868557212836,0.6483966842370633,0.8945770272055039,-0.036746374577131716,0.3885994968194774,-0.7721550507708004,-0.16729071683659327,0.934342555586842,0.00807553866620151,24.470000000000002,False,False,11.763646386418838
759,tovarce01,Cesar Tovar,6177.0,10.0,0.7653911268094551,0.6812570830332461,0.849525170585664,-0.01881805090295189,0.47236056546822475,-0.7826111579011943,-0.6634360691384128,1.2151831462167066,0.09541209559554799,28.25,False,False,13.073597829883179
760,milleed03,Eddie Miller,5816.0,11.0,0.7635936237970482,0.5754097214129291,0.9517775261811672,-0.009696299838603432,-0.9796366906354488,0.09654745697700291,-1.0217456438293968,-0.08820757939228352,1.8311289629054914,22.2,False,False,11.91637807402282
761,johnske05,Kelly Johnson,5137.0,11.0,0.7580912014791887,0.6942704773802377,0.8219119255781396,-0.013335663938694117,-0.5328251627728595,0.35893288846861615,0.5681964477964162,-0.06445134171135725,-0.05771246127963517,16.39,False,False,11.097436080545632
762,oberkke01,Ken Oberkfell,5528.0,10.0,0.7454067500963589,0.5768546591113547,0.9139588410813632,-0.007831948805208858,0.5437661452453834,-0.92424492784116,0.3523249555040995,-0.2977985808114038,0.5042952425212726,22.41,False,False,10.8206338621618
763,mumphje01,Jerry Mumphrey,5545.0,12.0,0.7364892378555964,0.5525784253347226,0.9204000503764702,-0.01404948142595658,0.6293845969094966,-0.6239190004954754,-0.08110765222323327,0.2203160984545001,-0.14805002486644783,22.31,False,False,11.791334297079473
764,luderfr01,Fred Luderus,5406.0,9.0,0.7351194444249012,0.7739461623649662,0.6962927264848362,0.030542346248870315,0.1259667042444415,0.8613416885349586,-0.06840669097324029,-1.2111245769064076,-0.6884852239849248,20.05,False,False,11.120283322807365
765,penaca01,Carlos Peña,5892.0,11.0,0.7276328364082765,0.5481107273920012,0.9071549454245519,-0.10826566258253469,-1.2595668885635143,0.9928979251625422,1.3819182705621795,-0.3403931162559898,-0.6620874449643098,25.48,False,False,11.974600765900414
766,tayloto02,Tony Taylor,8501.0,16.0,0.7208664962896462,0.1571851566223934,1.284547835956899,-0.11765461687665238,-0.0004879995320125567,-0.5886326002055915,-0.4587586623337889,1.1602317768820556,-0.055328742050989095,23.2,False,False,17.60534337383081
767,brookhu01,Hubie Brooks,6476.0,12.0,0.7126173051305029,0.27033876366489906,1.1548958465961068,-0.14181104418841006,0.07332913339734239,0.0028417708668653273,-0.8164306828877986,-0.5148785468424569,-0.15765696247323407,13.02,False,False,13.446700467418603
768,washicl01,Claudell Washington,7367.0,16.0,0.7102373700200038,0.38544709427158014,1.0350276457684273,-0.05632280752431326,0.2943383142074597,0.048742567102934155,-0.7420716006423078,0.7040961764221104,-0.7772476474770583,19.560000000000002,False,False,15.672921224701147
769,fairlro01,Ron Fairly,8437.0,18.0,0.7075829274177087,0.06822757479574507,1.3469382800396723,-0.13657473056811587,0.053415618092600696,-0.08624249039316452,0.9665979434192136,-0.5419638258913602,-0.84595040315366,35.08,False,False,16.98964571257386
770,mayle01,Lee May,8219.0,14.0,0.7060853365187267,0.2774193118059152,1.1347513612315383,-0.08893745749211167,0.019056169147258478,0.8853129782884712,-1.0279239129115734,-0.42639916626162677,-1.0740794690275524,27.3,False,False,16.726111263914916
771,garrra01,Ralph Garr,5456.0,9.0,0.6998179125363655,0.8751869094271443,0.5244489156455867,-0.03427627312573305,1.209955773852885,-0.39290210731084013,-1.3354728819879893,0.6076311264315603,-1.033040987663518,14.780000000000001,False,False,10.936845174753845
772,vosmijo01,Joe Vosmik,6084.0,10.0,0.6972195020538223,0.5360764004422996,0.8583626036653449,-0.0630092248971578,0.4794389522583223,-0.06949970427765065,-0.09041382529473527,-0.7497483876972668,-0.5098738899607955,17.79,False,False,11.80660488768194
773,gonzato01,Tony Gonzalez,5793.0,12.0,0.6961317542741595,0.3957414968192194,0.9965220117290997,-0.0954807038468971,0.6087339376021129,-0.36776528558593846,-0.27671338328826783,-0.016652860668346887,-0.6921733752804397,27.04,False,False,12.217913976146777
774,brownto01,Tom Brown,8221.0,15.0,0.6950839287944192,-0.11545502000004221,1.5056228775888805,-0.2032250743286406,-0.4471398980088902,-0.16821742706442175,0.25910877326970533,1.29023910217003,-0.7626764316884631,14.82,False,False,17.37484752854101
775,kennead01,Adam Kennedy,6054.0,13.0,0.6949040061254228,0.3954674425641032,0.9943405696867424,-0.07860387494232177,-0.0006434567312115993,-0.7368454684243164,-0.5649773925000465,0.7564524357073784,0.617476491418017,20.86,False,False,12.289730122424809
776,grudzma01,Mark Grudzielanek,7603.0,14.0,0.6868389243705042,0.3324816717995477,1.0411961769414608,-0.05857216081614016,0.5152354788701199,-0.717401357257161,-1.0813817365782257,-0.11760030946474583,0.6098790365213468,26.48,False,False,15.762700940993923
777,huffau01,Aubrey Huff,6786.0,11.0,0.6829503168556394,0.3522726832510897,1.0136279504601893,-0.14126183879465107,0.2461828584365667,0.23871527336407244,-0.2884712776838657,-0.44552473683569793,-1.066658384414432,20.44,False,False,13.648375362843423
778,armasto01,Tony Armas,5502.0,12.0,0.6794086893603319,0.4017053196805912,0.9571120590400726,-0.10243097730376789,-0.6257043714847041,1.0999252895404028,-1.2176622304217788,-0.93568401610082,-0.14681314034108828,15.84,False,False,11.811135145229686
779,dunnad01,Adam Dunn,8328.0,14.0,0.6787090296966565,0.241080571413118,1.116337487980195,-0.08626130789682515,-1.0747901051187299,1.4482091271925033,2.081381526986302,-0.48782834527125346,-1.7882116634523109,17.96,False,False,17.67757738993904
780,jacobbr01,Brook Jacoby,5027.0,9.0,0.6686558766982622,0.6311081526626171,0.7062036007339074,-0.04813155283806047,0.1878020276737571,-0.08892108286480577,-0.023588254081757302,-0.5911215411153392,-0.081624283805181,14.97,False,False,10.60856148693573
781,siebeno01,Norm Siebern,5267.0,9.0,0.6651528362995325,0.601398240688044,0.7289074319110209,0.01428283121358181,0.3167460668022718,-0.045786649644168766,1.4025737836575924,-0.4890065269059009,-0.7918085980450914,21.0,False,False,10.37441719810058
782,bauerha01,Hank Bauer,5776.0,12.0,0.6586706506592099,0.4060774667566889,0.9112638345617309,-0.05581818623662436,0.08257422474372728,0.1342413921246133,-0.2920421894642837,-0.10163507706906952,-0.4074757232189559,27.200000000000003,False,False,11.952679361055317
783,jurgebi01,Billy Jurges,7013.0,16.0,0.6580764220040751,0.15579570002059284,1.1603571439875573,-0.11640262486472033,-0.6497372494307322,-0.7016719413239815,-0.3249772167095469,-0.6080105396598967,1.9115945399931904,28.56,False,False,14.712812942905707
784,rudijo01,Joe Rudi,6076.0,12.0,0.632795708053528,0.33744907429873594,0.9281423418083201,-0.07722922666100075,0.0022150447163021836,0.5962693886379102,-0.8439379444985395,-0.7756359565879165,-0.47408583279309446,25.470000000000002,False,False,11.975925827471235
785,conrowi01,Wid Conroy,5592.0,11.0,0.6315087292436977,0.5364899080860448,0.7265275504013506,-0.022914102705964615,-0.4496666928919941,0.006573670357325868,-0.3090194849540524,0.5358424631487712,0.43665753117481976,22.14,False,False,11.720689835748555
786,uptonbj01,B. J. Upton,5854.0,10.0,0.6313818725532445,0.40287606817283905,0.8598876769336499,-0.05718800362621255,-0.7303261856879024,0.020195787577598226,0.5189444235257534,1.6148211421686844,-0.28762720381282547,16.47,False,False,11.723792382459797
787,byrdma01,Marlon Byrd,6123.0,12.0,0.6302536699872032,0.30460502166604003,0.9559023183083665,-0.07202938314908224,0.25939577589227886,-0.031112261785466458,-0.7769525809048369,-0.5507332400248217,-0.03872927644080059,25.99,False,False,12.52012652283454
788,stewash01,Shannon Stewart,6205.0,10.0,0.6301314976265595,0.4800428384719273,0.7802201567811917,-0.03974586619545747,0.7053857698682934,-0.6530279079675584,-0.37781372944973746,0.6087065727843775,-0.39271254549570966,24.92,False,False,11.765184473184082
789,cutshge01,George Cutshaw,6213.0,11.0,0.6252419734614162,0.4504973850872498,0.7999865618355826,-0.04649699871910294,-0.17245333619569772,-0.12135610839606994,-1.1068565848479084,0.7520297979743849,0.3856425667288987,16.259999999999998,False,False,12.805596684377981
790,russejo03,John Henry Russell,3161.0,9.0,0.619585203415292,0.5681640525042254,0.6710063543263585,0.02321434196058146,-0.3601662032181978,-0.29371769061127423,-0.6303568179776554,0.07564908854938374,1.374251415261251,13.040000000000001,True,True,9.923685829371038
791,wilsoch01,Owen Wilson,5041.0,9.0,0.599675696308191,0.4980510211418869,0.701300371474495,-0.08094191933703121,-0.07817951292402354,0.7582457693922813,-1.1887715333687259,-0.9984850796917017,-0.33118067485732866,14.01,False,False,10.396567007337696
792,carrach01,Chico Carrasquel,5259.0,10.0,0.5994690939778415,0.43084233801327754,0.7680958499424054,-0.0657282946474023,-0.3968890446374833,-0.8915948857003322,-0.12155821520363455,-0.33320105268785233,1.8314640562154547,21.17,False,False,11.22534318864864
793,scutama01,Marco Scutaro,5486.0,10.0,0.5987204909390722,0.4853429798517736,0.7120980020263709,-0.043901578062817165,0.2973780028652488,-0.6178699681274806,0.14062408186421158,-0.49292041516596197,0.4373782242301371,22.07,False,False,11.288124513138843
794,matsuhi01,Hideki Matsui,5056.0,9.0,0.5918946468827433,0.4667211747547215,0.7170681190107652,-0.023134880243622917,0.48876140189473155,0.2316063804261802,0.5213413239087237,-0.7523482631977917,-1.0807226050549483,21.23,False,False,10.192914837874914
795,markani01,Nick Markakis,9321.0,14.0,0.5888372302619551,0.2358001234229367,0.9418743371009736,-0.08460696625717991,0.7346110432918425,-0.5362304142978455,0.30243706634356193,-0.6896549484036524,-0.5269968337468497,33.72,False,False,19.67496893308559
796,jonesad01,Adam Jones,7515.0,12.0,0.5825249845416501,0.31035142994389653,0.8546985391394037,-0.06671353722984451,0.44301178233932875,0.2568124672594503,-1.339605160781602,-0.4162720547288311,-0.5053654527921744,32.46,False,False,15.731357604664545
797,claytro01,Royce Clayton,8164.0,16.0,0.5775046474387555,0.10602465659364829,1.0489846382838628,-0.09680741498643225,-0.4430255929476547,-0.6114771208923478,-0.41982403044084177,0.44177583727449676,1.086741092411015,19.48,False,False,17.40771767634684
798,anderga01,Garret Anderson,9177.0,15.0,0.5755019581012791,0.11133909554672791,1.0396648206558303,-0.10182405266936556,0.6120073967567397,-0.054241268855724355,-1.3399468741532228,-0.6580582012277107,-0.3467669175078841,25.7,False,False,18.565604320558496
799,hayesfr01,Frankie Hayes,5121.0,12.0,0.57139778437207,0.3018013343392705,0.8409942344048695,-0.10651423073999301,-0.5273000268117175,0.3986574892145624,0.5020420628382553,-0.30937700319980255,-0.43593987712345883,10.29,False,False,10.350541626325642
800,wilsomo01,Mookie Wilson,5441.0,11.0,0.570795605958528,0.3834231609035154,0.7581680510135406,-0.04575438940612034,0.22242401904102171,-0.5794682156921218,-1.1598950635881236,1.31313409851258,0.23017483048382015,22.36,False,False,11.645378536846994
801,kreevmi01,Mike Kreevich,5248.0,9.0,0.5691956001589651,0.5777614794756176,0.5606297208423124,-0.036754643144112545,-0.12181548082361254,-0.42437308644364935,-0.3135914639984999,0.8449764173835781,0.3698171584877909,16.599999999999998,False,False,9.933699789534622
802,herrto01,Tom Herr,6111.0,12.0,0.5689815318618054,0.2779170220574735,0.8600460416661375,-0.08428281649716905,0.20640750127342253,-0.780340289795878,0.43562597573408496,0.25865626814260656,0.09234397835949212,23.55,False,False,13.450318229504722
803,wolfji01,Chicken Wolf,5230.0,10.0,0.5669252500175762,0.3638579970000456,0.7699925030351068,-0.05975416264803361,0.5371741057006465,-0.02875672783595243,-0.9716558516637549,-0.47101069133324436,-0.4319871999443265,17.51,False,False,11.703083891418986
804,belliro01,Ronnie Belliard,5641.0,11.0,0.5665467857171153,0.3402606372268276,0.792832934207403,-0.038020832821328523,-0.009366429770889808,-0.20481321833122496,-0.06191701576768637,-0.5847589257517338,0.4545032788062396,20.77,False,False,11.340810572158686
805,malzofr01,Frank Malzone,5868.0,9.0,0.5644071461545725,0.5886943054756104,0.5401199868335346,-0.011541700462315665,0.3568074558926642,-0.27881405593142355,-1.0016010412900915,-0.5442685019532361,0.5982361693682245,16.44,False,False,11.839145564383445
806,easleda01,Damion Easley,6211.0,14.0,0.5608476274187378,0.1186521298454902,1.0030431249919856,-0.15500172999606024,-0.7111190301070373,0.07924866459483002,-0.1445967628289884,-0.19189207958663257,0.3410413194958201,20.45,False,False,12.344686219179845
807,kressre01,Red Kress,5664.0,11.0,0.5462284413080986,0.30243024804469637,0.7900266345715008,-0.07666581431195638,-0.11137657539408916,0.08482297597193718,-0.10844115806481933,-0.3690744036835907,-0.10474089155234906,14.04,False,False,11.19112895116948
808,milledo02,Dots Miller,6476.0,12.0,0.5418561143719675,0.23858945829228756,0.8451227704516474,-0.10964247180836956,-0.2423949740059371,0.12593516534754146,-0.6419998588505186,-0.34198541201391425,0.11846998937796184,18.12,False,False,13.490955436349298
809,lindad01,Adam Lind,5029.0,11.0,0.5322510023430086,0.3318845444333613,0.7326174602526558,-0.11503393300731907,0.2177616842884097,0.39813621860455845,-0.42673889173506085,-0.6070639430936672,-0.982115101961683,12.77,False,False,10.582737372613527
810,molinbe01,Bengie Molina,5159.0,11.0,0.5253981540973922,0.36514249870446003,0.6856538094903245,-0.03321342444816684,0.2061856034720405,-0.3029629059928231,-1.3897606123125443,-0.5856630387734211,0.9668106570833221,10.69,False,False,10.432710463152668
811,landiji01,Jim Landis,5025.0,10.0,0.5211141754263525,0.4909150515955904,0.5513132992571146,-0.06669922223432709,-0.7615661458928091,-0.47439726602799603,0.7801239522481928,1.3238338484008911,0.46847010638503006,20.61,False,False,10.290882440943035
812,bordimi01,Mike Bordick,6484.0,13.0,0.520266197069061,0.10336623447430972,0.9371661596638121,-0.11064910990579685,-0.3430584773021055,-0.6585092168597213,-0.25891920993192497,-0.25998349290727507,1.2085573431333556,26.8,False,False,13.750464125846571
813,raderdo02,Doug Rader,5832.0,10.0,0.5193066693673023,0.3962934821327695,0.6423198566018352,-0.021088883435411845,-0.4033430112024306,0.3424652891268456,-0.08777159431693056,-0.4152269518112533,0.2373714390004103,24.3,False,False,11.67303485994115
814,wilsoja02,Jack Wilson,5339.0,11.0,0.5065063939997734,0.36392159295558474,0.649091195043962,-0.06652054712210839,-0.18676337893469644,-0.8116164167366362,-0.8989615956248904,-0.5791908948201372,1.9040432031189707,23.47,False,False,11.089110709886802
815,martiti02,Tino Martinez,8044.0,14.0,0.5047283346040802,0.19147955681443732,0.817977112393723,-0.09246156498712019,-0.18175742673975795,0.3694945202381469,-0.12624204603227349,-0.5193935227205323,-0.4210956808067814,29.009999999999998,False,False,16.53789736226747
816,ferriho01,Hobe Ferris,5107.0,9.0,0.5010961472059767,0.4084382364498417,0.5937540579621117,-0.04776509946665046,-0.6755412213744596,0.6878352082024419,-1.2571841854074546,-0.9443812604426686,0.8435162453498357,16.419999999999998,False,False,10.683260731127177
817,randajo01,Joe Randa,6007.0,11.0,0.4932395449934798,0.29775328051466665,0.6887258094722929,-0.030711332943226848,0.4285985869517098,-0.42829992585018417,-0.5504971082046402,-0.3941857982066145,0.31833679683720467,21.38,False,False,12.253117636517045
818,hoblidi01,Dick Hoblitzell,5370.0,9.0,0.48911411536683064,0.4314126555153083,0.546815575218353,-0.0206585891663158,0.27920764007172794,0.17630651491086027,-0.0942230921045175,-0.21359223112995704,-0.632656516688224,20.53,False,False,10.612568675301251
819,meuseir01,Irish Meusel,5309.0,9.0,0.48825613049469085,0.42473785697439004,0.5517744040149917,-0.004150834875727915,0.32067688132141414,0.5890113273452817,-1.0620500899204692,-0.1268481050422455,-0.7908373898973258,21.96,False,False,11.285590054051491
820,bollifr01,Frank Bolling,6189.0,12.0,0.48503346426808813,0.05641319311267495,0.9136537354235013,-0.1538736188933272,-0.35885634691338936,-0.27400226017184715,-0.37348398926995513,-0.3083001997779364,0.5208119106851643,16.88,False,False,13.287267107866212
821,blakeca01,Casey Blake,5091.0,9.0,0.4629642095627846,0.40567520534617124,0.5202532137793979,0.012677464967572683,-0.23625022373812132,0.2132029602769619,-0.0390489230973666,-0.4394423346786718,0.3372038489176216,24.86,False,False,10.314175361298501
822,whitech03,Chaney White,3585.0,10.0,0.4625885547165016,0.45350146976141836,0.4716756396715848,0.06764767739615875,0.4852967729851776,-0.31786796993593297,-0.08213070618349494,0.03335085115972398,0.15066771708896515,12.85,True,True,10.338328358587447
823,reynoha01,Harold Reynolds,5398.0,9.0,0.4611820920542661,0.5263891146788536,0.39597506942967853,-0.06657875490223883,-0.16547565937128414,-0.6944516420141847,-0.024777768258864782,0.981941044127073,0.4784155396329049,15.84,False,False,11.200045048302252
824,millebi02,Bing Miller,6885.0,12.0,0.4609254703641418,0.32136453307408974,0.6004864076541938,-0.02250678607945929,0.2209514735982506,0.2311750637224171,-0.9649690199340799,-0.01896470198912648,-0.2987568754166949,29.64,False,False,12.915409309318486
825,basske01,Kevin Bass,5291.0,13.0,0.46078614008225127,0.1837286957499769,0.7378435844145257,-0.1389112421051282,0.07987042046226506,-0.11616774244868995,-0.6664926441488429,0.0354741686458058,-0.3246009897944851,14.75,False,False,11.64009026003941
826,burrepa01,Pat Burrell,6520.0,12.0,0.4559024254656932,-0.004870995637591559,0.9166758465689779,-0.1505047676127995,-0.6622806227856541,0.7797168415159845,1.5149662342727699,-0.9704761235346846,-1.2009232215285357,18.93,False,False,13.739162971961292
827,edwarjo01,Johnny Edwards,5132.0,12.0,0.4534342991559858,0.22009605814446406,0.6867725401675076,-0.08446143826431983,-0.43107394169973534,-0.3392367551401102,0.04137278666574738,-0.4278407659792569,0.9263928435949241,14.79,False,False,10.087505387429639
828,loretma01,Mark Loretta,6558.0,13.0,0.45038078918965313,0.11471694628971443,0.7860446320895919,-0.14314786653972345,0.6985822870529833,-0.9092458440406638,-0.05332323976688579,-0.586398228943267,-0.07988326286202022,19.34,False,False,13.279127527122995
829,cuddymi01,Michael Cuddyer,6102.0,12.0,0.4452871938114979,0.1745762083361568,0.715998179286839,-0.13093012413165056,0.2907321789904755,0.37796144595371606,-0.060235386108546826,-0.345255983206151,-1.5618627549657598,17.830000000000002,False,False,12.338292135174493
830,bluegos01,Ossie Bluege,7452.0,15.0,0.44449436116823066,0.15986174526325259,0.7291269770732087,-0.05805404453799092,-0.5056178646949564,-0.5989884727924901,0.3992179688950583,0.2502016884605126,1.0419294548634297,28.560000000000002,False,False,14.533524193589201
831,moorete01,Terry Moore,5204.0,11.0,0.4352932595402195,0.20466754993674685,0.6659189691436922,-0.11371348445084156,-0.17876505646414126,-0.2807075183213859,-0.4973007454949998,0.32397460282522705,0.20730451125896932,21.400000000000002,False,False,11.097945269877895
832,thomaro01,Roy Thomas,6575.0,11.0,0.43331801797078817,0.26189881030149537,0.6047372256400809,-0.0659024957594208,0.3681474055606282,-1.2370667139756746,2.69010127275118,-0.1497655350547184,-0.29630138502276493,41.809999999999995,False,False,13.465011630661074
833,johnsja01,Jay Johnstone,5229.0,13.0,0.4261297850102882,0.08878845249361322,0.7634711175269632,-0.15424262129827926,0.02549675036821253,-0.12200517524235063,-0.2631990910545943,-0.4917054784630221,-0.24899818442138086,16.509999999999998,False,False,9.663904936025407
834,lugoju01,Julio Lugo,5338.0,11.0,0.4260855678410024,0.24538214481979628,0.6067889908622085,-0.043851529287439975,-0.0553473739082982,-0.6042499744236897,0.006058432722491689,1.073878503716167,0.2301699078414523,13.51,False,False,10.908052467478608
835,walketo04,Todd Walker,5055.0,9.0,0.4206540974890335,0.3665825525659121,0.47472564241215487,-0.011625454963879144,0.5675156538001574,-0.06585972390645764,-0.04721518051339707,-0.44042074949371224,-0.5667932046563905,10.52,False,False,9.833613155083846
836,smithal04,Al Smith,6330.0,11.0,0.413251274148429,0.1638652524118338,0.6626372958850242,-0.07947431957738864,0.045865648699444365,0.05237481945423568,0.3760857045322443,0.09441070549776874,-0.77998050513247,20.88,True,False,12.807865655963386
837,whitnpi01,Pinky Whitney,6317.0,11.0,0.40391222516433734,0.22398231817162223,0.5838421321570524,-0.07685582315641516,0.11610085094651046,-0.055976099279773754,-0.6788648572960869,-0.4835261744311069,0.10672927258141605,17.06,False,False,12.86864804054457
838,foxpe01,Pete Fox,6168.0,13.0,0.4038190006630171,0.17926884685952318,0.6283691544665111,-0.06708996829913039,0.2891352216568518,-0.24905852442122453,-0.818878577428346,1.1167049068745867,-0.5444780520722131,16.17,False,False,12.276986435776704
839,dejesiv01,Ivan de Jesus,5193.0,8.0,0.4035809636906875,0.5062080716350821,0.300953855746293,-0.04421896731137259,-0.2795490695827125,-0.7738619583457682,0.29703737285596843,0.6460694465828396,0.887468295616454,11.08,False,False,10.463717838632487
840,suzukku01,Kurt Suzuki,6163.0,14.0,0.40271918503894355,0.06723735134419812,0.7382010187336889,-0.11255140209967597,-0.016911235832096534,-0.4405384534388233,-0.8091691034043812,-0.405046293503097,0.7305252218617393,19.6,False,False,12.597482148585794
841,ortajo01,Jorge Orta,6458.0,13.0,0.40188190797444695,0.17723572487121275,0.6265280910776811,-0.08479020148978075,0.44296473993341223,0.12254325879644572,-0.32545982164511184,-0.38231216754223857,-0.9183270109500155,14.909999999999998,False,False,13.3291558045778
842,milancl01,Clyde Milan,8312.0,14.0,0.3954811548456654,-0.03811038378276248,0.8290726934740932,-0.12203464975187761,0.27142649107813493,-0.7725372048033514,4.403057350431716e-06,1.1284734856583307,-0.422746122529404,40.79,False,False,17.073803896253768
843,warfifr01,Frank Warfield,4227.0,11.0,0.39546829563221847,0.23577240954664333,0.5551641817177936,-0.10444720634923683,-0.5859476435014911,-0.6428679859515135,0.1968025579188126,1.0208208265239043,0.7121757202119642,10.309999999999999,True,True,12.768681188494025
844,guilloz01,Ozzie Guillen,7133.0,14.0,0.3931192477473152,-0.07629485135558187,0.8625333468502123,-0.13463417319207044,-0.046905913866663734,-0.9671915038201961,-1.491486742640363,0.0949665018293919,1.5462353809754235,21.0,False,False,14.986609555592302
845,brutobi01,Bill Bruton,6668.0,12.0,0.3906180283030739,0.18864406349164703,0.5925919931145008,-0.03754749528577987,-0.045241053701656334,-0.6413496185441923,-0.6658651603725922,1.989182905679319,0.18048965928651015,26.4,False,False,13.851713546973887
846,kuheljo01,Joe Kuhel,9095.0,16.0,0.38793296866723764,-0.3195677862847254,1.0954337236192007,-0.17992869069893447,-0.26269789465001725,-0.15066298851479162,0.35298096098238146,0.7625907017043292,-0.8373879600908143,30.31,False,False,18.00633708212523
847,stockmi01,Milt Stock,6951.0,12.0,0.37824261557268624,-0.003633846042056063,0.7601190771874285,-0.12463030189587261,0.2450158996687985,-0.5006844527321131,-0.4403719506844253,-0.14935903444681364,0.055216812681228314,23.17,False,False,14.878953086457551
848,counscr01,Craig Counsell,5476.0,11.0,0.37665751895339855,0.22674498128655474,0.5265700566202424,-0.07655379700499927,-0.5612566523975643,-1.0720301833117545,0.721318557487187,0.20965548003127693,1.6016742497797494,22.38,False,False,9.956253039450965
849,driesda01,Dan Driessen,6344.0,13.0,0.3579611069296143,0.057335422807301084,0.6585867910519275,-0.08137545812362022,-0.14657810942203175,0.06497035417228746,0.8322814996192993,0.3898241472402587,-0.8955184811732637,20.560000000000002,False,False,13.019627058037573
850,dempsri01,Rick Dempsey,5407.0,11.0,0.355680734770468,0.2398137860888101,0.47154768345212594,-0.04099892161353745,-0.8422139958866399,-0.32372970469915774,0.41523723248833694,-0.4299725786832,1.5512886159084405,25.16,False,False,8.970667325771478
851,demosbi01,Bingo DeMoss,3421.0,9.0,0.34959152907349245,0.30671565048724403,0.39246740765974086,-0.07880329971522196,-1.1829317680858897,-1.0954223160041796,0.8143980955756179,1.8277038627386974,1.7024636484018363,8.889999999999999,True,True,9.209768851909145
852,swishni01,Nick Swisher,6308.0,11.0,0.33278824086631476,-0.036534693386597095,0.7021111751192266,-0.1282777382457743,-0.6526456504454989,0.5691588386691293,1.3136210165814382,-0.8448343636988473,-0.7505518000056126,21.520000000000003,False,False,13.055726226392848
853,clarkto02,Tony Clark,5120.0,11.0,0.3273354056574127,0.07883331179269733,0.575837499522128,-0.13084990767695548,-0.33264169158119034,0.7367760669237449,-0.012548882055853217,-0.6406653564218363,-0.9338439821597646,12.27,False,False,9.544257972609435
854,aybarer01,Erick Aybar,5626.0,11.0,0.32647113170421926,0.15136067757993368,0.5015815858285049,-0.10340063210033237,0.22216291417724215,-0.7470055758222213,-0.8985863625268069,0.45615464405928163,0.49147669119956916,22.82,False,False,11.9374143372013
855,parrila01,Larry Parrish,7450.0,14.0,0.32591816433191656,-0.06799611111526929,0.7198324397791024,-0.14293567517536165,-0.1029831949887569,0.6398894102891587,-0.59680147209724,-0.658967757063821,-0.8921530842468804,15.66,False,False,15.579187407054063
856,bucknbi01,Bill Buckner,10033.0,18.0,0.3204225095830573,-0.3492217239658637,0.9900667431319783,-0.14541548353212497,0.6940627847695164,-0.3671891648070428,-1.3988263049481287,0.07331210109572624,-0.5546307456781339,15.05,False,False,20.42884084544803
857,mcquige02,George McQuinn,6597.0,11.0,0.32035291940009014,0.12853568655197628,0.512170152248204,-0.08479114247581562,-0.025859082626309253,0.29447294110330374,0.23202440527359827,-0.5325275925819686,-0.6766249064403848,21.42,False,False,13.219381170547406
858,bierblo01,Lou Bierbauer,6034.0,11.0,0.32014821262460336,0.05503847951803406,0.5852579457311726,-0.13737147779635184,-0.15025091226766538,-0.22738628384494602,-1.2657605294621015,-0.7695465956148436,0.8972519677256303,13.969999999999999,False,False,12.205584663943185
859,hargrmi01,Mike Hargrove,6693.0,12.0,0.3189191901731351,0.019158874058759434,0.6186795062875108,-0.1126894217800469,0.5864497456411355,-0.7276613518694689,1.5535193667816851,-0.5726119622638851,-0.8420834018166342,30.36,False,False,14.446444932343757
860,adamssp01,Sparky Adams,6174.0,11.0,0.30833670624838516,0.1308135887101993,0.485859823786571,-0.0804627506587927,-0.16671514415108168,-0.8451622019610624,-0.36440506416628066,0.4902019009527012,1.0526038474810422,17.74,False,False,12.719850114598838
861,buhneja01,Jay Buhner,5927.0,12.0,0.30510861155154745,0.03963688448283149,0.5705803386202634,-0.08916268278801308,-0.6874293884771734,1.3270930896557234,1.177985013879572,-1.1737209876089614,-1.4074409788431952,22.97,False,False,12.191649063663245
862,alouma01,Matty Alou,6220.0,12.0,0.3014933427194475,-0.10368231634651498,0.7066690017854099,-0.14950359396334031,1.3842612955414684,-1.1503629901055858,-1.1773962665173645,0.6157604502836183,-0.8175475198536521,23.07,False,False,12.701084300056728
863,herndla01,Larry Herndon,5316.0,12.0,0.2938612994048717,0.12183601309100936,0.4658865857187341,-0.14482235534776772,0.1117392058082342,-0.11319229885709212,-0.6513102627207223,-0.36205733298953974,-0.21524833931042067,15.15,False,False,11.124188329768664
864,huntro01,Ron Hunt,6158.0,12.0,0.27784785642002624,0.08459583197007542,0.47109988086997706,-0.05626945582704708,0.4533143681535387,-0.7359690257242775,0.1840935164566598,-0.22377037891505902,0.1624731384500722,32.65,False,False,12.810479238262218
865,larocad01,Adam LaRoche,6329.0,11.0,0.2759162883900007,-0.003266071300630391,0.5550986480806318,-0.1109216729365705,-0.2401300302398757,0.5360765701500215,0.24520649691719584,-0.49735029845264517,-0.8724562737803465,14.379999999999999,False,False,13.278296889483565
866,brunato01,Tom Brunansky,7169.0,13.0,0.2700509348862593,0.0408436827615033,0.4992581870110153,-0.09419194712047724,-0.7556048862188302,0.7732517173740433,0.5526238436091606,-0.7395495220575946,-0.40396714311098925,21.97,False,False,15.199810113513564
867,infanom01,Omar Infante,5698.0,12.0,0.2679627806157967,-0.047116429088444045,0.5830419903200375,-0.13572400712180624,0.10078200699922604,-0.5029797700895573,-0.9684681455992391,-0.1637193958815608,0.49077037976686555,17.02,False,False,11.32736313500293
868,shindbi01,Billy Shindle,6351.0,11.0,0.2648488727748883,0.055448828864247846,0.4742489166855287,-0.1752640557445872,-0.326725709196168,-0.2491958906234685,-0.7659593086700001,-0.22751891399799026,0.4843012323405139,17.09,False,False,12.814965693580518
869,collida02,Dave Collins,5507.0,11.0,0.2563011429276479,0.039161333736939655,0.47344095211835613,-0.13810236404941548,0.13125725265233903,-1.0508605999125815,-0.17566881018525538,1.9320302492317618,-0.18928751887996692,15.78,False,False,10.566477199086714
870,beschbo01,Bob Bescher,5277.0,8.0,0.25625374886334396,0.324458105513852,0.18804939221283584,-0.009385809597174437,-0.40786050930646167,-0.047678667683259804,0.9087855291557744,1.9959045900645718,-0.8159653421114632,21.84,False,False,10.199742369573524
871,fieldce01,Cecil Fielder,5939.0,9.0,0.2518681827040652,0.36400276223128836,0.13973360317684203,-0.11445348849799294,-0.6471795906525074,1.0904319301436305,0.5891291911596378,-0.7000425342659146,-1.1816892801735113,17.23,False,False,11.721620071783947
872,doolami01,Mickey Doolin,6598.0,12.0,0.24948416981302984,-0.07966020028809859,0.5786285399141583,-0.14580910584873533,-0.8584533614399243,-0.08236942512142326,-0.729867478513695,-0.5163158392126711,1.3052803094615284,14.53,False,False,13.337970271342316
873,escobed01,Eduardo Escobar,5121.0,10.0,0.24413793998802524,0.1605886220544668,0.3276872579215837,-0.10499452513406765,-0.07920303709658463,0.2443515167873429,-0.5440166063976974,-0.5373807505862207,-0.23199666671451646,12.43,False,False,10.991250654190987
874,johnswa04,Wade Johnston,2944.0,9.0,0.2338615631319611,0.24441285468824386,0.22331027157567837,-0.07197565437659757,0.10576464732964788,0.016169072575332046,0.38448034411739845,0.5748794943909575,-1.1222464543712098,13.58,True,True,9.36411999617231
875,davisto02,Tommy Davis,7739.0,15.0,0.23276224543455712,-0.32355250525886675,0.789076996127981,-0.19735257221414196,0.9149023437180108,-0.544773320521817,-1.251004437436483,0.26198239868607515,-1.0474453764897966,20.310000000000002,False,False,16.11796309510682
876,caseyse01,Sean Casey,5644.0,11.0,0.22213329450060407,0.10757232916232212,0.336694259838886,-0.1546400801900176,0.8708502336122266,-0.6431705715258788,-0.45844010475313524,-0.4644448690349671,-0.6532774071855584,16.46,False,False,11.84637825916542
877,harrebu01,Bud Harrelson,5516.0,11.0,0.2208756285826954,0.05114058322955346,0.39061067393583737,-0.09641029414292056,-0.5732205397676192,-0.997949016711308,0.7736591816201812,0.2869493686056333,1.3443985888908805,20.25,False,False,10.526760775210429
878,javiest01,Stan Javier,5755.0,13.0,0.21910688741371767,-0.18119807315081676,0.6194118479782521,-0.16919343795251884,0.05758828606354517,-1.0631556048953144,0.20334601013184664,0.8541852025660274,0.13361818213612248,25.46,False,False,11.444350984993456
879,wilsoji01,Jimmie Wilson,5253.0,14.0,0.20407193203567298,-0.09523305689062567,0.5033769209619716,-0.13878081713375437,-0.2312916824865376,-0.615181395901993,-0.540095597296388,0.26482335449905825,0.7134416533126888,11.17,False,False,10.747216147333267
880,johnsji01,Jimmy Johnston,5628.0,10.0,0.18792169264454045,0.14400940653409475,0.23183397875498613,-0.0868511270199828,0.2904065028499665,-0.4778445563034771,-0.3218846536525317,0.29875580346597497,-0.14153412982636943,17.419999999999998,False,False,11.541059515384639
881,reedjo01,Jody Reed,5248.0,9.0,0.1821151901460197,0.15669508536767945,0.20753529492435996,-0.12287876043643711,0.15947737110925467,-0.7491473229829533,0.46741713299169235,-0.7111023078701966,0.39195371306761445,15.89,False,False,11.230781533419487
882,chapmsa01,Sam Chapman,5600.0,10.0,0.18131465272449543,0.10695488523386965,0.2556744202151212,-0.10896506505402188,-0.5074003673184776,0.523923338789792,-0.06099870043488538,-0.33161055054130184,-0.37330515698898725,17.03,False,False,11.454449529499039
883,walkecu01,Curt Walker,5572.0,10.0,0.18115653733583126,0.03910735074393336,0.32320572392772917,-0.09475188047396733,-0.0756896563632572,-0.008698304231118085,0.3552909289262259,-0.18586597490746265,-0.43188993848765533,22.1,False,False,11.718859738838276
884,tobinja01,Jack Tobin,6872.0,12.0,0.17626604920225977,-0.0361912645578521,0.38872336296237164,-0.12355913609421407,0.4569474792583734,-0.053522062697205115,-0.301576078186161,-0.3494295445591102,-0.897430993940187,21.01,False,False,13.563910756380453
885,beckegl01,Glenn Beckert,5572.0,9.0,0.1737055744332942,0.1427325200336501,0.2046786288329383,-0.10702534163037133,0.7829599125881211,-0.8363838223941946,-1.1207806487810055,-0.30685614793292615,0.25882755491421894,15.6,False,False,11.192125560138276
886,reynoma01,Mark Reynolds,6243.0,12.0,0.16805725518365458,-0.05887556913686469,0.39499007950417386,-0.1168353788663193,-0.8633232784442783,0.8841437898571437,0.7457328600257135,-0.13473031928628512,-0.9209089318206091,6.86,False,False,13.112744729898111
887,michaca01,Cass Michaels,5020.0,10.0,0.15853527099080833,0.1630531755691839,0.1540173664124328,-0.12650446354786815,-0.30518424639373787,-0.6177248562386735,0.3043878457793071,0.22246988743224166,0.4884124696035016,15.87,False,False,10.340901233997242
888,falkbi01,Bibb Falk,5264.0,10.0,0.15724094982031617,-0.0931521719878375,0.4076340716284698,-0.1710419376635532,0.21775743100662304,-0.019059168473359294,-0.21451989827015988,-0.7092222218892916,-0.691386022037936,22.68,False,False,10.223510970819131
889,nixonot01,Otis Nixon,5800.0,11.0,0.1521271529156102,0.020865506625591168,0.2833887992056292,-0.10246507736187235,0.09570944602968963,-1.8257058358613274,0.2745301930670133,3.4838523951850844,0.20347790381204628,16.64,False,False,11.435832194675154
890,ibanera01,Raul Ibanez,8278.0,15.0,0.1398479859293801,-0.22438512887659118,0.5040811007353514,-0.1297015841587343,0.12336689923495685,0.4772481165991132,-0.06842483128821374,-0.7094576803771909,-1.1604891887120743,20.900000000000002,False,False,16.705932122362615
891,lumpeje01,Jerry Lumpe,5441.0,9.0,0.12694760258139712,0.1721560993437669,0.08173910581902732,-0.0980257714173683,0.14936722879461603,-0.6173700578745644,-0.13064843773679133,-0.5754590177732665,0.5649291142881098,15.42,False,False,10.64765495741576
892,hamilda02,Darryl Hamilton,5176.0,8.0,0.12142979316619287,0.2540289829706368,-0.011169396638251061,-0.06979874179991523,0.7224034863014575,-1.0371769901062922,0.036178561523295245,0.21961140210921132,-0.004728435108577345,16.73,False,False,9.443305300787816
893,campbbr01,Bruce Campbell,5369.0,10.0,0.12082616472721983,-0.027174111360735012,0.26882644081517465,-0.06977780628621638,-0.08956862140847573,0.46803839517636214,0.3913234620117893,-0.20827863135506988,-1.0081161074112712,16.830000000000002,False,False,10.174071211226856
894,doughpa01,Patsy Dougherty,5109.0,10.0,0.11347964271533098,-0.03743539226818037,0.26439467769884234,-0.14469219126586388,0.4195336870684726,-0.2401951989028618,-0.07454793814185555,0.6458153503550418,-1.2781023946843286,18.01,False,False,10.711352669969338
895,casteni01,Nick Castellanos,6950.0,12.0,0.10952223135890993,-0.17972576436262377,0.39877022708044363,-0.13805087432391946,0.5034518250637975,0.36475578011690235,-0.7910524907194811,-0.6170286501225489,-1.2885252089696315,11.96,False,False,15.688240759020191
896,offerjo01,Jose Offerman,6582.0,12.0,0.09902025508760609,-0.09899259893235035,0.29703310910756253,-0.1419262899254129,0.07843496895726207,-0.7538156881235406,0.6972719814690351,0.3240481134986704,-0.2072204183614996,17.119999999999997,False,False,13.306675272897165
897,critzhu01,Hughie Critz,6415.0,12.0,0.07284313749137353,-0.3411734529513264,0.48685972793407345,-0.1716713918317723,-0.6530362401991947,-0.6313321212238672,-1.2261661382436453,-0.13439293504003447,1.7484751196175707,16.91,False,False,13.509803170287428
898,ruelmu01,Muddy Ruel,5292.0,12.0,0.06788191352060055,-0.057545148642825464,0.19330897568402655,-0.1363734476337844,-0.25271564521941164,-0.9725970993289185,0.8603112015275023,-0.24587576080896154,0.8488841582943027,20.95,False,False,9.687888449783392
899,moustmi01,Mike Moustakas,5577.0,11.0,0.06377308749004659,-0.12813383215033597,0.25568000713042915,-0.1528561013818705,-0.364675321593033,0.19394934889468787,-0.4839717887220936,-0.49281311875255185,-0.019799094124512202,12.71,False,False,11.48621138347794
900,lopezhe01,Hector Lopez,5177.0,11.0,0.04426994631374975,-0.1722235546951325,0.260763447322632,-0.1329879779336762,0.07563846866278719,-0.06912927106490387,-0.40709902370055606,-0.6196080431218898,-0.16135015265398298,12.709999999999999,False,False,10.786447015287635
901,lowrije01,Jed Lowrie,5196.0,10.0,0.03760425051027659,-0.13811416681435665,0.21332266783490983,-0.136644722804522,-0.03134976391123869,-0.037677516171627706,0.5371219642564793,-0.900869393489261,-0.3978089792819197,15.42,False,False,10.228356003616184
902,bluelu01,Lu Blue,7207.0,12.0,0.02893785068442914,-0.17390368339776108,0.23177938476661936,-0.09018093068184961,-0.40315004447943487,-0.4045246128658173,2.0454385646977804,0.2721368497239492,-0.39818037460223443,37.64,False,False,14.595199883385602
903,kellypa01,Pat Kelly,5011.0,11.0,0.020129244826223747,-0.16561330533703128,0.20587179498947877,-0.12230520960471938,-0.10270855467595355,-0.5192660689829194,0.6781560547687543,1.7734375484295288,-0.9043609141344289,11.709999999999999,False,False,10.09844584190491
904,weeksri01,Rickie Weeks,5112.0,10.0,0.018805188499409597,-0.11001659367216698,0.14762697067098618,-0.13924057963657177,-0.6704138803423434,0.49648443484688937,0.749611794689013,0.5240922912216317,-1.072160772895,11.57,False,False,10.316908642375255
905,byrnebo01,Bobby Byrne,5480.0,9.0,0.014470696869054264,0.05807636086297338,-0.029134967124864852,-0.17019670439014545,-0.30006331461670144,-0.39960986891030226,0.1153060477075065,-0.2717176413618355,0.2767320501669425,12.89,False,False,10.945373466094788
906,stairma01,Matt Stairs,6023.0,12.0,0.014451966294248997,-0.2428117001208262,0.2717156327093242,-0.1969005355734633,-0.3037825150029471,0.6310591862395815,0.6262972658768198,-0.6688076765993686,-1.4541624793609935,14.129999999999999,False,False,11.118958514594587
907,fletcel01,Elbie Fletcher,5826.0,9.0,0.007409605710959805,0.0568701643522771,-0.04205095293035749,-0.1223264607599408,-0.21835670320003758,-0.227059257426118,1.3495704719097932,-0.516718140705561,-0.35993452846258683,33.34,False,False,11.893168241360408
908,ausmubr01,Brad Ausmus,7101.0,15.0,-0.005714859432703168,-0.5641052643417466,0.5526755454763402,-0.22811701895824582,-0.6545640075292405,-1.0961364702145402,0.122716328622682,0.12505288825353694,1.3615810133863318,16.54,False,False,14.387234088661673
909,moralke01,Kendrys Morales,5357.0,11.0,-0.01943860439206961,-0.1582074338706298,0.11933022508649058,-0.1857559255994286,0.0984561530509149,0.21749713493520592,-0.3851089208758985,-0.5591808093488168,-0.9305646948639668,13.16,False,False,10.990538620633362
910,hoydu01,Billy Hoy,8385.0,14.0,-0.022299908181928008,-0.6571227589794382,0.6125229426155822,-0.19338298897632786,-0.06622364176821925,-0.41090026890814096,0.8998376818224848,0.5249343237670167,-0.9636150816618496,33.12,False,False,17.55508589273653
911,owensp01,Spike Owen,5615.0,13.0,-0.026899263920072886,-0.41944443362188855,0.3656459057817428,-0.21061447567380734,-0.5986559834331773,-0.5106936900414955,0.5113779187942179,-0.27334373775263093,0.49193504132217875,12.55,False,False,12.18735543638481
912,thomafr03,Frank Thomas,6916.0,12.0,-0.029772882017398083,-0.3812325366476382,0.321686772612842,-0.17537308221758235,-0.16195184146195277,0.6200655384366147,-0.7353945466397517,-0.6679903030069282,-0.8623435317265643,18.68,False,False,13.77295470547865
913,sexsori01,Richie Sexson,5604.0,9.0,-0.033355714129691724,-0.10108061662310028,0.03436918836371683,-0.1410248827544944,-0.5372268073038923,0.9377961161345503,0.22041403892118053,-0.505763857190507,-1.1633034678837957,18.04,False,False,10.886185892508625
914,blasido01,Don Blasingame,5938.0,11.0,-0.04278263881420079,-0.2655262559233978,0.17996097829499622,-0.15910719137624418,-0.269052421982115,-0.9882759423046309,0.17318723067988434,0.6351657499270291,0.6862800992454412,18.36,False,False,12.594624975968166
915,hayesch01,Charlie Hayes,5765.0,12.0,-0.06082641890420612,-0.30275355082447686,0.18110071301606462,-0.19729317687335649,-0.2521023735350891,-0.24745551731123966,-0.5765455606125753,-0.34875613146163953,0.2255217979398182,10.53,False,False,12.474594329796307
916,mclemma01,Mark McLemore,7239.0,15.0,-0.06409135751821349,-0.4890440264377134,0.3608613114012864,-0.20891680043765537,-0.4204986519700058,-1.0709586816187862,0.8727100950106892,0.7542497989741079,0.3791220512025125,19.55,False,False,14.777250544022303
917,smithja03,Jack Smith,5026.0,12.0,-0.06875240293240573,-0.3141554844548782,0.17665067859006672,-0.1781373964554033,-0.1445243299096306,-0.3061812010084162,-0.47285091270641616,1.346981319913363,-0.6516938895034193,13.93,False,False,10.266182454523026
918,francti01,Tito Francona,5776.0,12.0,-0.07336194501478924,-0.3138787194161142,0.16715482938653575,-0.23481818118210057,0.21072334775908177,-0.40190345254014664,0.10545584154949071,-0.16693153139127082,-0.8565829038180155,13.92,False,False,11.180670878716512
919,mannle01,Les Mann,5201.0,10.0,-0.07778815825692734,-0.05071233034312822,-0.10486398617072645,-0.16732747323623504,-0.10922977735273033,0.26939927121534973,-0.7302918597537397,-0.3003457006211824,-0.5615728267876432,14.58,False,False,9.288721208367871
920,dejesda01,David DeJesus,5916.0,12.0,-0.07826298220638972,-0.35499816663782147,0.19847220222504203,-0.15525438929458885,0.19920694785884197,-0.4758206584566809,-0.01968552704107319,-0.4545130528356902,-0.12425209063780412,23.419999999999998,False,False,12.443673827166046
921,fosteed02,Eddie Foster,6317.0,11.0,-0.08857025989139053,-0.22973902610512154,0.05259850632234049,-0.10630151985788588,-0.122970767975324,-0.6410802836700575,0.16157210913942072,0.0024934813544107482,0.5325361829317271,25.47,False,False,12.82359969441472
922,clarkho01,Horace Clarke,5242.0,8.0,-0.10347784945589142,0.06663691279611267,-0.2735926117078955,-0.09198368666339238,-0.07572917172215275,-0.9164908244177584,-0.45878038948539945,0.8829375861167299,0.8163329625772398,15.67,False,False,10.763631181568346
923,tucketo01,Tommy Tucker,7273.0,13.0,-0.10764594046530349,-0.5992922555305207,0.3840003745999137,-0.2612763080866017,0.10336247745003696,-0.5741547774620523,-0.5282113862672159,-0.28661518329560626,-0.19277980563357452,24.35,False,False,14.912844648964809
924,chambch01,Chris Chambliss,8305.0,14.0,-0.11129828470635894,-0.5056942986883952,0.28309772927567733,-0.1423707916083808,0.2718494333327719,-0.058065635302609275,-0.5238441936465728,-0.4353257915747114,-0.5529446624765059,27.5,False,False,17.295828878406134
925,weisswa01,Walt Weiss,5515.0,12.0,-0.11881307137635541,-0.40582154884994354,0.1681954060972327,-0.1825573400045791,-0.36090183400226367,-1.0861256121847762,0.9762491595170127,-0.18152957479647455,0.8603946768973953,16.529999999999998,False,False,11.674387850324
926,corcoto01,Tommy Corcoran,9400.0,17.0,-0.12114476327296564,-0.6152683111829238,0.3729787846369925,-0.16782615341213444,-0.5758165444373796,-0.33768563939077606,-1.1616202533809898,-0.13561790196718512,1.1797415863556486,20.36,False,False,19.224273314043064
927,guzmacr01,Cristian Guzman,5785.0,10.0,-0.12433370001841723,-0.18415785601146673,-0.06450954402536774,-0.24196248001499226,-0.1070443680607996,-0.6640973886897839,-1.1499974159265112,0.2485811793333466,0.3976083533474957,12.629999999999999,False,False,11.609741562107798
928,javieju01,Julian Javier,6179.0,12.0,-0.13294751960804413,-0.29203505966247173,0.0261400204463835,-0.1273169926122642,-0.1142167487044185,-0.33286312924258205,-0.999037644673331,0.6773813682732532,0.1948629920592189,13.87,False,False,12.793267360330848
929,jonesfi01,Fielder Jones,7894.0,13.0,-0.13897581567075523,-0.49264495832098626,0.2146933269794758,-0.129676657087249,0.004121426525149243,-0.7582700553751088,0.8598945062477658,0.19867181752307062,-0.04644350404672372,42.76,False,False,16.385903457426913
930,higgibo02,Bobby Higginson,5660.0,10.0,-0.14984533909330527,-0.20413711341010835,-0.09555356477650223,-0.17786743574987204,-0.1471556542747642,0.10750627666172537,0.5379189255344694,-0.2707223831901135,-0.9634613835019801,23.080000000000002,False,False,11.660428813204229
931,joneswi01,Willie Jones,6714.0,11.0,-0.1504416035097893,-0.2584713813301416,-0.04241182568943702,-0.12427603459020647,-0.480089598747962,0.1886227516262048,0.22753042375647411,-0.25972070499127214,-0.16808476165099756,24.79,False,False,13.334717283073191
932,palmede01,Dean Palmer,5513.0,10.0,-0.1516973717630542,-0.181138429337399,-0.12225631418870939,-0.13149757626621886,-0.6826922894996424,1.0150758595628688,-0.09438979072128467,-0.30631477333824625,-0.9557109543961684,13.29,False,False,11.073632952954974
933,kotsama01,Mark Kotsay,7109.0,14.0,-0.1638975266568511,-0.5880909012907373,0.2602958479770351,-0.20936408476314228,0.16107091482401015,-0.6804749672566227,-0.4459001305837194,-0.26859208233340154,0.08953176129176775,21.35,False,False,13.998408584842245
934,kessido01,Don Kessinger,8529.0,14.0,-0.16427481812737868,-0.5120960519457385,0.18354641569098112,-0.19111941917572375,-0.07146776821500692,-0.8670781243386313,-0.16146499430813516,-0.3082852751161337,0.687096877663973,8.9,False,False,17.407696969649294
935,branski01,Kitty Bransfield,5386.0,10.0,-0.16506732879520522,-0.2500631913273794,-0.08007146626303102,-0.19984082396095149,0.08568155943218111,-0.025994479159801985,-0.8868268208370474,-0.15613702255634002,-0.5672528185166323,10.03,False,False,10.979488315059665
936,bellda01,David Bell,5380.0,9.0,-0.16962736973938625,-0.09188092834846745,-0.24737381113030504,-0.14778431814929713,-0.45964325453294397,-0.38510770628925034,-0.23734301717498404,-0.6989305051338203,0.9963416116412082,15.24,False,False,10.250336257205914
937,martida01,Dave Martinez,6480.0,15.0,-0.17047603894606755,-0.6456682507110181,0.30471617281888297,-0.21833956821490713,0.15510258955412554,-0.7488927471128288,-0.1526430594872651,0.09527467481567013,-0.1723284124006835,19.130000000000003,False,False,13.631527100218461
938,colemvi01,Vince Coleman,5970.0,11.0,-0.18211044783656402,-0.4080667299828016,0.04384583430967355,-0.16371214937427175,-0.13317912515719438,-1.2305240357160803,-0.31460259379653244,4.087040113983469,-0.6592247656549148,12.51,False,False,13.067209323036673
939,hemphch01,Charlie Hemphill,5093.0,11.0,-0.18291716069791425,-0.32402999093450185,-0.041804330461326644,-0.27031367003003287,-0.06133193102979583,-0.41714179562145554,0.3047508084406697,0.0960832260915584,-0.8342747774394014,15.909999999999998,False,False,10.64813708607233
940,youngdm01,Dmitri Young,5252.0,10.0,-0.18949509430342465,-0.22520993652242682,-0.15378025208442248,-0.1081164142775537,0.5595283089170738,0.13188798624188597,-0.5949065461767635,-0.6884591101759334,-0.9360236859498596,12.23,False,False,10.05076992274483
941,hubbagl01,Glenn Hubbard,5122.0,10.0,-0.19261893345113437,-0.3955338298123719,0.010295962910103151,-0.17858436848522224,-0.7316552988616227,-0.2705557271205641,0.5632653945267119,-0.7168012353489129,0.6871626169582692,19.22,False,False,10.469686676948406
942,mcraebr01,Brian McRae,5737.0,9.0,-0.20612899932772016,-0.35147098533573007,-0.06078701331971026,-0.20122489098015364,-0.49840999395934743,-0.4137550849323608,-0.21063328657748484,0.4237700152667321,0.25555479909217055,14.34,False,False,12.170484306024326
943,pinielo01,Lou Piniella,6362.0,13.0,-0.20966531046856274,-0.7210213434665774,0.30169072252945195,-0.26040146201603576,0.7007213438998162,-0.38144927997380357,-1.018570051766294,-0.6985875385396519,-0.9223366108162243,12.5,False,False,12.73348776393436
944,parrage01,Gerardo Parra,5290.0,11.0,-0.22647102838332295,-0.34341089418327553,-0.10953116258337037,-0.17946011708216236,0.4093943997009012,-0.6323073809503337,-0.8223057180632873,-0.07124736293091752,-0.11615457303956057,10.74,False,False,11.452063750877997
945,milledo01,George Miller,5695.0,11.0,-0.23047037247859536,-0.4903879564836125,0.029447211526421796,-0.18001448975069204,-0.03350688808831909,-0.4764529562264103,-0.038684229422949606,-0.09003896030516409,-0.043057722664536946,19.14,False,False,11.404977940105214
946,cabreme01,Melky Cabrera,7527.0,14.0,-0.23072376547980114,-0.773347849242537,0.3119003182829347,-0.2659830735644568,0.6083680788512961,-0.5787569957349527,-0.5999814608857987,-0.36654624256134966,-0.8910681407732248,21.14,False,False,16.010863601090776
947,dentbu01,Bucky Dent,5025.0,10.0,-0.25058517177882195,-0.38117911609378813,-0.11999122746385574,-0.19667300678377922,-0.5809779236684575,-0.6390611703803917,-0.5054643868950446,-0.8186502940173086,1.5087509476105543,17.51,False,False,10.605218487797382
948,oldriru01,Rube Oldring,5096.0,10.0,-0.25348791646671487,-0.26545286298387827,-0.2415229699495514,-0.22185285756552536,0.019846415707419643,0.1717111551324168,-1.3773598393029427,-0.03981888684046387,-0.6880112810156783,14.49,False,False,10.07590221125437
949,bochtbr01,Bruce Bochte,5994.0,12.0,-0.25851005698017043,-0.5357556691523654,0.018735555192024522,-0.23377393602405977,0.36997252841137535,-0.527890248028299,0.5439023710198215,-0.5048762520765607,-0.9515061601665437,19.37,False,False,12.9977076891957
950,perezne01,Neifi Perez,5510.0,10.0,-0.27839826768707593,-0.3950289665519187,-0.16176756882223312,-0.19854894718045446,-0.13459909929464253,-0.7081240710266375,-1.1827240865830528,-0.4794455958294682,1.1024248607859082,2.58,False,False,11.357283801593782
951,coninje01,Jeff Conine,7781.0,15.0,-0.28017654317651697,-0.6794126100834488,0.11905952373041484,-0.2084814761996745,0.291865849353418,-0.2559825208173118,-0.28218040532075983,-0.5568372441863394,-0.6767235490489822,19.53,False,False,16.3004447937364
952,gantnji01,Jim Gantner,6782.0,14.0,-0.2804984726004161,-0.5195968596791618,-0.041400085521670446,-0.14666307970462075,0.3120159707042186,-0.8387108463242451,-0.9420685251585146,-0.09391288135992368,0.574717618166155,22.45,False,False,14.201236309935057
953,polonlu01,Luis Polonia,5296.0,12.0,-0.29628564618938613,-0.60464825589351,0.012076963514737749,-0.22064879730376072,0.6852737451902342,-1.108493883666438,-0.668519424636627,1.5610283491240604,-0.9146682410482154,9.0,False,False,11.451349854765278
954,butlebi03,Billy Butler,5686.0,10.0,-0.29962255610773125,-0.43889631828310915,-0.16034879393235332,-0.18328372445055227,0.8032258607554,-0.2996994024848713,-0.11268548304931494,-0.6007704905327533,-1.3149803228675203,11.77,False,False,12.059515809125575
955,mcmilro01,Roy McMillan,7653.0,16.0,-0.30464464677349046,-0.9911661854251919,0.381876891878211,-0.26867084359730803,-0.7709172757868898,-0.9177943006030878,-0.1748176287313994,-0.4514881191520281,1.5028660205401398,25.81,False,False,15.969784369373095
956,womacto01,Tony Womack,5389.0,9.0,-0.3072194491144534,-0.3548987250531262,-0.2595401731757807,-0.15248782025864382,-0.011051634892776102,-1.1755614159411392,-0.9366222346363517,2.6537090915304318,0.1589370465106133,2.4399999999999995,False,False,10.908672750999038
957,lachaca01,George LaChance,5307.0,10.0,-0.32517455463069367,-0.48632723056484645,-0.16402187869654095,-0.2250072140099039,-0.2502196646550109,0.06150072888547799,-0.9616432713804277,-0.27726004834200285,-0.22250600653400468,10.610000000000001,False,False,10.814834197735525
958,tebeapa01,Patsy Tebeau,5021.0,11.0,-0.3262022478714246,-0.49983604378665636,-0.15256845195619279,-0.2508138314172022,-0.19169744175640763,-0.45917045716425997,-0.6335349743409996,-0.6210809071415418,0.3495406320362612,9.66,False,False,10.290569684489066
959,crossmo01,Monte Cross,6721.0,13.0,-0.32904387816063235,-0.859002236302832,0.2009144799815673,-0.26476836719645186,-1.2324098116423017,-0.2852608053934672,0.6029148511464075,0.27209858467375647,0.515157371661312,16.43,False,False,13.767120499403251
960,gonzaal02,Alex Gonzalez,6248.0,11.0,-0.3478295000126288,-0.4736637543665497,-0.2219952456587079,-0.23050129941757536,-0.7305198737419513,0.06346026488030469,-1.0633308248981008,-0.8043422717044735,0.78191946450588,9.379999999999999,False,False,12.15616581218423
961,millafe01,Felix Millan,6325.0,10.0,-0.3493441531419204,-0.4794948031408361,-0.21919350314300473,-0.17109134617173974,0.5608080560128059,-0.8546951201124803,-1.0205908972852824,-0.3780398388974563,0.2846892333821823,17.68,False,False,12.605047870230706
962,moranmi01,Mickey Morandini,5135.0,10.0,-0.3572290476435621,-0.456613946861038,-0.2578441484260862,-0.23189013029146915,-0.16537083824878088,-0.7933839970414014,-0.17196509234819551,-0.02073463828179979,0.3750314667929249,9.85,False,False,11.043605386556257
963,shottbu01,Burt Shotton,5742.0,10.0,-0.360475219306761,-0.5163420712859156,-0.20460836732760646,-0.2379507026770236,-0.10597584467104394,-0.9201331939841281,1.2060784798330655,0.7537304964962446,-0.630494443567015,23.34,False,False,12.013168321859713
964,lewisdu01,Duffy Lewis,6007.0,10.0,-0.36549493231790403,-0.5100371423153945,-0.22095272232041355,-0.17221915014503866,0.27063225592762874,0.13430060478708605,-0.8578648833429908,-0.9364460535307686,-0.5713395733603858,21.27,False,False,12.3936898929757
965,sanchre01,Rey Sanchez,5246.0,13.0,-0.3663554852455094,-0.5429369332353846,-0.18977403725563427,-0.19796637011035473,-0.042731273450667226,-1.3055893560994614,-1.201002613274524,-0.5008053887039596,1.8835530947626615,20.59,False,False,11.047646654336608
966,hanlone01,Ned Hanlon,5577.0,12.0,-0.36673566311056993,-0.5116863381581325,-0.22178498806300737,-0.21228574169499517,-0.212770552346024,-0.4320303940573461,0.63531684076072,1.0885316688432498,-0.7114053215903319,18.08,False,False,13.429688898070141
967,beniqju01,Juan Beniquez,5150.0,12.0,-0.3709613036861485,-0.5420718881703884,-0.19985071920190853,-0.24055702362595607,0.27683253568911137,-0.6667780613418833,-0.6663682107790453,-0.14453856518936212,-0.21241344166641907,9.94,False,False,9.653864459508862
968,powervi01,Vic Power,6461.0,12.0,-0.3824317224378648,-0.7176664929601619,-0.047196951915567636,-0.23433860437208476,0.41393809057105,-0.5478121021750322,-1.5363286649561774,-0.16528295473851948,-0.12007619460710199,15.32,False,False,13.7667658909525
969,ingebr01,Brandon Inge,5617.0,12.0,-0.3833324290019636,-0.5526680665713599,-0.2139967914325673,-0.2201116238316551,-1.175208645275635,-0.16163946839474322,-0.19574325824050487,-0.2624429154617826,1.1338071381984354,19.17,False,False,11.341469178817725
970,robinwi01,Wilbert Robinson,5430.0,16.0,-0.38592153527036466,-0.8620765126559609,0.0902334421152315,-0.281344134212223,-0.13587652691104427,-0.571164810591716,-0.7489178743158806,-0.24216837776445743,0.1493844612331946,6.48,False,False,10.861099245049946
971,comisch01,Charlie Comiskey,6040.0,13.0,-0.3865485975500653,-0.8420660950315806,0.06896889993144989,-0.31209392742486375,-0.24542150400589283,-0.7623032497313762,-1.2437252762955067,0.9868346073422343,0.2297892095099585,7.64,False,False,13.2258732050104
972,trillma01,Manny Trillo,6573.0,12.0,-0.3946759918830903,-0.7001816140343613,-0.08917036973181933,-0.24287259562137178,-0.14468139205317762,-0.6482786594273973,-0.5648170106215167,-0.6507275857401025,0.5828493972948128,11.27,False,False,13.01574688447509
973,overbly01,Lyle Overbay,5796.0,11.0,-0.41067400390977415,-0.5523571091055038,-0.2689908987140444,-0.20555216776632015,-0.1582700977520351,-0.22707555001950389,0.43960064797779896,-0.42012017514036526,-0.45948260359300913,16.320000000000004,False,False,11.953263590343962
974,mcinnst01,Stuffy McInnis,8623.0,14.0,-0.4223989550756622,-0.951576899224168,0.10677898907284358,-0.26054115817715695,0.6265886315039401,-0.7244168858806758,-1.1852859597969267,-0.45837730834885937,-0.33413177524778803,35.52,False,False,17.133648814049582
975,zeileto01,Todd Zeile,8649.0,15.0,-0.42956978858983147,-0.9076646836569637,0.04852510647730077,-0.17993838085105793,-0.2451786361917786,-0.06654459397016049,0.4267868438558523,-0.4339019744877272,-0.4285494936964436,19.330000000000002,False,False,18.40392587095891
976,cowenal01,Al Cowens,6038.0,12.0,-0.43472140417112365,-0.6696196984505612,-0.19982310989168603,-0.26705655720038873,-0.024286874729695776,-0.11556630100900916,-0.7136819581532027,-0.20936721289292623,-0.6639784368708217,15.229999999999999,False,False,12.830246205411335
977,hemslro01,Rollie Hemsley,5509.0,14.0,-0.4390235093774839,-0.7848407810788604,-0.09320623767610745,-0.3206892929342014,-0.6404287131771306,-0.48269697474583906,-0.701141253180097,-0.39225116864382426,0.6279382781254083,3.7199999999999993,False,False,9.70193381470726
978,pepitjo01,Joe Pepitone,5476.0,10.0,-0.45472383366163127,-0.5327707220447561,-0.3766769452785065,-0.18451142263726042,-0.12420834515700839,0.4504232741923662,-1.020999959837389,-0.3382183973619642,-0.7322703281396622,9.7,False,False,11.028951445723537
979,hollocr01,Crush Holloway,3795.0,11.0,-0.45845096477745784,-0.4731253761494232,-0.4437765534054925,-0.33210752939100596,-0.7387210738917817,-0.6794332728409338,-0.6904174470404407,1.2538692463489496,0.18496797348978852,5.109999999999999,True,True,12.068990307657453
980,hosmeer01,Eric Hosmer,6977.0,11.0,-0.46358040920382965,-0.584344158285252,-0.3428166601224073,-0.21252576513338814,0.5392607098259067,-0.5010358372028876,-0.34931308984160725,-0.038308622444313406,-0.9261552784585089,19.099999999999998,False,False,14.617270526154758
981,austiji01,Jimmy Austin,6302.0,12.0,-0.4818432276799379,-0.7180900346095255,-0.24559642075035037,-0.19521543400868627,-0.5862468647204032,-0.5195887257088727,0.4400937430658824,0.16389747152682096,0.38068060830413114,21.9,False,False,13.289558703206279
982,bellde01,Derek Bell,5068.0,8.0,-0.4897158083762713,-0.2383890588105685,-0.7410425579419742,-0.1960919355558577,0.08581622906045508,-0.3385312056530605,-0.7087945529615031,0.46837837493790707,-0.4811791238785822,13.079999999999998,False,False,10.192629379077674
983,knighra01,Ray Knight,5291.0,10.0,-0.5138923236793489,-0.6341523803701407,-0.39363226698855713,-0.25722227165060424,0.11011756702120788,-0.45111962542937667,-0.7565300767073674,-0.5928833776725755,-0.09990154345079627,13.22,False,False,11.072560795693585
984,sizemte01,Ted Sizemore,5648.0,11.0,-0.5198961249761725,-0.7841260984520562,-0.25566615150028893,-0.23873285778903677,-0.11347619765179535,-0.9544702947180477,-0.1562645890325533,-0.49091615256767634,0.7318458204096953,16.15,False,False,11.523041945371697
985,cruzjo02,Jose Cruz,5448.0,11.0,-0.5267691242717685,-0.6166678621877378,-0.4368703863557992,-0.18682930463139497,-0.9423402010705554,0.35979625213338534,0.7619491288530176,0.05106547618685441,-0.4668379022711556,19.56,False,False,11.198568505886065
986,eckstda01,David Eckstein,5705.0,10.0,-0.5401995590467779,-0.5093591645024563,-0.5710399535910993,-0.2084836295643733,0.3034012470840826,-1.2653490122627922,-0.4734473469759528,0.2344966996236404,0.5199788236223544,20.85,False,False,11.983220823140739
987,yosted01,Eddie Yost,9175.0,15.0,-0.58433093477562,-1.1539630097838176,-0.014698859767422523,-0.26025136900239954,-0.5581388100873079,-0.3972327872731627,2.0886325229563076,-0.08611125801213754,-0.8694600814433764,35.11,False,False,19.00666110555569
988,johnsde01,Deron Johnson,6620.0,13.0,-0.5939181099730976,-0.8375703821662588,-0.3502658377799364,-0.3271896220413917,-0.6099983334586904,0.5894508312476034,-0.14123862537109333,-0.6585586260106849,-1.2052282311994384,6.23,False,False,13.745426521323507
989,millake01,Kevin Millar,5382.0,11.0,-0.603265889491059,-0.7218634628572301,-0.48466831612488787,-0.27503110648888157,-0.058153597967941825,-0.07245595887351376,0.2150976387433083,-0.6942287379639037,-0.9396756475719271,14.23,False,False,11.083706234063005
990,mancugu01,Gus Mancuso,5025.0,13.0,-0.6087618427552042,-0.8828619965315224,-0.33466168897888593,-0.34473775748715124,-0.5999397123752545,-0.628104883358241,-0.16618570865294532,-0.7062923844850889,0.554617152733504,10.48,False,False,9.401555350927195
991,gustifr01,Frankie Gustine,5037.0,10.0,-0.6143156861206776,-0.6674468723932381,-0.561184499848117,-0.24024698506947323,-0.17165087726448996,-0.33866806841612146,-0.6733099446435298,0.0033336417187621475,-0.10076835536406516,8.41,False,False,10.656888624371808
992,gonzaal01,Alex Gonzalez,5528.0,10.0,-0.6248536988279707,-0.6267738444347517,-0.6229335532211896,-0.199559669074193,-0.9144611150976601,-0.01379939060489836,-0.3919495768051629,-0.1055165565740526,0.6433254798724803,11.180000000000001,False,False,10.914952183119942
993,helmsto01,Tommy Helms,5333.0,9.0,-0.6663228741362692,-0.6782041038283794,-0.654441644444159,-0.22523325976551722,0.31634538748028174,-0.6894279655272609,-1.3132535331112893,-0.5366954689947412,0.3584320692958978,8.26,False,False,10.275954811470344
994,fuentti01,Tito Fuentes,6073.0,11.0,-0.6810076579979462,-0.8081339326899171,-0.5538813833059753,-0.2079354703171163,0.21411405440054387,-0.6037724853962764,-1.0811771471562124,-0.24452691471724308,0.20766232584474498,11.75,False,False,12.306124262058272
995,seguida01,David Segui,5449.0,12.0,-0.6876542328703427,-0.8568351732330732,-0.5184732925076121,-0.2777157901717488,0.42367380675141086,-0.3962369006655545,-0.14946007097882177,-0.5510767274403074,-1.0794659107779638,10.44,False,False,10.993026082459057
996,lopezal01,Al Lopez,6607.0,16.0,-0.6896873730842773,-1.1535274371208142,-0.22584730904774042,-0.2977505593001247,-0.6976836491258894,-0.8030674273829377,-0.1838905484486334,-0.23741720405422356,0.9730276945140457,16.34,False,False,13.163993340904437
997,belljo02,Josh Bell,5149.0,9.0,-0.7018697960997762,-0.5205325391219112,-0.883207053077641,-0.22578743153695327,0.030009041931940324,0.10063971657123114,0.574181143094448,-0.6172549484259643,-1.303373392773765,9.709999999999999,False,False,11.565792900970578
998,leonaje01,Jeffrey Leonard,5476.0,11.0,-0.717219502981717,-0.9477758638738767,-0.48666314208955724,-0.3227832641723972,-0.17797278433465996,-0.03697444279564923,-0.8133321464892086,0.16216144309648037,-0.9659101284701578,9.88,False,False,11.299369164549134
999,alomasa01,Sandy Alomar,5160.0,8.0,-0.7184172980787094,-0.4126289654207952,-1.0242056307366236,-0.23118912903877442,-0.404548751358261,-1.1757650247521354,-0.797077712182782,1.5081776310431478,0.8589750595415394,10.530000000000001,False,False,9.978932641606821
1000,scottev01,Everett Scott,6373.0,11.0,-0.7527783346950263,-0.9484084982778668,-0.5571481711121858,-0.24330356749999396,-0.7182431720690118,-0.5883728591248186,-1.339560549819123,-0.8332089694734441,1.8297909689370593,17.09,False,False,12.302924952461424
1001,jamiech01,Charlie Jamieson,7488.0,13.0,-0.7778535235799621,-1.1821928800185961,-0.37351416714132796,-0.30792726855921715,0.09637811433066393,-0.8407465041631791,0.5209411516303595,-0.3049862209118595,-0.5310612234065631,23.28,False,False,14.66518137677362
1002,stovage01,George Stovall,5596.0,11.0,-0.7901293034378405,-0.9330485810256326,-0.6472100258500484,-0.32437827259862023,-0.0915949411104184,-0.35081096227342184,-1.4262259342388786,-0.5292357592973256,0.01944833885076142,12.83,False,False,11.402422464246971
1003,karroer01,Eric Karros,7100.0,12.0,-0.7942344823314895,-0.9459427221227493,-0.6425262425402298,-0.29648254580133204,-0.29060278710663534,0.14561145291758903,-0.6765670490739993,-0.2872262970300001,-0.783029054671091,10.41,False,False,15.118401153940535
1004,cabelen01,Enos Cabell,6304.0,12.0,-0.79669026583181,-1.100136545933096,-0.4932439857305241,-0.32602573110490707,0.2926202977288172,-0.8470942575498358,-1.4932674671011679,0.8571875986355044,-0.4803777815601752,11.3,False,False,12.958359478546722
1005,myershy01,Hi Myers,5316.0,10.0,-0.7985213656263923,-0.9180973931096,-0.6789453381431847,-0.3372714819497381,-0.03517626592843147,-0.14514256213810978,-1.493665255778445,-0.48184323481780605,-0.42812492235075356,7.949999999999999,False,False,10.863430968038497
1006,brinked01,Ed Brinkman,6640.0,12.0,-0.8208414147421177,-0.9744274517643541,-0.6672553777198813,-0.28436252892581715,-0.9665859325800309,-0.6537231229048522,-0.5549646501471309,-0.7031782573239166,1.637722392333762,13.19,False,False,13.546633289021575
1007,rojasco01,Cookie Rojas,6871.0,12.0,-0.8353511307194873,-1.0154520476505309,-0.6552502137884437,-0.29223297296035017,0.1695142826729792,-0.6764072470185538,-0.7959859962619569,-0.30586574216835566,-0.14989954906823252,9.28,False,False,13.541746586807367
1008,rodriau01,Aurelio Rodriguez,7078.0,14.0,-0.8381305983813038,-1.3254045489419333,-0.3508566478206743,-0.3490931194027831,-0.8156415115725844,-0.3448622292629809,-1.3572912899544436,-0.46349919705928655,0.9056852577462973,15.09,False,False,14.61714247016964
1009,morenom01,Omar Moreno,5481.0,9.0,-0.8383541587134646,-0.7119050274878109,-0.9648032899391183,-0.25295523404812403,-0.6902313309191705,-0.9633553838009888,-0.5593910451024129,2.614769320882512,0.1879147639495694,9.58,False,False,11.057845873144231
1010,richabo01,Bobby Richardson,5783.0,9.0,-0.8399814098935523,-0.7324525510774,-0.9475102687097045,-0.2581137957806239,0.1463730830391658,-0.904683209751137,-1.173151426048019,0.11963785643410976,0.373652995971792,8.129999999999999,False,False,11.682863160513982
1011,bellgu01,Gus Bell,7073.0,13.0,-0.8402977936690122,-1.066265276224289,-0.6143303111137355,-0.29653496790581607,0.16738487313711775,0.12909395593270628,-0.9446117426724665,-0.5621904489656969,-1.1739919873147346,15.6,False,False,14.696350855008578
1012,suhrgu01,Gus Suhr,5989.0,10.0,-0.8451937251360863,-0.7443253299542956,-0.946062120317877,-0.22978217397930495,-0.46023117514306255,0.021971127912636588,0.8049029358933407,-0.2083868752367142,-0.789778829379199,22.26,False,False,12.426350564150843
1013,escobal02,Alcides Escobar,6182.0,10.0,-0.8540019953612876,-0.9825224944541796,-0.7254814962683958,-0.311740017686127,-0.1003538627364597,-1.0801567440831639,-1.1959913104635362,0.5402877453287472,0.5399176043661947,10.150000000000002,False,False,12.740723092446437
1014,knabeot01,Otto Knabe,5255.0,10.0,-0.8575807307935903,-0.8227464127615016,-0.8924150488256791,-0.2827874355611582,-0.5574502808917084,-0.4277072021511599,0.2487630194331618,-0.5029782629917445,0.19090666853780267,9.51,False,False,10.773672276501932
1015,francje02,Jeff Francoeur,5660.0,11.0,-0.8973152610007469,-1.1661140827085579,-0.6285164392929359,-0.40120964077922705,-0.22266612409449787,-0.1569310224809203,-1.1910186045225992,-0.5843759992854716,-0.5489551821289725,6.67,False,False,12.047679784585261
1016,flackma01,Max Flack,5905.0,12.0,-0.9074403463969541,-1.002669725890572,-0.8122109669033364,-0.3239802156351025,-0.2193242458705929,-0.41985794052782893,-0.07850371889407631,0.22395384584948244,-0.7338528620555828,12.37,False,False,12.549245722804995
1017,morelke01,Keith Moreland,5082.0,9.0,-0.9235730375367867,-0.8982908513872047,-0.9488552236863687,-0.3020386556601468,0.3082891609252255,-0.23509633253946363,-0.2549970375496866,-0.7144180470168279,-1.1352749785961191,3.5100000000000002,False,False,10.609726793922569
1018,dayco01,Connie Day,2611.0,9.0,-0.9493171201518041,-0.7544408085019259,-1.1441934318016824,-0.47646431422980245,-1.5825060766951307,-0.5606025186750911,-0.5397019201651313,-0.2718609256387243,1.2381227448082475,1.7399999999999998,True,True,9.00111182272183
1019,encarju01,Juan Encarnacion,5095.0,9.0,-0.9688855193623007,-0.8400497356827153,-1.0977213030418862,-0.27355903024343386,-0.2701897931840666,-0.11458744492526397,-1.0451978580050136,0.2750091530275008,-0.40553494156441683,8.65,False,False,10.201511981475615
1020,harribu01,Bucky Harris,5556.0,9.0,-0.9794278273960061,-0.7930193569593649,-1.1658362978326473,-0.2197183372486608,-0.497040971859298,-0.5628915522417851,0.10072387080766824,0.5341453302283582,0.17387249939030713,16.24,False,False,10.984198854659343
1021,duganjo01,Joe Dugan,5879.0,11.0,-0.9862564828110629,-0.9578304975018188,-1.014682468120307,-0.2807383692490146,-0.17396583968138876,-0.24716664582656023,-1.1453539684420189,-0.8358335209589256,0.21860062671732255,9.92,False,False,11.373595465360014
1022,stanlmi01,Mickey Stanley,5477.0,11.0,-0.9968514031680877,-1.0574296338179276,-0.9362731725182478,-0.33896325473713573,-0.6460842820058501,-0.15252418017818203,-0.6190766682498003,-0.5152007403195747,0.07023512387505708,17.31,False,False,10.790022816164438
1023,ramirra01,Rafael Ramirez,5887.0,10.0,-1.0087227640352012,-0.9184829961891822,-1.0989625318812204,-0.28248595486334066,-0.019458227770549005,-0.6788593705454145,-1.0746570556455628,-0.0873681911429662,0.21605924655150646,6.04,False,False,11.675464811625044
1024,unserde01,Del Unser,5813.0,11.0,-1.0231622334523194,-1.2129136054614933,-0.8334108614431452,-0.3661132932405025,-0.3051471498932787,-0.6509077543610845,-0.29454752330856904,-0.39533612078810854,-0.051542287772628696,16.75,False,False,11.487702022853183
1025,loneyja01,James Loney,5486.0,10.0,-1.0580201407150849,-0.9307740159747818,-1.185266265455388,-0.3056456857621455,0.5514966958512199,-0.8848664916490919,-0.714063362793755,-0.23884413566492144,-0.5517199858845809,11.44,False,False,11.638816356849329
1026,griffal01,Alfredo Griffin,7330.0,13.0,-1.0691377135264801,-1.3682930145679033,-0.7699824124850569,-0.33680264528712445,-0.44275119870418256,-0.8886500390406784,-1.0754112200455572,0.19357253037028252,0.7540079750193065,2.97,False,False,15.208948880612704
1027,foliti01,Tim Foli,6573.0,13.0,-1.0723751786496298,-1.261269475346599,-0.8834808819526607,-0.3015627464244868,-0.34328295626282357,-0.9252955826093032,-1.2386351049490112,-0.353470288265551,1.1911067727930373,5.72,False,False,13.335108955004447
1028,vizcajo01,Jose Vizcaino,5918.0,14.0,-1.0853455622103398,-1.2442520882361217,-0.9264390361845578,-0.3370738906184183,-0.01820522827460461,-1.0455347669672839,-0.6190613100183668,-0.3848328365725333,0.4121876130661905,7.01,False,False,12.041156929179902
1029,cooledu01,Duff Cooley,5854.0,12.0,-1.0904077565260433,-1.2231290153288774,-0.9576864977232091,-0.33369405099579197,-0.06236755366121842,-0.2666669505848421,-0.524309176758472,-0.3442233794853901,-0.7406522204879381,15.129999999999999,False,False,11.987164920280499
1030,sewellu01,Luke Sewell,6041.0,14.0,-1.091931959479866,-1.444746931434815,-0.739116987524917,-0.38046355287082556,-0.9111070792532474,-0.7031466846709667,-0.22936289589392125,-0.05457071043702074,0.6610296846976643,4.58,False,False,11.434347540804957
1031,lawtoma02,Matt Lawton,5570.0,10.0,-1.1191341641613777,-0.952329663713475,-1.2859386646092803,-0.2840341716796177,-0.346362463484347,-0.37884501711054036,0.8049837113273423,0.5441651432112669,-1.006934064775062,15.14,False,False,11.290777963029248
1032,kraneed01,Ed Kranepool,5997.0,14.0,-1.1275672042475726,-1.5851997327953764,-0.6699346756997691,-0.4192171366701455,0.0020700442162329977,-0.4652371819587805,-0.48170037927874987,-0.5737505518013486,-0.8736095111968564,4.17,False,False,11.779700207763955
1033,fordho01,Horace Ford,5385.0,11.0,-1.1386018434303917,-1.143688152987688,-1.1335155338730956,-0.3407890801512776,-0.7487656747782228,-0.692635331380217,-0.5112577168074507,-0.9121799250113769,1.169874929390685,10.68,False,False,10.484388963293698
1034,shankho01,Howie Shanks,6414.0,13.0,-1.1495186446061711,-1.459295138399114,-0.8397421508132286,-0.4057681263852216,-0.7152876405711414,-0.3588522057877584,-0.5340530336615252,-0.05625645305479641,-0.12247611902959729,9.729999999999999,False,False,12.892954595621891
1035,radfopa01,Paul Radford,5822.0,12.0,-1.1508234957356835,-1.304415234572243,-0.997231756899124,-0.4210303324244449,-0.7756892268605595,-0.8253153244051188,1.4297806694137565,0.30802935207827253,-0.4768732947226457,12.15,False,False,12.591981859856133
1036,heganji01,Jim Hegan,5318.0,12.0,-1.1678685798921644,-1.1472530132155587,-1.1884841465687703,-0.3915814561291946,-1.2474725170717387,-0.3196436358144984,-0.414241195678521,-0.4642651204594423,0.8320201067523643,4.52,False,False,10.055757567401203
1037,virdobi01,Bill Virdon,6522.0,11.0,-1.1695369301519585,-1.3955011705815392,-0.943572689722378,-0.3252987271235648,-0.17120615425544802,-0.7706054249818879,-0.7605025460192691,-0.3631733419118978,0.34806167720376346,19.54,False,False,13.8994192370184
1038,collish01,Shano Collins,7036.0,14.0,-1.181686122668783,-1.6827467421170945,-0.6806255032204714,-0.37620842506654684,-0.5470367487891461,-0.007409053671659503,-1.1716765086510004,-0.03813637022352765,-0.4444669822042617,9.74,False,False,14.15958822321237
1039,wanerll01,Lloyd Waner,8326.0,15.0,-1.1885825963633463,-1.6171890246441707,-0.7599761680825218,-0.30824412021958075,0.5698922996583589,-0.9934504825855481,-1.0960741309163928,-0.5221572955707885,-0.09676761346352865,29.669999999999998,False,False,16.932741746526357
1040,guilljo01,Jose Guillen,6414.0,13.0,-1.1930754468861808,-1.588121557093706,-0.7980293366786555,-0.4677629151446478,-0.12994304570499604,0.00880377817886291,-1.256619775887305,-0.8013431601420768,-1.1281242064193482,6.34,False,False,13.123144177514348
1041,graneja01,Jack Graney,5576.0,10.0,-1.2104584676904548,-1.073076004735002,-1.3478409306459074,-0.32264235745395636,-0.7185750820108306,-0.019849878629476157,1.3137409220257206,-0.5743887291248765,-0.875250442759744,12.93,False,False,11.013331864478259
1042,sheelea01,Earl Sheely,5263.0,8.0,-1.2132253814749043,-0.9819157287983041,-1.4445350341515044,-0.2934652876114016,-0.035404434243911,-0.577780643741014,0.6870881899291393,-0.6941911139551149,-0.5439973590666328,20.02,False,False,10.205977041460251
1043,lockmwh01,Whitey Lockman,6590.0,10.0,-1.2306910840185095,-1.170392726648763,-1.2909894413882559,-0.33257733670294937,0.11549284340905519,-0.6453089841916337,-0.5399759081648055,-0.1841140859364346,-0.506117475290259,19.53,False,False,12.76574675498549
1044,hallmbi01,Bill Hallman,6637.0,13.0,-1.263480263170041,-1.7294605955859792,-0.7974999307541029,-0.4148441015919039,-0.3042419197279945,-0.5271401012245125,-0.6595270539080845,-0.6516099026746194,-0.1715789982394071,6.529999999999999,False,False,13.646387473892917
1045,thomade01,Derrel Thomas,5268.0,12.0,-1.275171022601013,-1.353161982100057,-1.197180063101969,-0.4019293016138782,-0.5841647569201976,-0.6790960077879754,-0.03831789146994956,0.21894434595048964,-0.20506858824740173,6.47,False,False,10.542758873588099
1046,slaglji01,Jimmy Slagle,5779.0,10.0,-1.2897286043899658,-1.2910738398220483,-1.2883833689578836,-0.362199020786808,-0.3097817246918309,-1.1341900805878486,1.0374979445851165,0.4058628110196337,-0.36671777381689563,15.81,False,False,12.076326878373791
1047,griffto01,Tommy Griffith,5451.0,11.0,-1.2975750243457016,-1.4610407131095609,-1.1341093355818423,-0.431455012018044,-0.132224887432326,-0.10192026988051994,-0.5931359749331624,-0.8570414353496958,-1.0809686189795216,6.9,False,False,11.346666631772628
1048,phillda01,Dave Philley,7000.0,13.0,-1.4261693924544854,-1.739542972233807,-1.1127958126751638,-0.4013694891172533,-0.2066078025655325,-0.7666110533404498,-0.5062765735695858,0.46922495078891613,-0.5284933503369585,7.91,False,False,13.823703901002673
1049,brodist01,Steve Brodie,6342.0,12.0,-1.4336413307011395,-1.5237347083340667,-1.3435479530682122,-0.3603913690477924,0.13739407202678705,-0.6885135225092267,-0.6984576263999218,-0.3284969126218638,-0.4618004000044102,19.45,False,False,13.192087124473328
1050,spencji01,Jim Spencer,5409.0,12.0,-1.4498539045086023,-1.33992944820849,-1.5597783608087146,-0.4692137164823229,-0.46850260780726927,-0.1512154234582918,-0.5405728895363185,-0.5812074720590622,-0.8556013547155824,2.77,False,False,11.025112392075155
1051,wambsbi01,Bill Wambsganss,6097.0,11.0,-1.4668977485423,-1.646182929838093,-1.2876125672465069,-0.4205167566003302,-0.5236241888476595,-0.6430925417448935,0.03837722593681834,-0.11005829692580776,-0.31666815161832707,3.71,False,False,11.946198912585803
1052,mcbrige01,George McBride,6235.0,11.0,-1.468677717210443,-1.4626167626725273,-1.474738671748359,-0.37147394920568755,-1.137327402999939,-0.9717355487133432,-0.36871977265759176,-0.7280946756282212,1.8546319056843918,21.18,False,False,12.57083248908178
1053,montawi01,Willie Montanez,6407.0,10.0,-1.4811961664888493,-1.42428276286908,-1.5381095701086187,-0.34336614341106075,0.1847824813730551,-0.15433678558843045,-0.5866289396248421,-0.5120983728628453,-1.213135604488397,1.6199999999999999,False,False,12.773070908949617
1054,manniri01,Rick Manning,5832.0,12.0,-1.5096433796488613,-1.7281539121064353,-1.2911328471912875,-0.4545381147044806,-0.47786866313257725,-0.98411610493238,-0.2532615986457465,0.14662898017970452,-0.026397112191946095,11.75,False,False,12.41550178244838
1055,finnelo01,Lou Finney,5033.0,12.0,-1.5160440361705008,-1.689544091097661,-1.3425439812433404,-0.5105391089134753,-0.07214953621280473,-0.6351482084176294,-0.867333343014647,-0.3204158114190546,-0.8978743504048738,3.23,False,False,9.721341949969002
1056,elybo01,Bones Ely,5584.0,10.0,-1.5231272170606893,-1.2707444502436596,-1.775509983877719,-0.3913379244693089,-0.789738442025698,-0.7504846489298846,-1.0338603829588082,-0.7376410259927806,1.2393957185626239,6.930000000000001,False,False,11.059425825943327
1057,moorejo02,Jo-Jo Moore,5848.0,10.0,-1.5448813444126697,-1.3145256578194822,-1.7752370310058574,-0.35443682612356897,0.15253710792726421,-0.4565122489037009,-0.8629493433289903,-0.40513792182795144,-0.6821777865747186,18.93,False,False,12.204571625280321
1058,olsoniv01,Ivy Olson,6630.0,13.0,-1.6743963339551637,-1.7977144249481816,-1.551078242962146,-0.40869530727830744,-0.4343767113749372,-0.7138283444123867,-1.1866046549053952,-0.28950456396542257,0.4168856567248577,6.14,False,False,14.090426273923413
1059,gerbewa01,Wally Gerber,5816.0,10.0,-1.734432606285844,-1.4926138744427773,-1.9762513381289106,-0.4258932493178934,-0.725688133522252,-0.82728751044836,0.05995328087787545,-0.8323518172611319,0.5861964875580788,4.31,False,False,10.535665597854155
1060,hartzro01,Roy Hartzell,5221.0,10.0,-1.7625169472637219,-1.515443745843998,-2.0095901486834458,-0.45450175693387185,-0.39490488505896726,-0.8612481999634246,0.09408483104908932,-0.1743513826391487,-0.34814588134074176,13.18,False,False,11.039619991226797
1061,durocle01,Leo Durocher,5827.0,12.0,-1.7864397003029553,-1.8805708301842587,-1.6923085704216516,-0.5051676657013588,-1.1594905550066454,-0.8145112932799079,-0.7009486931233486,-0.6177359801735083,1.0945067805714643,4.0,False,False,11.677019209572173
1062,grimmch01,Charlie Grimm,8745.0,15.0,-1.8340313539288609,-2.268254918687039,-1.3998077891706826,-0.42176175083172807,-0.18838576478993485,-0.4324318391181206,-0.5431973162735606,-0.6639074691499746,-0.5740299555847898,12.52,False,False,17.593223932891075
1063,quinnjo02,Joe Quinn,7367.0,16.0,-1.911630026788956,-2.4476958900574717,-1.3755641635204405,-0.5339087751712165,-0.517160046056814,-0.8208091217749767,-0.9624504408176264,-0.34301752091277254,0.011747431727909652,4.79,False,False,15.455800950523535
1064,cramedo01,Doc Cramer,9933.0,16.0,-1.9846809549021915,-2.664461930596387,-1.3048999792079963,-0.4306000200085678,0.3016739152138416,-0.9113959397480922,-1.0168664432045742,-0.5404757926582651,-0.4597459453100432,12.99,False,False,19.24640503636237
1065,donovpa01,Patsy Donovan,8172.0,15.0,-2.364213025080695,-2.7548567432397095,-1.9735693069216806,-0.5070288484490264,0.15950863276398672,-1.2329819506243038,-0.8695162317029148,0.6206279357142445,-0.800490117460321,19.38,False,False,16.90466178260301
